ISO-10303-21;
HEADER;
FILE_DESCRIPTION(('Open CASCADE Model'),'2;1');
FILE_NAME('Open CASCADE Shape Model','2026-10-07T13:27:49',('Author'),(
    'Open CASCADE'),'Open CASCADE STEP processor 7.8','Open CASCADE 7.8'
  ,'Unknown');
FILE_SCHEMA(('AUTOMOTIVE_DESIGN { 1 0 10303 214 1 1 1 1 }'));
ENDSEC;
DATA;
#1 = APPLICATION_PROTOCOL_DEFINITION('international standard',
  'automotive_design',2000,#2);
#2 = APPLICATION_CONTEXT(
  'core data for automotive mechanical design processes');
#3 = SHAPE_DEFINITION_REPRESENTATION(#4,#10);
#4 = PRODUCT_DEFINITION_SHAPE('','',#5);
#5 = PRODUCT_DEFINITION('design','',#6,#9);
#6 = PRODUCT_DEFINITION_FORMATION('','',#7);
#7 = PRODUCT('Open CASCADE STEP translator 7.8 2',
  'Open CASCADE STEP translator 7.8 2','',(#8));
#8 = PRODUCT_CONTEXT('',#2,'mechanical');
#9 = PRODUCT_DEFINITION_CONTEXT('part definition',#2,'design');
#10 = SHAPE_REPRESENTATION('',(#11,#15,#19,#23),#27);
#11 = AXIS2_PLACEMENT_3D('',#12,#13,#14);
#12 = CARTESIAN_POINT('',(0.,0.,0.));
#13 = DIRECTION('',(0.,0.,1.));
#14 = DIRECTION('',(1.,0.,-0.));
#15 = AXIS2_PLACEMENT_3D('',#16,#17,#18);
#16 = CARTESIAN_POINT('',(0.,0.,0.));
#17 = DIRECTION('',(0.,0.,1.));
#18 = DIRECTION('',(1.,0.,-0.));
#19 = AXIS2_PLACEMENT_3D('',#20,#21,#22);
#20 = CARTESIAN_POINT('',(0.,0.,0.));
#21 = DIRECTION('',(0.,0.,1.));
#22 = DIRECTION('',(1.,0.,-0.));
#23 = AXIS2_PLACEMENT_3D('',#24,#25,#26);
#24 = CARTESIAN_POINT('',(0.,0.,0.));
#25 = DIRECTION('',(0.,0.,1.));
#26 = DIRECTION('',(1.,0.,-0.));
#27 = ( GEOMETRIC_REPRESENTATION_CONTEXT(3) 
GLOBAL_UNCERTAINTY_ASSIGNED_CONTEXT((#31)) GLOBAL_UNIT_ASSIGNED_CONTEXT(
(#28,#29,#30)) REPRESENTATION_CONTEXT('Context #1',
  '3D Context with UNIT and UNCERTAINTY') );
#28 = ( LENGTH_UNIT() NAMED_UNIT(*) SI_UNIT(.MILLI.,.METRE.) );
#29 = ( NAMED_UNIT(*) PLANE_ANGLE_UNIT() SI_UNIT($,.RADIAN.) );
#30 = ( NAMED_UNIT(*) SI_UNIT($,.STERADIAN.) SOLID_ANGLE_UNIT() );
#31 = UNCERTAINTY_MEASURE_WITH_UNIT(LENGTH_MEASURE(1.E-07),#28,
  'distance_accuracy_value','confusion accuracy');
#32 = PRODUCT_RELATED_PRODUCT_CATEGORY('part',$,(#7));
#33 = SHAPE_DEFINITION_REPRESENTATION(#34,#40);
#34 = PRODUCT_DEFINITION_SHAPE('','',#35);
#35 = PRODUCT_DEFINITION('design','',#36,#39);
#36 = PRODUCT_DEFINITION_FORMATION('','',#37);
#37 = PRODUCT('Open CASCADE STEP translator 7.8 2.1',
  'Open CASCADE STEP translator 7.8 2.1','',(#38));
#38 = PRODUCT_CONTEXT('',#2,'mechanical');
#39 = PRODUCT_DEFINITION_CONTEXT('part definition',#2,'design');
#40 = ADVANCED_BREP_SHAPE_REPRESENTATION('',(#11,#41),#13661);
#41 = MANIFOLD_SOLID_BREP('',#42);
#42 = CLOSED_SHELL('',(#43,#163,#239,#5103,#5152,#5257,#5264,#5291,#5318
    ,#5345,#5421,#5470,#5519,#5546,#5622,#5671,#5720,#5769,#5818,#5867,
    #5916,#5965,#6014,#6063,#6112,#6161,#6210,#6259,#6308,#6357,#6406,
    #6455,#6504,#6553,#6602,#6651,#6700,#6749,#6798,#6847,#6896,#6945,
    #6972,#7048,#7097,#7146,#7195,#7244,#7293,#7342,#7391,#7440,#7489,
    #7538,#7587,#7636,#7685,#7734,#7783,#7832,#7881,#7930,#7979,#8006,
    #8082,#8131,#8180,#8207,#8283,#8332,#8381,#8430,#8479,#8528,#8577,
    #8626,#8675,#8724,#8773,#8822,#8871,#8920,#8969,#9018,#9067,#9116,
    #9165,#9214,#9263,#9312,#9361,#9410,#9459,#9508,#9557,#9606,#9633,
    #9709,#9758,#9807,#9856,#9905,#9954,#10003,#10052,#10101,#10150,
    #10199,#10248,#10297,#10346,#10395,#10444,#10493,#10542,#10591,
    #10640,#10689,#10738,#10787,#10836,#10885,#10934,#10983,#11032,
    #11059,#11135,#11184,#11233,#11260,#11336,#11385,#11434,#11483,
    #11532,#11581,#11630,#11679,#11728,#11777,#11826,#11875,#11924,
    #11973,#12022,#12071,#12120,#12169,#12218,#12267,#12316,#12365,
    #12414,#12463,#12512,#12561,#12610,#12659,#12686,#12762,#12811,
    #12860,#12909,#12958,#13007,#13056,#13105,#13154,#13203,#13230,
    #13237,#13269,#13293,#13300,#13332,#13364,#13371,#13403,#13503,
    #13579,#13628,#13655));
#43 = ADVANCED_FACE('',(#44),#58,.F.);
#44 = FACE_BOUND('',#45,.F.);
#45 = EDGE_LOOP('',(#46,#81,#109,#137));
#46 = ORIENTED_EDGE('',*,*,#47,.F.);
#47 = EDGE_CURVE('',#48,#50,#52,.T.);
#48 = VERTEX_POINT('',#49);
#49 = CARTESIAN_POINT('',(-20.,-7.5,0.));
#50 = VERTEX_POINT('',#51);
#51 = CARTESIAN_POINT('',(-20.,-7.5,6.));
#52 = SURFACE_CURVE('',#53,(#57,#69),.PCURVE_S1.);
#53 = LINE('',#54,#55);
#54 = CARTESIAN_POINT('',(-20.,-7.5,0.));
#55 = VECTOR('',#56,1.);
#56 = DIRECTION('',(0.,0.,1.));
#57 = PCURVE('',#58,#63);
#58 = PLANE('',#59);
#59 = AXIS2_PLACEMENT_3D('',#60,#61,#62);
#60 = CARTESIAN_POINT('',(-20.,-7.5,0.));
#61 = DIRECTION('',(1.,0.,0.));
#62 = DIRECTION('',(0.,0.,1.));
#63 = DEFINITIONAL_REPRESENTATION('',(#64),#68);
#64 = LINE('',#65,#66);
#65 = CARTESIAN_POINT('',(0.,0.));
#66 = VECTOR('',#67,1.);
#67 = DIRECTION('',(1.,0.));
#68 = ( GEOMETRIC_REPRESENTATION_CONTEXT(2) 
PARAMETRIC_REPRESENTATION_CONTEXT() REPRESENTATION_CONTEXT('2D SPACE',''
  ) );
#69 = PCURVE('',#70,#75);
#70 = PLANE('',#71);
#71 = AXIS2_PLACEMENT_3D('',#72,#73,#74);
#72 = CARTESIAN_POINT('',(-20.,-7.5,0.));
#73 = DIRECTION('',(0.,1.,0.));
#74 = DIRECTION('',(0.,0.,1.));
#75 = DEFINITIONAL_REPRESENTATION('',(#76),#80);
#76 = LINE('',#77,#78);
#77 = CARTESIAN_POINT('',(0.,0.));
#78 = VECTOR('',#79,1.);
#79 = DIRECTION('',(1.,0.));
#80 = ( GEOMETRIC_REPRESENTATION_CONTEXT(2) 
PARAMETRIC_REPRESENTATION_CONTEXT() REPRESENTATION_CONTEXT('2D SPACE',''
  ) );
#81 = ORIENTED_EDGE('',*,*,#82,.T.);
#82 = EDGE_CURVE('',#48,#83,#85,.T.);
#83 = VERTEX_POINT('',#84);
#84 = CARTESIAN_POINT('',(-20.,7.5,0.));
#85 = SURFACE_CURVE('',#86,(#90,#97),.PCURVE_S1.);
#86 = LINE('',#87,#88);
#87 = CARTESIAN_POINT('',(-20.,-7.5,0.));
#88 = VECTOR('',#89,1.);
#89 = DIRECTION('',(0.,1.,0.));
#90 = PCURVE('',#58,#91);
#91 = DEFINITIONAL_REPRESENTATION('',(#92),#96);
#92 = LINE('',#93,#94);
#93 = CARTESIAN_POINT('',(0.,0.));
#94 = VECTOR('',#95,1.);
#95 = DIRECTION('',(0.,-1.));
#96 = ( GEOMETRIC_REPRESENTATION_CONTEXT(2) 
PARAMETRIC_REPRESENTATION_CONTEXT() REPRESENTATION_CONTEXT('2D SPACE',''
  ) );
#97 = PCURVE('',#98,#103);
#98 = PLANE('',#99);
#99 = AXIS2_PLACEMENT_3D('',#100,#101,#102);
#100 = CARTESIAN_POINT('',(-20.,-7.5,0.));
#101 = DIRECTION('',(0.,0.,1.));
#102 = DIRECTION('',(1.,0.,0.));
#103 = DEFINITIONAL_REPRESENTATION('',(#104),#108);
#104 = LINE('',#105,#106);
#105 = CARTESIAN_POINT('',(0.,0.));
#106 = VECTOR('',#107,1.);
#107 = DIRECTION('',(0.,1.));
#108 = ( GEOMETRIC_REPRESENTATION_CONTEXT(2) 
PARAMETRIC_REPRESENTATION_CONTEXT() REPRESENTATION_CONTEXT('2D SPACE',''
  ) );
#109 = ORIENTED_EDGE('',*,*,#110,.T.);
#110 = EDGE_CURVE('',#83,#111,#113,.T.);
#111 = VERTEX_POINT('',#112);
#112 = CARTESIAN_POINT('',(-20.,7.5,6.));
#113 = SURFACE_CURVE('',#114,(#118,#125),.PCURVE_S1.);
#114 = LINE('',#115,#116);
#115 = CARTESIAN_POINT('',(-20.,7.5,0.));
#116 = VECTOR('',#117,1.);
#117 = DIRECTION('',(0.,0.,1.));
#118 = PCURVE('',#58,#119);
#119 = DEFINITIONAL_REPRESENTATION('',(#120),#124);
#120 = LINE('',#121,#122);
#121 = CARTESIAN_POINT('',(0.,-15.));
#122 = VECTOR('',#123,1.);
#123 = DIRECTION('',(1.,0.));
#124 = ( GEOMETRIC_REPRESENTATION_CONTEXT(2) 
PARAMETRIC_REPRESENTATION_CONTEXT() REPRESENTATION_CONTEXT('2D SPACE',''
  ) );
#125 = PCURVE('',#126,#131);
#126 = PLANE('',#127);
#127 = AXIS2_PLACEMENT_3D('',#128,#129,#130);
#128 = CARTESIAN_POINT('',(-20.,7.5,0.));
#129 = DIRECTION('',(0.,1.,0.));
#130 = DIRECTION('',(0.,0.,1.));
#131 = DEFINITIONAL_REPRESENTATION('',(#132),#136);
#132 = LINE('',#133,#134);
#133 = CARTESIAN_POINT('',(0.,0.));
#134 = VECTOR('',#135,1.);
#135 = DIRECTION('',(1.,0.));
#136 = ( GEOMETRIC_REPRESENTATION_CONTEXT(2) 
PARAMETRIC_REPRESENTATION_CONTEXT() REPRESENTATION_CONTEXT('2D SPACE',''
  ) );
#137 = ORIENTED_EDGE('',*,*,#138,.F.);
#138 = EDGE_CURVE('',#50,#111,#139,.T.);
#139 = SURFACE_CURVE('',#140,(#144,#151),.PCURVE_S1.);
#140 = LINE('',#141,#142);
#141 = CARTESIAN_POINT('',(-20.,-7.5,6.));
#142 = VECTOR('',#143,1.);
#143 = DIRECTION('',(0.,1.,0.));
#144 = PCURVE('',#58,#145);
#145 = DEFINITIONAL_REPRESENTATION('',(#146),#150);
#146 = LINE('',#147,#148);
#147 = CARTESIAN_POINT('',(6.,0.));
#148 = VECTOR('',#149,1.);
#149 = DIRECTION('',(0.,-1.));
#150 = ( GEOMETRIC_REPRESENTATION_CONTEXT(2) 
PARAMETRIC_REPRESENTATION_CONTEXT() REPRESENTATION_CONTEXT('2D SPACE',''
  ) );
#151 = PCURVE('',#152,#157);
#152 = PLANE('',#153);
#153 = AXIS2_PLACEMENT_3D('',#154,#155,#156);
#154 = CARTESIAN_POINT('',(-20.,-7.5,6.));
#155 = DIRECTION('',(0.,0.,1.));
#156 = DIRECTION('',(1.,0.,0.));
#157 = DEFINITIONAL_REPRESENTATION('',(#158),#162);
#158 = LINE('',#159,#160);
#159 = CARTESIAN_POINT('',(0.,0.));
#160 = VECTOR('',#161,1.);
#161 = DIRECTION('',(0.,1.));
#162 = ( GEOMETRIC_REPRESENTATION_CONTEXT(2) 
PARAMETRIC_REPRESENTATION_CONTEXT() REPRESENTATION_CONTEXT('2D SPACE',''
  ) );
#163 = ADVANCED_FACE('',(#164),#70,.F.);
#164 = FACE_BOUND('',#165,.F.);
#165 = EDGE_LOOP('',(#166,#189,#190,#213));
#166 = ORIENTED_EDGE('',*,*,#167,.F.);
#167 = EDGE_CURVE('',#48,#168,#170,.T.);
#168 = VERTEX_POINT('',#169);
#169 = CARTESIAN_POINT('',(20.,-7.5,0.));
#170 = SURFACE_CURVE('',#171,(#175,#182),.PCURVE_S1.);
#171 = LINE('',#172,#173);
#172 = CARTESIAN_POINT('',(-20.,-7.5,0.));
#173 = VECTOR('',#174,1.);
#174 = DIRECTION('',(1.,0.,0.));
#175 = PCURVE('',#70,#176);
#176 = DEFINITIONAL_REPRESENTATION('',(#177),#181);
#177 = LINE('',#178,#179);
#178 = CARTESIAN_POINT('',(0.,0.));
#179 = VECTOR('',#180,1.);
#180 = DIRECTION('',(0.,1.));
#181 = ( GEOMETRIC_REPRESENTATION_CONTEXT(2) 
PARAMETRIC_REPRESENTATION_CONTEXT() REPRESENTATION_CONTEXT('2D SPACE',''
  ) );
#182 = PCURVE('',#98,#183);
#183 = DEFINITIONAL_REPRESENTATION('',(#184),#188);
#184 = LINE('',#185,#186);
#185 = CARTESIAN_POINT('',(0.,0.));
#186 = VECTOR('',#187,1.);
#187 = DIRECTION('',(1.,0.));
#188 = ( GEOMETRIC_REPRESENTATION_CONTEXT(2) 
PARAMETRIC_REPRESENTATION_CONTEXT() REPRESENTATION_CONTEXT('2D SPACE',''
  ) );
#189 = ORIENTED_EDGE('',*,*,#47,.T.);
#190 = ORIENTED_EDGE('',*,*,#191,.T.);
#191 = EDGE_CURVE('',#50,#192,#194,.T.);
#192 = VERTEX_POINT('',#193);
#193 = CARTESIAN_POINT('',(20.,-7.5,6.));
#194 = SURFACE_CURVE('',#195,(#199,#206),.PCURVE_S1.);
#195 = LINE('',#196,#197);
#196 = CARTESIAN_POINT('',(-20.,-7.5,6.));
#197 = VECTOR('',#198,1.);
#198 = DIRECTION('',(1.,0.,0.));
#199 = PCURVE('',#70,#200);
#200 = DEFINITIONAL_REPRESENTATION('',(#201),#205);
#201 = LINE('',#202,#203);
#202 = CARTESIAN_POINT('',(6.,0.));
#203 = VECTOR('',#204,1.);
#204 = DIRECTION('',(0.,1.));
#205 = ( GEOMETRIC_REPRESENTATION_CONTEXT(2) 
PARAMETRIC_REPRESENTATION_CONTEXT() REPRESENTATION_CONTEXT('2D SPACE',''
  ) );
#206 = PCURVE('',#152,#207);
#207 = DEFINITIONAL_REPRESENTATION('',(#208),#212);
#208 = LINE('',#209,#210);
#209 = CARTESIAN_POINT('',(0.,0.));
#210 = VECTOR('',#211,1.);
#211 = DIRECTION('',(1.,0.));
#212 = ( GEOMETRIC_REPRESENTATION_CONTEXT(2) 
PARAMETRIC_REPRESENTATION_CONTEXT() REPRESENTATION_CONTEXT('2D SPACE',''
  ) );
#213 = ORIENTED_EDGE('',*,*,#214,.F.);
#214 = EDGE_CURVE('',#168,#192,#215,.T.);
#215 = SURFACE_CURVE('',#216,(#220,#227),.PCURVE_S1.);
#216 = LINE('',#217,#218);
#217 = CARTESIAN_POINT('',(20.,-7.5,0.));
#218 = VECTOR('',#219,1.);
#219 = DIRECTION('',(0.,0.,1.));
#220 = PCURVE('',#70,#221);
#221 = DEFINITIONAL_REPRESENTATION('',(#222),#226);
#222 = LINE('',#223,#224);
#223 = CARTESIAN_POINT('',(0.,40.));
#224 = VECTOR('',#225,1.);
#225 = DIRECTION('',(1.,0.));
#226 = ( GEOMETRIC_REPRESENTATION_CONTEXT(2) 
PARAMETRIC_REPRESENTATION_CONTEXT() REPRESENTATION_CONTEXT('2D SPACE',''
  ) );
#227 = PCURVE('',#228,#233);
#228 = PLANE('',#229);
#229 = AXIS2_PLACEMENT_3D('',#230,#231,#232);
#230 = CARTESIAN_POINT('',(20.,-7.5,0.));
#231 = DIRECTION('',(1.,0.,0.));
#232 = DIRECTION('',(0.,0.,1.));
#233 = DEFINITIONAL_REPRESENTATION('',(#234),#238);
#234 = LINE('',#235,#236);
#235 = CARTESIAN_POINT('',(0.,0.));
#236 = VECTOR('',#237,1.);
#237 = DIRECTION('',(1.,0.));
#238 = ( GEOMETRIC_REPRESENTATION_CONTEXT(2) 
PARAMETRIC_REPRESENTATION_CONTEXT() REPRESENTATION_CONTEXT('2D SPACE',''
  ) );
#239 = ADVANCED_FACE('',(#240,#288,#319,#350,#381,#495,#1357,#1979,#2093
    ,#2955,#3817,#3931,#4793),#152,.T.);
#240 = FACE_BOUND('',#241,.T.);
#241 = EDGE_LOOP('',(#242,#243,#244,#267));
#242 = ORIENTED_EDGE('',*,*,#138,.F.);
#243 = ORIENTED_EDGE('',*,*,#191,.T.);
#244 = ORIENTED_EDGE('',*,*,#245,.T.);
#245 = EDGE_CURVE('',#192,#246,#248,.T.);
#246 = VERTEX_POINT('',#247);
#247 = CARTESIAN_POINT('',(20.,7.5,6.));
#248 = SURFACE_CURVE('',#249,(#253,#260),.PCURVE_S1.);
#249 = LINE('',#250,#251);
#250 = CARTESIAN_POINT('',(20.,-7.5,6.));
#251 = VECTOR('',#252,1.);
#252 = DIRECTION('',(0.,1.,0.));
#253 = PCURVE('',#152,#254);
#254 = DEFINITIONAL_REPRESENTATION('',(#255),#259);
#255 = LINE('',#256,#257);
#256 = CARTESIAN_POINT('',(40.,0.));
#257 = VECTOR('',#258,1.);
#258 = DIRECTION('',(0.,1.));
#259 = ( GEOMETRIC_REPRESENTATION_CONTEXT(2) 
PARAMETRIC_REPRESENTATION_CONTEXT() REPRESENTATION_CONTEXT('2D SPACE',''
  ) );
#260 = PCURVE('',#228,#261);
#261 = DEFINITIONAL_REPRESENTATION('',(#262),#266);
#262 = LINE('',#263,#264);
#263 = CARTESIAN_POINT('',(6.,0.));
#264 = VECTOR('',#265,1.);
#265 = DIRECTION('',(0.,-1.));
#266 = ( GEOMETRIC_REPRESENTATION_CONTEXT(2) 
PARAMETRIC_REPRESENTATION_CONTEXT() REPRESENTATION_CONTEXT('2D SPACE',''
  ) );
#267 = ORIENTED_EDGE('',*,*,#268,.F.);
#268 = EDGE_CURVE('',#111,#246,#269,.T.);
#269 = SURFACE_CURVE('',#270,(#274,#281),.PCURVE_S1.);
#270 = LINE('',#271,#272);
#271 = CARTESIAN_POINT('',(-20.,7.5,6.));
#272 = VECTOR('',#273,1.);
#273 = DIRECTION('',(1.,0.,0.));
#274 = PCURVE('',#152,#275);
#275 = DEFINITIONAL_REPRESENTATION('',(#276),#280);
#276 = LINE('',#277,#278);
#277 = CARTESIAN_POINT('',(0.,15.));
#278 = VECTOR('',#279,1.);
#279 = DIRECTION('',(1.,0.));
#280 = ( GEOMETRIC_REPRESENTATION_CONTEXT(2) 
PARAMETRIC_REPRESENTATION_CONTEXT() REPRESENTATION_CONTEXT('2D SPACE',''
  ) );
#281 = PCURVE('',#126,#282);
#282 = DEFINITIONAL_REPRESENTATION('',(#283),#287);
#283 = LINE('',#284,#285);
#284 = CARTESIAN_POINT('',(6.,0.));
#285 = VECTOR('',#286,1.);
#286 = DIRECTION('',(0.,1.));
#287 = ( GEOMETRIC_REPRESENTATION_CONTEXT(2) 
PARAMETRIC_REPRESENTATION_CONTEXT() REPRESENTATION_CONTEXT('2D SPACE',''
  ) );
#288 = FACE_BOUND('',#289,.T.);
#289 = EDGE_LOOP('',(#290));
#290 = ORIENTED_EDGE('',*,*,#291,.F.);
#291 = EDGE_CURVE('',#292,#292,#294,.T.);
#292 = VERTEX_POINT('',#293);
#293 = CARTESIAN_POINT('',(-10.4,-3.918869757272E-16,6.));
#294 = SURFACE_CURVE('',#295,(#300,#307),.PCURVE_S1.);
#295 = CIRCLE('',#296,1.6);
#296 = AXIS2_PLACEMENT_3D('',#297,#298,#299);
#297 = CARTESIAN_POINT('',(-12.,0.,6.));
#298 = DIRECTION('',(0.,0.,1.));
#299 = DIRECTION('',(1.,0.,-0.));
#300 = PCURVE('',#152,#301);
#301 = DEFINITIONAL_REPRESENTATION('',(#302),#306);
#302 = CIRCLE('',#303,1.6);
#303 = AXIS2_PLACEMENT_2D('',#304,#305);
#304 = CARTESIAN_POINT('',(8.,7.5));
#305 = DIRECTION('',(1.,0.));
#306 = ( GEOMETRIC_REPRESENTATION_CONTEXT(2) 
PARAMETRIC_REPRESENTATION_CONTEXT() REPRESENTATION_CONTEXT('2D SPACE',''
  ) );
#307 = PCURVE('',#308,#313);
#308 = CYLINDRICAL_SURFACE('',#309,1.6);
#309 = AXIS2_PLACEMENT_3D('',#310,#311,#312);
#310 = CARTESIAN_POINT('',(-12.,0.,0.));
#311 = DIRECTION('',(0.,0.,1.));
#312 = DIRECTION('',(1.,0.,-0.));
#313 = DEFINITIONAL_REPRESENTATION('',(#314),#318);
#314 = LINE('',#315,#316);
#315 = CARTESIAN_POINT('',(0.,6.));
#316 = VECTOR('',#317,1.);
#317 = DIRECTION('',(1.,0.));
#318 = ( GEOMETRIC_REPRESENTATION_CONTEXT(2) 
PARAMETRIC_REPRESENTATION_CONTEXT() REPRESENTATION_CONTEXT('2D SPACE',''
  ) );
#319 = FACE_BOUND('',#320,.T.);
#320 = EDGE_LOOP('',(#321));
#321 = ORIENTED_EDGE('',*,*,#322,.F.);
#322 = EDGE_CURVE('',#323,#323,#325,.T.);
#323 = VERTEX_POINT('',#324);
#324 = CARTESIAN_POINT('',(1.65,-4.041334437186E-16,6.));
#325 = SURFACE_CURVE('',#326,(#331,#338),.PCURVE_S1.);
#326 = CIRCLE('',#327,1.65);
#327 = AXIS2_PLACEMENT_3D('',#328,#329,#330);
#328 = CARTESIAN_POINT('',(0.,0.,6.));
#329 = DIRECTION('',(0.,0.,1.));
#330 = DIRECTION('',(1.,0.,-0.));
#331 = PCURVE('',#152,#332);
#332 = DEFINITIONAL_REPRESENTATION('',(#333),#337);
#333 = CIRCLE('',#334,1.65);
#334 = AXIS2_PLACEMENT_2D('',#335,#336);
#335 = CARTESIAN_POINT('',(20.,7.5));
#336 = DIRECTION('',(1.,0.));
#337 = ( GEOMETRIC_REPRESENTATION_CONTEXT(2) 
PARAMETRIC_REPRESENTATION_CONTEXT() REPRESENTATION_CONTEXT('2D SPACE',''
  ) );
#338 = PCURVE('',#339,#344);
#339 = CYLINDRICAL_SURFACE('',#340,1.65);
#340 = AXIS2_PLACEMENT_3D('',#341,#342,#343);
#341 = CARTESIAN_POINT('',(0.,0.,0.));
#342 = DIRECTION('',(0.,0.,1.));
#343 = DIRECTION('',(1.,0.,-0.));
#344 = DEFINITIONAL_REPRESENTATION('',(#345),#349);
#345 = LINE('',#346,#347);
#346 = CARTESIAN_POINT('',(0.,6.));
#347 = VECTOR('',#348,1.);
#348 = DIRECTION('',(1.,0.));
#349 = ( GEOMETRIC_REPRESENTATION_CONTEXT(2) 
PARAMETRIC_REPRESENTATION_CONTEXT() REPRESENTATION_CONTEXT('2D SPACE',''
  ) );
#350 = FACE_BOUND('',#351,.T.);
#351 = EDGE_LOOP('',(#352));
#352 = ORIENTED_EDGE('',*,*,#353,.F.);
#353 = EDGE_CURVE('',#354,#354,#356,.T.);
#354 = VERTEX_POINT('',#355);
#355 = CARTESIAN_POINT('',(13.7,-4.163799117101E-16,6.));
#356 = SURFACE_CURVE('',#357,(#362,#369),.PCURVE_S1.);
#357 = CIRCLE('',#358,1.7);
#358 = AXIS2_PLACEMENT_3D('',#359,#360,#361);
#359 = CARTESIAN_POINT('',(12.,0.,6.));
#360 = DIRECTION('',(0.,0.,1.));
#361 = DIRECTION('',(1.,0.,-0.));
#362 = PCURVE('',#152,#363);
#363 = DEFINITIONAL_REPRESENTATION('',(#364),#368);
#364 = CIRCLE('',#365,1.7);
#365 = AXIS2_PLACEMENT_2D('',#366,#367);
#366 = CARTESIAN_POINT('',(32.,7.5));
#367 = DIRECTION('',(1.,0.));
#368 = ( GEOMETRIC_REPRESENTATION_CONTEXT(2) 
PARAMETRIC_REPRESENTATION_CONTEXT() REPRESENTATION_CONTEXT('2D SPACE',''
  ) );
#369 = PCURVE('',#370,#375);
#370 = CYLINDRICAL_SURFACE('',#371,1.7);
#371 = AXIS2_PLACEMENT_3D('',#372,#373,#374);
#372 = CARTESIAN_POINT('',(12.,0.,0.));
#373 = DIRECTION('',(0.,0.,1.));
#374 = DIRECTION('',(1.,0.,-0.));
#375 = DEFINITIONAL_REPRESENTATION('',(#376),#380);
#376 = LINE('',#377,#378);
#377 = CARTESIAN_POINT('',(0.,6.));
#378 = VECTOR('',#379,1.);
#379 = DIRECTION('',(1.,0.));
#380 = ( GEOMETRIC_REPRESENTATION_CONTEXT(2) 
PARAMETRIC_REPRESENTATION_CONTEXT() REPRESENTATION_CONTEXT('2D SPACE',''
  ) );
#381 = FACE_BOUND('',#382,.T.);
#382 = EDGE_LOOP('',(#383,#413,#441,#469));
#383 = ORIENTED_EDGE('',*,*,#384,.T.);
#384 = EDGE_CURVE('',#385,#387,#389,.T.);
#385 = VERTEX_POINT('',#386);
#386 = CARTESIAN_POINT('',(-11.89794921875,3.3076171875,6.));
#387 = VERTEX_POINT('',#388);
#388 = CARTESIAN_POINT('',(-12.10400390625,3.3076171875,6.));
#389 = SURFACE_CURVE('',#390,(#394,#401),.PCURVE_S1.);
#390 = LINE('',#391,#392);
#391 = CARTESIAN_POINT('',(-11.89794921875,3.3076171875,6.));
#392 = VECTOR('',#393,1.);
#393 = DIRECTION('',(-1.,0.,0.));
#394 = PCURVE('',#152,#395);
#395 = DEFINITIONAL_REPRESENTATION('',(#396),#400);
#396 = LINE('',#397,#398);
#397 = CARTESIAN_POINT('',(8.10205078125,10.8076171875));
#398 = VECTOR('',#399,1.);
#399 = DIRECTION('',(-1.,0.));
#400 = ( GEOMETRIC_REPRESENTATION_CONTEXT(2) 
PARAMETRIC_REPRESENTATION_CONTEXT() REPRESENTATION_CONTEXT('2D SPACE',''
  ) );
#401 = PCURVE('',#402,#407);
#402 = PLANE('',#403);
#403 = AXIS2_PLACEMENT_3D('',#404,#405,#406);
#404 = CARTESIAN_POINT('',(-11.89794921875,3.3076171875,6.));
#405 = DIRECTION('',(0.,-1.,0.));
#406 = DIRECTION('',(-1.,0.,0.));
#407 = DEFINITIONAL_REPRESENTATION('',(#408),#412);
#408 = LINE('',#409,#410);
#409 = CARTESIAN_POINT('',(0.,-0.));
#410 = VECTOR('',#411,1.);
#411 = DIRECTION('',(1.,0.));
#412 = ( GEOMETRIC_REPRESENTATION_CONTEXT(2) 
PARAMETRIC_REPRESENTATION_CONTEXT() REPRESENTATION_CONTEXT('2D SPACE',''
  ) );
#413 = ORIENTED_EDGE('',*,*,#414,.T.);
#414 = EDGE_CURVE('',#387,#415,#417,.T.);
#415 = VERTEX_POINT('',#416);
#416 = CARTESIAN_POINT('',(-12.10400390625,3.5556640625,6.));
#417 = SURFACE_CURVE('',#418,(#422,#429),.PCURVE_S1.);
#418 = LINE('',#419,#420);
#419 = CARTESIAN_POINT('',(-12.10400390625,3.3076171875,6.));
#420 = VECTOR('',#421,1.);
#421 = DIRECTION('',(0.,1.,0.));
#422 = PCURVE('',#152,#423);
#423 = DEFINITIONAL_REPRESENTATION('',(#424),#428);
#424 = LINE('',#425,#426);
#425 = CARTESIAN_POINT('',(7.89599609375,10.8076171875));
#426 = VECTOR('',#427,1.);
#427 = DIRECTION('',(0.,1.));
#428 = ( GEOMETRIC_REPRESENTATION_CONTEXT(2) 
PARAMETRIC_REPRESENTATION_CONTEXT() REPRESENTATION_CONTEXT('2D SPACE',''
  ) );
#429 = PCURVE('',#430,#435);
#430 = PLANE('',#431);
#431 = AXIS2_PLACEMENT_3D('',#432,#433,#434);
#432 = CARTESIAN_POINT('',(-12.10400390625,3.3076171875,6.));
#433 = DIRECTION('',(-1.,0.,0.));
#434 = DIRECTION('',(0.,1.,0.));
#435 = DEFINITIONAL_REPRESENTATION('',(#436),#440);
#436 = LINE('',#437,#438);
#437 = CARTESIAN_POINT('',(0.,0.));
#438 = VECTOR('',#439,1.);
#439 = DIRECTION('',(1.,0.));
#440 = ( GEOMETRIC_REPRESENTATION_CONTEXT(2) 
PARAMETRIC_REPRESENTATION_CONTEXT() REPRESENTATION_CONTEXT('2D SPACE',''
  ) );
#441 = ORIENTED_EDGE('',*,*,#442,.T.);
#442 = EDGE_CURVE('',#415,#443,#445,.T.);
#443 = VERTEX_POINT('',#444);
#444 = CARTESIAN_POINT('',(-11.89794921875,3.5556640625,6.));
#445 = SURFACE_CURVE('',#446,(#450,#457),.PCURVE_S1.);
#446 = LINE('',#447,#448);
#447 = CARTESIAN_POINT('',(-12.10400390625,3.5556640625,6.));
#448 = VECTOR('',#449,1.);
#449 = DIRECTION('',(1.,0.,0.));
#450 = PCURVE('',#152,#451);
#451 = DEFINITIONAL_REPRESENTATION('',(#452),#456);
#452 = LINE('',#453,#454);
#453 = CARTESIAN_POINT('',(7.89599609375,11.0556640625));
#454 = VECTOR('',#455,1.);
#455 = DIRECTION('',(1.,0.));
#456 = ( GEOMETRIC_REPRESENTATION_CONTEXT(2) 
PARAMETRIC_REPRESENTATION_CONTEXT() REPRESENTATION_CONTEXT('2D SPACE',''
  ) );
#457 = PCURVE('',#458,#463);
#458 = PLANE('',#459);
#459 = AXIS2_PLACEMENT_3D('',#460,#461,#462);
#460 = CARTESIAN_POINT('',(-12.10400390625,3.5556640625,6.));
#461 = DIRECTION('',(0.,1.,0.));
#462 = DIRECTION('',(1.,0.,0.));
#463 = DEFINITIONAL_REPRESENTATION('',(#464),#468);
#464 = LINE('',#465,#466);
#465 = CARTESIAN_POINT('',(0.,0.));
#466 = VECTOR('',#467,1.);
#467 = DIRECTION('',(1.,0.));
#468 = ( GEOMETRIC_REPRESENTATION_CONTEXT(2) 
PARAMETRIC_REPRESENTATION_CONTEXT() REPRESENTATION_CONTEXT('2D SPACE',''
  ) );
#469 = ORIENTED_EDGE('',*,*,#470,.T.);
#470 = EDGE_CURVE('',#443,#385,#471,.T.);
#471 = SURFACE_CURVE('',#472,(#476,#483),.PCURVE_S1.);
#472 = LINE('',#473,#474);
#473 = CARTESIAN_POINT('',(-11.89794921875,3.5556640625,6.));
#474 = VECTOR('',#475,1.);
#475 = DIRECTION('',(0.,-1.,0.));
#476 = PCURVE('',#152,#477);
#477 = DEFINITIONAL_REPRESENTATION('',(#478),#482);
#478 = LINE('',#479,#480);
#479 = CARTESIAN_POINT('',(8.10205078125,11.0556640625));
#480 = VECTOR('',#481,1.);
#481 = DIRECTION('',(0.,-1.));
#482 = ( GEOMETRIC_REPRESENTATION_CONTEXT(2) 
PARAMETRIC_REPRESENTATION_CONTEXT() REPRESENTATION_CONTEXT('2D SPACE',''
  ) );
#483 = PCURVE('',#484,#489);
#484 = PLANE('',#485);
#485 = AXIS2_PLACEMENT_3D('',#486,#487,#488);
#486 = CARTESIAN_POINT('',(-11.89794921875,3.5556640625,6.));
#487 = DIRECTION('',(1.,0.,0.));
#488 = DIRECTION('',(0.,-1.,0.));
#489 = DEFINITIONAL_REPRESENTATION('',(#490),#494);
#490 = LINE('',#491,#492);
#491 = CARTESIAN_POINT('',(0.,0.));
#492 = VECTOR('',#493,1.);
#493 = DIRECTION('',(1.,0.));
#494 = ( GEOMETRIC_REPRESENTATION_CONTEXT(2) 
PARAMETRIC_REPRESENTATION_CONTEXT() REPRESENTATION_CONTEXT('2D SPACE',''
  ) );
#495 = FACE_BOUND('',#496,.T.);
#496 = EDGE_LOOP('',(#497,#529,#559,#589,#619,#649,#679,#709,#737,#767,
    #797,#827,#857,#887,#917,#945,#973,#1001,#1031,#1061,#1091,#1121,
    #1151,#1181,#1209,#1239,#1269,#1299,#1329));
#497 = ORIENTED_EDGE('',*,*,#498,.T.);
#498 = EDGE_CURVE('',#499,#501,#503,.T.);
#499 = VERTEX_POINT('',#500);
#500 = CARTESIAN_POINT('',(-12.58154296875,4.20947265625,6.));
#501 = VERTEX_POINT('',#502);
#502 = CARTESIAN_POINT('',(-12.77880859375,4.09375,6.));
#503 = SURFACE_CURVE('',#504,(#508,#515),.PCURVE_S1.);
#504 = B_SPLINE_CURVE_WITH_KNOTS('',2,(#505,#506,#507),.UNSPECIFIED.,.F.
  ,.F.,(3,3),(0.,1.),.PIECEWISE_BEZIER_KNOTS.);
#505 = CARTESIAN_POINT('',(-12.58154296875,4.20947265625,6.));
#506 = CARTESIAN_POINT('',(-12.65087890625,4.1259765625,6.));
#507 = CARTESIAN_POINT('',(-12.77880859375,4.09375,6.));
#508 = PCURVE('',#152,#509);
#509 = DEFINITIONAL_REPRESENTATION('',(#510),#514);
#510 = B_SPLINE_CURVE_WITH_KNOTS('',2,(#511,#512,#513),.UNSPECIFIED.,.F.
  ,.F.,(3,3),(0.,1.),.PIECEWISE_BEZIER_KNOTS.);
#511 = CARTESIAN_POINT('',(7.41845703125,11.70947265625));
#512 = CARTESIAN_POINT('',(7.34912109375,11.6259765625));
#513 = CARTESIAN_POINT('',(7.22119140625,11.59375));
#514 = ( GEOMETRIC_REPRESENTATION_CONTEXT(2) 
PARAMETRIC_REPRESENTATION_CONTEXT() REPRESENTATION_CONTEXT('2D SPACE',''
  ) );
#515 = PCURVE('',#516,#523);
#516 = SURFACE_OF_LINEAR_EXTRUSION('',#517,#521);
#517 = B_SPLINE_CURVE_WITH_KNOTS('',2,(#518,#519,#520),.UNSPECIFIED.,.F.
  ,.F.,(3,3),(0.,1.),.PIECEWISE_BEZIER_KNOTS.);
#518 = CARTESIAN_POINT('',(-12.58154296875,4.20947265625,6.));
#519 = CARTESIAN_POINT('',(-12.65087890625,4.1259765625,6.));
#520 = CARTESIAN_POINT('',(-12.77880859375,4.09375,6.));
#521 = VECTOR('',#522,1.);
#522 = DIRECTION('',(-0.,-0.,-1.));
#523 = DEFINITIONAL_REPRESENTATION('',(#524),#528);
#524 = LINE('',#525,#526);
#525 = CARTESIAN_POINT('',(0.,0.));
#526 = VECTOR('',#527,1.);
#527 = DIRECTION('',(1.,0.));
#528 = ( GEOMETRIC_REPRESENTATION_CONTEXT(2) 
PARAMETRIC_REPRESENTATION_CONTEXT() REPRESENTATION_CONTEXT('2D SPACE',''
  ) );
#529 = ORIENTED_EDGE('',*,*,#530,.T.);
#530 = EDGE_CURVE('',#501,#531,#533,.T.);
#531 = VERTEX_POINT('',#532);
#532 = CARTESIAN_POINT('',(-12.5576171875,3.9677734375,6.));
#533 = SURFACE_CURVE('',#534,(#538,#545),.PCURVE_S1.);
#534 = B_SPLINE_CURVE_WITH_KNOTS('',2,(#535,#536,#537),.UNSPECIFIED.,.F.
  ,.F.,(3,3),(0.,1.),.PIECEWISE_BEZIER_KNOTS.);
#535 = CARTESIAN_POINT('',(-12.77880859375,4.09375,6.));
#536 = CARTESIAN_POINT('',(-12.63720703125,4.0634765625,6.));
#537 = CARTESIAN_POINT('',(-12.5576171875,3.9677734375,6.));
#538 = PCURVE('',#152,#539);
#539 = DEFINITIONAL_REPRESENTATION('',(#540),#544);
#540 = B_SPLINE_CURVE_WITH_KNOTS('',2,(#541,#542,#543),.UNSPECIFIED.,.F.
  ,.F.,(3,3),(0.,1.),.PIECEWISE_BEZIER_KNOTS.);
#541 = CARTESIAN_POINT('',(7.22119140625,11.59375));
#542 = CARTESIAN_POINT('',(7.36279296875,11.5634765625));
#543 = CARTESIAN_POINT('',(7.4423828125,11.4677734375));
#544 = ( GEOMETRIC_REPRESENTATION_CONTEXT(2) 
PARAMETRIC_REPRESENTATION_CONTEXT() REPRESENTATION_CONTEXT('2D SPACE',''
  ) );
#545 = PCURVE('',#546,#553);
#546 = SURFACE_OF_LINEAR_EXTRUSION('',#547,#551);
#547 = B_SPLINE_CURVE_WITH_KNOTS('',2,(#548,#549,#550),.UNSPECIFIED.,.F.
  ,.F.,(3,3),(0.,1.),.PIECEWISE_BEZIER_KNOTS.);
#548 = CARTESIAN_POINT('',(-12.77880859375,4.09375,6.));
#549 = CARTESIAN_POINT('',(-12.63720703125,4.0634765625,6.));
#550 = CARTESIAN_POINT('',(-12.5576171875,3.9677734375,6.));
#551 = VECTOR('',#552,1.);
#552 = DIRECTION('',(-0.,-0.,-1.));
#553 = DEFINITIONAL_REPRESENTATION('',(#554),#558);
#554 = LINE('',#555,#556);
#555 = CARTESIAN_POINT('',(0.,0.));
#556 = VECTOR('',#557,1.);
#557 = DIRECTION('',(1.,0.));
#558 = ( GEOMETRIC_REPRESENTATION_CONTEXT(2) 
PARAMETRIC_REPRESENTATION_CONTEXT() REPRESENTATION_CONTEXT('2D SPACE',''
  ) );
#559 = ORIENTED_EDGE('',*,*,#560,.T.);
#560 = EDGE_CURVE('',#531,#561,#563,.T.);
#561 = VERTEX_POINT('',#562);
#562 = CARTESIAN_POINT('',(-12.47802734375,3.7314453125,6.));
#563 = SURFACE_CURVE('',#564,(#568,#575),.PCURVE_S1.);
#564 = B_SPLINE_CURVE_WITH_KNOTS('',2,(#565,#566,#567),.UNSPECIFIED.,.F.
  ,.F.,(3,3),(0.,1.),.PIECEWISE_BEZIER_KNOTS.);
#565 = CARTESIAN_POINT('',(-12.5576171875,3.9677734375,6.));
#566 = CARTESIAN_POINT('',(-12.47802734375,3.8720703125,6.));
#567 = CARTESIAN_POINT('',(-12.47802734375,3.7314453125,6.));
#568 = PCURVE('',#152,#569);
#569 = DEFINITIONAL_REPRESENTATION('',(#570),#574);
#570 = B_SPLINE_CURVE_WITH_KNOTS('',2,(#571,#572,#573),.UNSPECIFIED.,.F.
  ,.F.,(3,3),(0.,1.),.PIECEWISE_BEZIER_KNOTS.);
#571 = CARTESIAN_POINT('',(7.4423828125,11.4677734375));
#572 = CARTESIAN_POINT('',(7.52197265625,11.3720703125));
#573 = CARTESIAN_POINT('',(7.52197265625,11.2314453125));
#574 = ( GEOMETRIC_REPRESENTATION_CONTEXT(2) 
PARAMETRIC_REPRESENTATION_CONTEXT() REPRESENTATION_CONTEXT('2D SPACE',''
  ) );
#575 = PCURVE('',#576,#583);
#576 = SURFACE_OF_LINEAR_EXTRUSION('',#577,#581);
#577 = B_SPLINE_CURVE_WITH_KNOTS('',2,(#578,#579,#580),.UNSPECIFIED.,.F.
  ,.F.,(3,3),(0.,1.),.PIECEWISE_BEZIER_KNOTS.);
#578 = CARTESIAN_POINT('',(-12.5576171875,3.9677734375,6.));
#579 = CARTESIAN_POINT('',(-12.47802734375,3.8720703125,6.));
#580 = CARTESIAN_POINT('',(-12.47802734375,3.7314453125,6.));
#581 = VECTOR('',#582,1.);
#582 = DIRECTION('',(-0.,-0.,-1.));
#583 = DEFINITIONAL_REPRESENTATION('',(#584),#588);
#584 = LINE('',#585,#586);
#585 = CARTESIAN_POINT('',(0.,0.));
#586 = VECTOR('',#587,1.);
#587 = DIRECTION('',(1.,0.));
#588 = ( GEOMETRIC_REPRESENTATION_CONTEXT(2) 
PARAMETRIC_REPRESENTATION_CONTEXT() REPRESENTATION_CONTEXT('2D SPACE',''
  ) );
#589 = ORIENTED_EDGE('',*,*,#590,.T.);
#590 = EDGE_CURVE('',#561,#591,#593,.T.);
#591 = VERTEX_POINT('',#592);
#592 = CARTESIAN_POINT('',(-12.62646484375,3.3974609375,6.));
#593 = SURFACE_CURVE('',#594,(#598,#605),.PCURVE_S1.);
#594 = B_SPLINE_CURVE_WITH_KNOTS('',2,(#595,#596,#597),.UNSPECIFIED.,.F.
  ,.F.,(3,3),(0.,1.),.PIECEWISE_BEZIER_KNOTS.);
#595 = CARTESIAN_POINT('',(-12.47802734375,3.7314453125,6.));
#596 = CARTESIAN_POINT('',(-12.47802734375,3.515625,6.));
#597 = CARTESIAN_POINT('',(-12.62646484375,3.3974609375,6.));
#598 = PCURVE('',#152,#599);
#599 = DEFINITIONAL_REPRESENTATION('',(#600),#604);
#600 = B_SPLINE_CURVE_WITH_KNOTS('',2,(#601,#602,#603),.UNSPECIFIED.,.F.
  ,.F.,(3,3),(0.,1.),.PIECEWISE_BEZIER_KNOTS.);
#601 = CARTESIAN_POINT('',(7.52197265625,11.2314453125));
#602 = CARTESIAN_POINT('',(7.52197265625,11.015625));
#603 = CARTESIAN_POINT('',(7.37353515625,10.8974609375));
#604 = ( GEOMETRIC_REPRESENTATION_CONTEXT(2) 
PARAMETRIC_REPRESENTATION_CONTEXT() REPRESENTATION_CONTEXT('2D SPACE',''
  ) );
#605 = PCURVE('',#606,#613);
#606 = SURFACE_OF_LINEAR_EXTRUSION('',#607,#611);
#607 = B_SPLINE_CURVE_WITH_KNOTS('',2,(#608,#609,#610),.UNSPECIFIED.,.F.
  ,.F.,(3,3),(0.,1.),.PIECEWISE_BEZIER_KNOTS.);
#608 = CARTESIAN_POINT('',(-12.47802734375,3.7314453125,6.));
#609 = CARTESIAN_POINT('',(-12.47802734375,3.515625,6.));
#610 = CARTESIAN_POINT('',(-12.62646484375,3.3974609375,6.));
#611 = VECTOR('',#612,1.);
#612 = DIRECTION('',(-0.,-0.,-1.));
#613 = DEFINITIONAL_REPRESENTATION('',(#614),#618);
#614 = LINE('',#615,#616);
#615 = CARTESIAN_POINT('',(0.,0.));
#616 = VECTOR('',#617,1.);
#617 = DIRECTION('',(1.,0.));
#618 = ( GEOMETRIC_REPRESENTATION_CONTEXT(2) 
PARAMETRIC_REPRESENTATION_CONTEXT() REPRESENTATION_CONTEXT('2D SPACE',''
  ) );
#619 = ORIENTED_EDGE('',*,*,#620,.T.);
#620 = EDGE_CURVE('',#591,#621,#623,.T.);
#621 = VERTEX_POINT('',#622);
#622 = CARTESIAN_POINT('',(-13.04833984375,3.279296875,6.));
#623 = SURFACE_CURVE('',#624,(#628,#635),.PCURVE_S1.);
#624 = B_SPLINE_CURVE_WITH_KNOTS('',2,(#625,#626,#627),.UNSPECIFIED.,.F.
  ,.F.,(3,3),(0.,1.),.PIECEWISE_BEZIER_KNOTS.);
#625 = CARTESIAN_POINT('',(-12.62646484375,3.3974609375,6.));
#626 = CARTESIAN_POINT('',(-12.77490234375,3.279296875,6.));
#627 = CARTESIAN_POINT('',(-13.04833984375,3.279296875,6.));
#628 = PCURVE('',#152,#629);
#629 = DEFINITIONAL_REPRESENTATION('',(#630),#634);
#630 = B_SPLINE_CURVE_WITH_KNOTS('',2,(#631,#632,#633),.UNSPECIFIED.,.F.
  ,.F.,(3,3),(0.,1.),.PIECEWISE_BEZIER_KNOTS.);
#631 = CARTESIAN_POINT('',(7.37353515625,10.8974609375));
#632 = CARTESIAN_POINT('',(7.22509765625,10.779296875));
#633 = CARTESIAN_POINT('',(6.95166015625,10.779296875));
#634 = ( GEOMETRIC_REPRESENTATION_CONTEXT(2) 
PARAMETRIC_REPRESENTATION_CONTEXT() REPRESENTATION_CONTEXT('2D SPACE',''
  ) );
#635 = PCURVE('',#636,#643);
#636 = SURFACE_OF_LINEAR_EXTRUSION('',#637,#641);
#637 = B_SPLINE_CURVE_WITH_KNOTS('',2,(#638,#639,#640),.UNSPECIFIED.,.F.
  ,.F.,(3,3),(0.,1.),.PIECEWISE_BEZIER_KNOTS.);
#638 = CARTESIAN_POINT('',(-12.62646484375,3.3974609375,6.));
#639 = CARTESIAN_POINT('',(-12.77490234375,3.279296875,6.));
#640 = CARTESIAN_POINT('',(-13.04833984375,3.279296875,6.));
#641 = VECTOR('',#642,1.);
#642 = DIRECTION('',(-0.,-0.,-1.));
#643 = DEFINITIONAL_REPRESENTATION('',(#644),#648);
#644 = LINE('',#645,#646);
#645 = CARTESIAN_POINT('',(0.,0.));
#646 = VECTOR('',#647,1.);
#647 = DIRECTION('',(1.,0.));
#648 = ( GEOMETRIC_REPRESENTATION_CONTEXT(2) 
PARAMETRIC_REPRESENTATION_CONTEXT() REPRESENTATION_CONTEXT('2D SPACE',''
  ) );
#649 = ORIENTED_EDGE('',*,*,#650,.T.);
#650 = EDGE_CURVE('',#621,#651,#653,.T.);
#651 = VERTEX_POINT('',#652);
#652 = CARTESIAN_POINT('',(-13.2373046875,3.29736328125,6.));
#653 = SURFACE_CURVE('',#654,(#658,#665),.PCURVE_S1.);
#654 = B_SPLINE_CURVE_WITH_KNOTS('',2,(#655,#656,#657),.UNSPECIFIED.,.F.
  ,.F.,(3,3),(0.,1.),.PIECEWISE_BEZIER_KNOTS.);
#655 = CARTESIAN_POINT('',(-13.04833984375,3.279296875,6.));
#656 = CARTESIAN_POINT('',(-13.14013671875,3.279296875,6.));
#657 = CARTESIAN_POINT('',(-13.2373046875,3.29736328125,6.));
#658 = PCURVE('',#152,#659);
#659 = DEFINITIONAL_REPRESENTATION('',(#660),#664);
#660 = B_SPLINE_CURVE_WITH_KNOTS('',2,(#661,#662,#663),.UNSPECIFIED.,.F.
  ,.F.,(3,3),(0.,1.),.PIECEWISE_BEZIER_KNOTS.);
#661 = CARTESIAN_POINT('',(6.95166015625,10.779296875));
#662 = CARTESIAN_POINT('',(6.85986328125,10.779296875));
#663 = CARTESIAN_POINT('',(6.7626953125,10.79736328125));
#664 = ( GEOMETRIC_REPRESENTATION_CONTEXT(2) 
PARAMETRIC_REPRESENTATION_CONTEXT() REPRESENTATION_CONTEXT('2D SPACE',''
  ) );
#665 = PCURVE('',#666,#673);
#666 = SURFACE_OF_LINEAR_EXTRUSION('',#667,#671);
#667 = B_SPLINE_CURVE_WITH_KNOTS('',2,(#668,#669,#670),.UNSPECIFIED.,.F.
  ,.F.,(3,3),(0.,1.),.PIECEWISE_BEZIER_KNOTS.);
#668 = CARTESIAN_POINT('',(-13.04833984375,3.279296875,6.));
#669 = CARTESIAN_POINT('',(-13.14013671875,3.279296875,6.));
#670 = CARTESIAN_POINT('',(-13.2373046875,3.29736328125,6.));
#671 = VECTOR('',#672,1.);
#672 = DIRECTION('',(-0.,-0.,-1.));
#673 = DEFINITIONAL_REPRESENTATION('',(#674),#678);
#674 = LINE('',#675,#676);
#675 = CARTESIAN_POINT('',(0.,0.));
#676 = VECTOR('',#677,1.);
#677 = DIRECTION('',(1.,0.));
#678 = ( GEOMETRIC_REPRESENTATION_CONTEXT(2) 
PARAMETRIC_REPRESENTATION_CONTEXT() REPRESENTATION_CONTEXT('2D SPACE',''
  ) );
#679 = ORIENTED_EDGE('',*,*,#680,.T.);
#680 = EDGE_CURVE('',#651,#681,#683,.T.);
#681 = VERTEX_POINT('',#682);
#682 = CARTESIAN_POINT('',(-13.43798828125,3.3515625,6.));
#683 = SURFACE_CURVE('',#684,(#688,#695),.PCURVE_S1.);
#684 = B_SPLINE_CURVE_WITH_KNOTS('',2,(#685,#686,#687),.UNSPECIFIED.,.F.
  ,.F.,(3,3),(0.,1.),.PIECEWISE_BEZIER_KNOTS.);
#685 = CARTESIAN_POINT('',(-13.2373046875,3.29736328125,6.));
#686 = CARTESIAN_POINT('',(-13.33447265625,3.3154296875,6.));
#687 = CARTESIAN_POINT('',(-13.43798828125,3.3515625,6.));
#688 = PCURVE('',#152,#689);
#689 = DEFINITIONAL_REPRESENTATION('',(#690),#694);
#690 = B_SPLINE_CURVE_WITH_KNOTS('',2,(#691,#692,#693),.UNSPECIFIED.,.F.
  ,.F.,(3,3),(0.,1.),.PIECEWISE_BEZIER_KNOTS.);
#691 = CARTESIAN_POINT('',(6.7626953125,10.79736328125));
#692 = CARTESIAN_POINT('',(6.66552734375,10.8154296875));
#693 = CARTESIAN_POINT('',(6.56201171875,10.8515625));
#694 = ( GEOMETRIC_REPRESENTATION_CONTEXT(2) 
PARAMETRIC_REPRESENTATION_CONTEXT() REPRESENTATION_CONTEXT('2D SPACE',''
  ) );
#695 = PCURVE('',#696,#703);
#696 = SURFACE_OF_LINEAR_EXTRUSION('',#697,#701);
#697 = B_SPLINE_CURVE_WITH_KNOTS('',2,(#698,#699,#700),.UNSPECIFIED.,.F.
  ,.F.,(3,3),(0.,1.),.PIECEWISE_BEZIER_KNOTS.);
#698 = CARTESIAN_POINT('',(-13.2373046875,3.29736328125,6.));
#699 = CARTESIAN_POINT('',(-13.33447265625,3.3154296875,6.));
#700 = CARTESIAN_POINT('',(-13.43798828125,3.3515625,6.));
#701 = VECTOR('',#702,1.);
#702 = DIRECTION('',(-0.,-0.,-1.));
#703 = DEFINITIONAL_REPRESENTATION('',(#704),#708);
#704 = LINE('',#705,#706);
#705 = CARTESIAN_POINT('',(0.,0.));
#706 = VECTOR('',#707,1.);
#707 = DIRECTION('',(1.,0.));
#708 = ( GEOMETRIC_REPRESENTATION_CONTEXT(2) 
PARAMETRIC_REPRESENTATION_CONTEXT() REPRESENTATION_CONTEXT('2D SPACE',''
  ) );
#709 = ORIENTED_EDGE('',*,*,#710,.T.);
#710 = EDGE_CURVE('',#681,#711,#713,.T.);
#711 = VERTEX_POINT('',#712);
#712 = CARTESIAN_POINT('',(-13.43798828125,3.5419921875,6.));
#713 = SURFACE_CURVE('',#714,(#718,#725),.PCURVE_S1.);
#714 = LINE('',#715,#716);
#715 = CARTESIAN_POINT('',(-13.43798828125,3.3515625,6.));
#716 = VECTOR('',#717,1.);
#717 = DIRECTION('',(0.,1.,0.));
#718 = PCURVE('',#152,#719);
#719 = DEFINITIONAL_REPRESENTATION('',(#720),#724);
#720 = LINE('',#721,#722);
#721 = CARTESIAN_POINT('',(6.56201171875,10.8515625));
#722 = VECTOR('',#723,1.);
#723 = DIRECTION('',(0.,1.));
#724 = ( GEOMETRIC_REPRESENTATION_CONTEXT(2) 
PARAMETRIC_REPRESENTATION_CONTEXT() REPRESENTATION_CONTEXT('2D SPACE',''
  ) );
#725 = PCURVE('',#726,#731);
#726 = PLANE('',#727);
#727 = AXIS2_PLACEMENT_3D('',#728,#729,#730);
#728 = CARTESIAN_POINT('',(-13.43798828125,3.3515625,6.));
#729 = DIRECTION('',(-1.,0.,0.));
#730 = DIRECTION('',(0.,1.,0.));
#731 = DEFINITIONAL_REPRESENTATION('',(#732),#736);
#732 = LINE('',#733,#734);
#733 = CARTESIAN_POINT('',(0.,0.));
#734 = VECTOR('',#735,1.);
#735 = DIRECTION('',(1.,0.));
#736 = ( GEOMETRIC_REPRESENTATION_CONTEXT(2) 
PARAMETRIC_REPRESENTATION_CONTEXT() REPRESENTATION_CONTEXT('2D SPACE',''
  ) );
#737 = ORIENTED_EDGE('',*,*,#738,.T.);
#738 = EDGE_CURVE('',#711,#739,#741,.T.);
#739 = VERTEX_POINT('',#740);
#740 = CARTESIAN_POINT('',(-13.25830078125,3.4697265625,6.));
#741 = SURFACE_CURVE('',#742,(#746,#753),.PCURVE_S1.);
#742 = B_SPLINE_CURVE_WITH_KNOTS('',2,(#743,#744,#745),.UNSPECIFIED.,.F.
  ,.F.,(3,3),(0.,1.),.PIECEWISE_BEZIER_KNOTS.);
#743 = CARTESIAN_POINT('',(-13.43798828125,3.5419921875,6.));
#744 = CARTESIAN_POINT('',(-13.35595703125,3.494140625,6.));
#745 = CARTESIAN_POINT('',(-13.25830078125,3.4697265625,6.));
#746 = PCURVE('',#152,#747);
#747 = DEFINITIONAL_REPRESENTATION('',(#748),#752);
#748 = B_SPLINE_CURVE_WITH_KNOTS('',2,(#749,#750,#751),.UNSPECIFIED.,.F.
  ,.F.,(3,3),(0.,1.),.PIECEWISE_BEZIER_KNOTS.);
#749 = CARTESIAN_POINT('',(6.56201171875,11.0419921875));
#750 = CARTESIAN_POINT('',(6.64404296875,10.994140625));
#751 = CARTESIAN_POINT('',(6.74169921875,10.9697265625));
#752 = ( GEOMETRIC_REPRESENTATION_CONTEXT(2) 
PARAMETRIC_REPRESENTATION_CONTEXT() REPRESENTATION_CONTEXT('2D SPACE',''
  ) );
#753 = PCURVE('',#754,#761);
#754 = SURFACE_OF_LINEAR_EXTRUSION('',#755,#759);
#755 = B_SPLINE_CURVE_WITH_KNOTS('',2,(#756,#757,#758),.UNSPECIFIED.,.F.
  ,.F.,(3,3),(0.,1.),.PIECEWISE_BEZIER_KNOTS.);
#756 = CARTESIAN_POINT('',(-13.43798828125,3.5419921875,6.));
#757 = CARTESIAN_POINT('',(-13.35595703125,3.494140625,6.));
#758 = CARTESIAN_POINT('',(-13.25830078125,3.4697265625,6.));
#759 = VECTOR('',#760,1.);
#760 = DIRECTION('',(-0.,-0.,-1.));
#761 = DEFINITIONAL_REPRESENTATION('',(#762),#766);
#762 = LINE('',#763,#764);
#763 = CARTESIAN_POINT('',(0.,0.));
#764 = VECTOR('',#765,1.);
#765 = DIRECTION('',(1.,0.));
#766 = ( GEOMETRIC_REPRESENTATION_CONTEXT(2) 
PARAMETRIC_REPRESENTATION_CONTEXT() REPRESENTATION_CONTEXT('2D SPACE',''
  ) );
#767 = ORIENTED_EDGE('',*,*,#768,.T.);
#768 = EDGE_CURVE('',#739,#769,#771,.T.);
#769 = VERTEX_POINT('',#770);
#770 = CARTESIAN_POINT('',(-13.05419921875,3.4453125,6.));
#771 = SURFACE_CURVE('',#772,(#776,#783),.PCURVE_S1.);
#772 = B_SPLINE_CURVE_WITH_KNOTS('',2,(#773,#774,#775),.UNSPECIFIED.,.F.
  ,.F.,(3,3),(0.,1.),.PIECEWISE_BEZIER_KNOTS.);
#773 = CARTESIAN_POINT('',(-13.25830078125,3.4697265625,6.));
#774 = CARTESIAN_POINT('',(-13.16064453125,3.4453125,6.));
#775 = CARTESIAN_POINT('',(-13.05419921875,3.4453125,6.));
#776 = PCURVE('',#152,#777);
#777 = DEFINITIONAL_REPRESENTATION('',(#778),#782);
#778 = B_SPLINE_CURVE_WITH_KNOTS('',2,(#779,#780,#781),.UNSPECIFIED.,.F.
  ,.F.,(3,3),(0.,1.),.PIECEWISE_BEZIER_KNOTS.);
#779 = CARTESIAN_POINT('',(6.74169921875,10.9697265625));
#780 = CARTESIAN_POINT('',(6.83935546875,10.9453125));
#781 = CARTESIAN_POINT('',(6.94580078125,10.9453125));
#782 = ( GEOMETRIC_REPRESENTATION_CONTEXT(2) 
PARAMETRIC_REPRESENTATION_CONTEXT() REPRESENTATION_CONTEXT('2D SPACE',''
  ) );
#783 = PCURVE('',#784,#791);
#784 = SURFACE_OF_LINEAR_EXTRUSION('',#785,#789);
#785 = B_SPLINE_CURVE_WITH_KNOTS('',2,(#786,#787,#788),.UNSPECIFIED.,.F.
  ,.F.,(3,3),(0.,1.),.PIECEWISE_BEZIER_KNOTS.);
#786 = CARTESIAN_POINT('',(-13.25830078125,3.4697265625,6.));
#787 = CARTESIAN_POINT('',(-13.16064453125,3.4453125,6.));
#788 = CARTESIAN_POINT('',(-13.05419921875,3.4453125,6.));
#789 = VECTOR('',#790,1.);
#790 = DIRECTION('',(-0.,-0.,-1.));
#791 = DEFINITIONAL_REPRESENTATION('',(#792),#796);
#792 = LINE('',#793,#794);
#793 = CARTESIAN_POINT('',(0.,0.));
#794 = VECTOR('',#795,1.);
#795 = DIRECTION('',(1.,0.));
#796 = ( GEOMETRIC_REPRESENTATION_CONTEXT(2) 
PARAMETRIC_REPRESENTATION_CONTEXT() REPRESENTATION_CONTEXT('2D SPACE',''
  ) );
#797 = ORIENTED_EDGE('',*,*,#798,.T.);
#798 = EDGE_CURVE('',#769,#799,#801,.T.);
#799 = VERTEX_POINT('',#800);
#800 = CARTESIAN_POINT('',(-12.771484375,3.5185546875,6.));
#801 = SURFACE_CURVE('',#802,(#806,#813),.PCURVE_S1.);
#802 = B_SPLINE_CURVE_WITH_KNOTS('',2,(#803,#804,#805),.UNSPECIFIED.,.F.
  ,.F.,(3,3),(0.,1.),.PIECEWISE_BEZIER_KNOTS.);
#803 = CARTESIAN_POINT('',(-13.05419921875,3.4453125,6.));
#804 = CARTESIAN_POINT('',(-12.86865234375,3.4453125,6.));
#805 = CARTESIAN_POINT('',(-12.771484375,3.5185546875,6.));
#806 = PCURVE('',#152,#807);
#807 = DEFINITIONAL_REPRESENTATION('',(#808),#812);
#808 = B_SPLINE_CURVE_WITH_KNOTS('',2,(#809,#810,#811),.UNSPECIFIED.,.F.
  ,.F.,(3,3),(0.,1.),.PIECEWISE_BEZIER_KNOTS.);
#809 = CARTESIAN_POINT('',(6.94580078125,10.9453125));
#810 = CARTESIAN_POINT('',(7.13134765625,10.9453125));
#811 = CARTESIAN_POINT('',(7.228515625,11.0185546875));
#812 = ( GEOMETRIC_REPRESENTATION_CONTEXT(2) 
PARAMETRIC_REPRESENTATION_CONTEXT() REPRESENTATION_CONTEXT('2D SPACE',''
  ) );
#813 = PCURVE('',#814,#821);
#814 = SURFACE_OF_LINEAR_EXTRUSION('',#815,#819);
#815 = B_SPLINE_CURVE_WITH_KNOTS('',2,(#816,#817,#818),.UNSPECIFIED.,.F.
  ,.F.,(3,3),(0.,1.),.PIECEWISE_BEZIER_KNOTS.);
#816 = CARTESIAN_POINT('',(-13.05419921875,3.4453125,6.));
#817 = CARTESIAN_POINT('',(-12.86865234375,3.4453125,6.));
#818 = CARTESIAN_POINT('',(-12.771484375,3.5185546875,6.));
#819 = VECTOR('',#820,1.);
#820 = DIRECTION('',(-0.,-0.,-1.));
#821 = DEFINITIONAL_REPRESENTATION('',(#822),#826);
#822 = LINE('',#823,#824);
#823 = CARTESIAN_POINT('',(0.,0.));
#824 = VECTOR('',#825,1.);
#825 = DIRECTION('',(1.,0.));
#826 = ( GEOMETRIC_REPRESENTATION_CONTEXT(2) 
PARAMETRIC_REPRESENTATION_CONTEXT() REPRESENTATION_CONTEXT('2D SPACE',''
  ) );
#827 = ORIENTED_EDGE('',*,*,#828,.T.);
#828 = EDGE_CURVE('',#799,#829,#831,.T.);
#829 = VERTEX_POINT('',#830);
#830 = CARTESIAN_POINT('',(-12.67431640625,3.7314453125,6.));
#831 = SURFACE_CURVE('',#832,(#836,#843),.PCURVE_S1.);
#832 = B_SPLINE_CURVE_WITH_KNOTS('',2,(#833,#834,#835),.UNSPECIFIED.,.F.
  ,.F.,(3,3),(0.,1.),.PIECEWISE_BEZIER_KNOTS.);
#833 = CARTESIAN_POINT('',(-12.771484375,3.5185546875,6.));
#834 = CARTESIAN_POINT('',(-12.67431640625,3.591796875,6.));
#835 = CARTESIAN_POINT('',(-12.67431640625,3.7314453125,6.));
#836 = PCURVE('',#152,#837);
#837 = DEFINITIONAL_REPRESENTATION('',(#838),#842);
#838 = B_SPLINE_CURVE_WITH_KNOTS('',2,(#839,#840,#841),.UNSPECIFIED.,.F.
  ,.F.,(3,3),(0.,1.),.PIECEWISE_BEZIER_KNOTS.);
#839 = CARTESIAN_POINT('',(7.228515625,11.0185546875));
#840 = CARTESIAN_POINT('',(7.32568359375,11.091796875));
#841 = CARTESIAN_POINT('',(7.32568359375,11.2314453125));
#842 = ( GEOMETRIC_REPRESENTATION_CONTEXT(2) 
PARAMETRIC_REPRESENTATION_CONTEXT() REPRESENTATION_CONTEXT('2D SPACE',''
  ) );
#843 = PCURVE('',#844,#851);
#844 = SURFACE_OF_LINEAR_EXTRUSION('',#845,#849);
#845 = B_SPLINE_CURVE_WITH_KNOTS('',2,(#846,#847,#848),.UNSPECIFIED.,.F.
  ,.F.,(3,3),(0.,1.),.PIECEWISE_BEZIER_KNOTS.);
#846 = CARTESIAN_POINT('',(-12.771484375,3.5185546875,6.));
#847 = CARTESIAN_POINT('',(-12.67431640625,3.591796875,6.));
#848 = CARTESIAN_POINT('',(-12.67431640625,3.7314453125,6.));
#849 = VECTOR('',#850,1.);
#850 = DIRECTION('',(-0.,-0.,-1.));
#851 = DEFINITIONAL_REPRESENTATION('',(#852),#856);
#852 = LINE('',#853,#854);
#853 = CARTESIAN_POINT('',(0.,0.));
#854 = VECTOR('',#855,1.);
#855 = DIRECTION('',(1.,0.));
#856 = ( GEOMETRIC_REPRESENTATION_CONTEXT(2) 
PARAMETRIC_REPRESENTATION_CONTEXT() REPRESENTATION_CONTEXT('2D SPACE',''
  ) );
#857 = ORIENTED_EDGE('',*,*,#858,.T.);
#858 = EDGE_CURVE('',#829,#859,#861,.T.);
#859 = VERTEX_POINT('',#860);
#860 = CARTESIAN_POINT('',(-12.7646484375,3.93310546875,6.));
#861 = SURFACE_CURVE('',#862,(#866,#873),.PCURVE_S1.);
#862 = B_SPLINE_CURVE_WITH_KNOTS('',2,(#863,#864,#865),.UNSPECIFIED.,.F.
  ,.F.,(3,3),(0.,1.),.PIECEWISE_BEZIER_KNOTS.);
#863 = CARTESIAN_POINT('',(-12.67431640625,3.7314453125,6.));
#864 = CARTESIAN_POINT('',(-12.67431640625,3.8603515625,6.));
#865 = CARTESIAN_POINT('',(-12.7646484375,3.93310546875,6.));
#866 = PCURVE('',#152,#867);
#867 = DEFINITIONAL_REPRESENTATION('',(#868),#872);
#868 = B_SPLINE_CURVE_WITH_KNOTS('',2,(#869,#870,#871),.UNSPECIFIED.,.F.
  ,.F.,(3,3),(0.,1.),.PIECEWISE_BEZIER_KNOTS.);
#869 = CARTESIAN_POINT('',(7.32568359375,11.2314453125));
#870 = CARTESIAN_POINT('',(7.32568359375,11.3603515625));
#871 = CARTESIAN_POINT('',(7.2353515625,11.43310546875));
#872 = ( GEOMETRIC_REPRESENTATION_CONTEXT(2) 
PARAMETRIC_REPRESENTATION_CONTEXT() REPRESENTATION_CONTEXT('2D SPACE',''
  ) );
#873 = PCURVE('',#874,#881);
#874 = SURFACE_OF_LINEAR_EXTRUSION('',#875,#879);
#875 = B_SPLINE_CURVE_WITH_KNOTS('',2,(#876,#877,#878),.UNSPECIFIED.,.F.
  ,.F.,(3,3),(0.,1.),.PIECEWISE_BEZIER_KNOTS.);
#876 = CARTESIAN_POINT('',(-12.67431640625,3.7314453125,6.));
#877 = CARTESIAN_POINT('',(-12.67431640625,3.8603515625,6.));
#878 = CARTESIAN_POINT('',(-12.7646484375,3.93310546875,6.));
#879 = VECTOR('',#880,1.);
#880 = DIRECTION('',(-0.,-0.,-1.));
#881 = DEFINITIONAL_REPRESENTATION('',(#882),#886);
#882 = LINE('',#883,#884);
#883 = CARTESIAN_POINT('',(0.,0.));
#884 = VECTOR('',#885,1.);
#885 = DIRECTION('',(1.,0.));
#886 = ( GEOMETRIC_REPRESENTATION_CONTEXT(2) 
PARAMETRIC_REPRESENTATION_CONTEXT() REPRESENTATION_CONTEXT('2D SPACE',''
  ) );
#887 = ORIENTED_EDGE('',*,*,#888,.T.);
#888 = EDGE_CURVE('',#859,#889,#891,.T.);
#889 = VERTEX_POINT('',#890);
#890 = CARTESIAN_POINT('',(-13.01611328125,4.005859375,6.));
#891 = SURFACE_CURVE('',#892,(#896,#903),.PCURVE_S1.);
#892 = B_SPLINE_CURVE_WITH_KNOTS('',2,(#893,#894,#895),.UNSPECIFIED.,.F.
  ,.F.,(3,3),(0.,1.),.PIECEWISE_BEZIER_KNOTS.);
#893 = CARTESIAN_POINT('',(-12.7646484375,3.93310546875,6.));
#894 = CARTESIAN_POINT('',(-12.85498046875,4.005859375,6.));
#895 = CARTESIAN_POINT('',(-13.01611328125,4.005859375,6.));
#896 = PCURVE('',#152,#897);
#897 = DEFINITIONAL_REPRESENTATION('',(#898),#902);
#898 = B_SPLINE_CURVE_WITH_KNOTS('',2,(#899,#900,#901),.UNSPECIFIED.,.F.
  ,.F.,(3,3),(0.,1.),.PIECEWISE_BEZIER_KNOTS.);
#899 = CARTESIAN_POINT('',(7.2353515625,11.43310546875));
#900 = CARTESIAN_POINT('',(7.14501953125,11.505859375));
#901 = CARTESIAN_POINT('',(6.98388671875,11.505859375));
#902 = ( GEOMETRIC_REPRESENTATION_CONTEXT(2) 
PARAMETRIC_REPRESENTATION_CONTEXT() REPRESENTATION_CONTEXT('2D SPACE',''
  ) );
#903 = PCURVE('',#904,#911);
#904 = SURFACE_OF_LINEAR_EXTRUSION('',#905,#909);
#905 = B_SPLINE_CURVE_WITH_KNOTS('',2,(#906,#907,#908),.UNSPECIFIED.,.F.
  ,.F.,(3,3),(0.,1.),.PIECEWISE_BEZIER_KNOTS.);
#906 = CARTESIAN_POINT('',(-12.7646484375,3.93310546875,6.));
#907 = CARTESIAN_POINT('',(-12.85498046875,4.005859375,6.));
#908 = CARTESIAN_POINT('',(-13.01611328125,4.005859375,6.));
#909 = VECTOR('',#910,1.);
#910 = DIRECTION('',(-0.,-0.,-1.));
#911 = DEFINITIONAL_REPRESENTATION('',(#912),#916);
#912 = LINE('',#913,#914);
#913 = CARTESIAN_POINT('',(0.,0.));
#914 = VECTOR('',#915,1.);
#915 = DIRECTION('',(1.,0.));
#916 = ( GEOMETRIC_REPRESENTATION_CONTEXT(2) 
PARAMETRIC_REPRESENTATION_CONTEXT() REPRESENTATION_CONTEXT('2D SPACE',''
  ) );
#917 = ORIENTED_EDGE('',*,*,#918,.T.);
#918 = EDGE_CURVE('',#889,#919,#921,.T.);
#919 = VERTEX_POINT('',#920);
#920 = CARTESIAN_POINT('',(-13.18603515625,4.005859375,6.));
#921 = SURFACE_CURVE('',#922,(#926,#933),.PCURVE_S1.);
#922 = LINE('',#923,#924);
#923 = CARTESIAN_POINT('',(-13.01611328125,4.005859375,6.));
#924 = VECTOR('',#925,1.);
#925 = DIRECTION('',(-1.,0.,0.));
#926 = PCURVE('',#152,#927);
#927 = DEFINITIONAL_REPRESENTATION('',(#928),#932);
#928 = LINE('',#929,#930);
#929 = CARTESIAN_POINT('',(6.98388671875,11.505859375));
#930 = VECTOR('',#931,1.);
#931 = DIRECTION('',(-1.,0.));
#932 = ( GEOMETRIC_REPRESENTATION_CONTEXT(2) 
PARAMETRIC_REPRESENTATION_CONTEXT() REPRESENTATION_CONTEXT('2D SPACE',''
  ) );
#933 = PCURVE('',#934,#939);
#934 = PLANE('',#935);
#935 = AXIS2_PLACEMENT_3D('',#936,#937,#938);
#936 = CARTESIAN_POINT('',(-13.01611328125,4.005859375,6.));
#937 = DIRECTION('',(0.,-1.,0.));
#938 = DIRECTION('',(-1.,0.,0.));
#939 = DEFINITIONAL_REPRESENTATION('',(#940),#944);
#940 = LINE('',#941,#942);
#941 = CARTESIAN_POINT('',(0.,-0.));
#942 = VECTOR('',#943,1.);
#943 = DIRECTION('',(1.,0.));
#944 = ( GEOMETRIC_REPRESENTATION_CONTEXT(2) 
PARAMETRIC_REPRESENTATION_CONTEXT() REPRESENTATION_CONTEXT('2D SPACE',''
  ) );
#945 = ORIENTED_EDGE('',*,*,#946,.T.);
#946 = EDGE_CURVE('',#919,#947,#949,.T.);
#947 = VERTEX_POINT('',#948);
#948 = CARTESIAN_POINT('',(-13.18603515625,4.16796875,6.));
#949 = SURFACE_CURVE('',#950,(#954,#961),.PCURVE_S1.);
#950 = LINE('',#951,#952);
#951 = CARTESIAN_POINT('',(-13.18603515625,4.005859375,6.));
#952 = VECTOR('',#953,1.);
#953 = DIRECTION('',(0.,1.,0.));
#954 = PCURVE('',#152,#955);
#955 = DEFINITIONAL_REPRESENTATION('',(#956),#960);
#956 = LINE('',#957,#958);
#957 = CARTESIAN_POINT('',(6.81396484375,11.505859375));
#958 = VECTOR('',#959,1.);
#959 = DIRECTION('',(0.,1.));
#960 = ( GEOMETRIC_REPRESENTATION_CONTEXT(2) 
PARAMETRIC_REPRESENTATION_CONTEXT() REPRESENTATION_CONTEXT('2D SPACE',''
  ) );
#961 = PCURVE('',#962,#967);
#962 = PLANE('',#963);
#963 = AXIS2_PLACEMENT_3D('',#964,#965,#966);
#964 = CARTESIAN_POINT('',(-13.18603515625,4.005859375,6.));
#965 = DIRECTION('',(-1.,0.,0.));
#966 = DIRECTION('',(0.,1.,0.));
#967 = DEFINITIONAL_REPRESENTATION('',(#968),#972);
#968 = LINE('',#969,#970);
#969 = CARTESIAN_POINT('',(0.,0.));
#970 = VECTOR('',#971,1.);
#971 = DIRECTION('',(1.,0.));
#972 = ( GEOMETRIC_REPRESENTATION_CONTEXT(2) 
PARAMETRIC_REPRESENTATION_CONTEXT() REPRESENTATION_CONTEXT('2D SPACE',''
  ) );
#973 = ORIENTED_EDGE('',*,*,#974,.T.);
#974 = EDGE_CURVE('',#947,#975,#977,.T.);
#975 = VERTEX_POINT('',#976);
#976 = CARTESIAN_POINT('',(-13.00830078125,4.16796875,6.));
#977 = SURFACE_CURVE('',#978,(#982,#989),.PCURVE_S1.);
#978 = LINE('',#979,#980);
#979 = CARTESIAN_POINT('',(-13.18603515625,4.16796875,6.));
#980 = VECTOR('',#981,1.);
#981 = DIRECTION('',(1.,0.,0.));
#982 = PCURVE('',#152,#983);
#983 = DEFINITIONAL_REPRESENTATION('',(#984),#988);
#984 = LINE('',#985,#986);
#985 = CARTESIAN_POINT('',(6.81396484375,11.66796875));
#986 = VECTOR('',#987,1.);
#987 = DIRECTION('',(1.,0.));
#988 = ( GEOMETRIC_REPRESENTATION_CONTEXT(2) 
PARAMETRIC_REPRESENTATION_CONTEXT() REPRESENTATION_CONTEXT('2D SPACE',''
  ) );
#989 = PCURVE('',#990,#995);
#990 = PLANE('',#991);
#991 = AXIS2_PLACEMENT_3D('',#992,#993,#994);
#992 = CARTESIAN_POINT('',(-13.18603515625,4.16796875,6.));
#993 = DIRECTION('',(0.,1.,0.));
#994 = DIRECTION('',(1.,0.,0.));
#995 = DEFINITIONAL_REPRESENTATION('',(#996),#1000);
#996 = LINE('',#997,#998);
#997 = CARTESIAN_POINT('',(0.,0.));
#998 = VECTOR('',#999,1.);
#999 = DIRECTION('',(1.,0.));
#1000 = ( GEOMETRIC_REPRESENTATION_CONTEXT(2) 
PARAMETRIC_REPRESENTATION_CONTEXT() REPRESENTATION_CONTEXT('2D SPACE',''
  ) );
#1001 = ORIENTED_EDGE('',*,*,#1002,.T.);
#1002 = EDGE_CURVE('',#975,#1003,#1005,.T.);
#1003 = VERTEX_POINT('',#1004);
#1004 = CARTESIAN_POINT('',(-12.78564453125,4.22607421875,6.));
#1005 = SURFACE_CURVE('',#1006,(#1010,#1017),.PCURVE_S1.);
#1006 = B_SPLINE_CURVE_WITH_KNOTS('',2,(#1007,#1008,#1009),
  .UNSPECIFIED.,.F.,.F.,(3,3),(0.,1.),.PIECEWISE_BEZIER_KNOTS.);
#1007 = CARTESIAN_POINT('',(-13.00830078125,4.16796875,6.));
#1008 = CARTESIAN_POINT('',(-12.86279296875,4.16796875,6.));
#1009 = CARTESIAN_POINT('',(-12.78564453125,4.22607421875,6.));
#1010 = PCURVE('',#152,#1011);
#1011 = DEFINITIONAL_REPRESENTATION('',(#1012),#1016);
#1012 = B_SPLINE_CURVE_WITH_KNOTS('',2,(#1013,#1014,#1015),
  .UNSPECIFIED.,.F.,.F.,(3,3),(0.,1.),.PIECEWISE_BEZIER_KNOTS.);
#1013 = CARTESIAN_POINT('',(6.99169921875,11.66796875));
#1014 = CARTESIAN_POINT('',(7.13720703125,11.66796875));
#1015 = CARTESIAN_POINT('',(7.21435546875,11.72607421875));
#1016 = ( GEOMETRIC_REPRESENTATION_CONTEXT(2) 
PARAMETRIC_REPRESENTATION_CONTEXT() REPRESENTATION_CONTEXT('2D SPACE',''
  ) );
#1017 = PCURVE('',#1018,#1025);
#1018 = SURFACE_OF_LINEAR_EXTRUSION('',#1019,#1023);
#1019 = B_SPLINE_CURVE_WITH_KNOTS('',2,(#1020,#1021,#1022),
  .UNSPECIFIED.,.F.,.F.,(3,3),(0.,1.),.PIECEWISE_BEZIER_KNOTS.);
#1020 = CARTESIAN_POINT('',(-13.00830078125,4.16796875,6.));
#1021 = CARTESIAN_POINT('',(-12.86279296875,4.16796875,6.));
#1022 = CARTESIAN_POINT('',(-12.78564453125,4.22607421875,6.));
#1023 = VECTOR('',#1024,1.);
#1024 = DIRECTION('',(-0.,-0.,-1.));
#1025 = DEFINITIONAL_REPRESENTATION('',(#1026),#1030);
#1026 = LINE('',#1027,#1028);
#1027 = CARTESIAN_POINT('',(0.,0.));
#1028 = VECTOR('',#1029,1.);
#1029 = DIRECTION('',(1.,0.));
#1030 = ( GEOMETRIC_REPRESENTATION_CONTEXT(2) 
PARAMETRIC_REPRESENTATION_CONTEXT() REPRESENTATION_CONTEXT('2D SPACE',''
  ) );
#1031 = ORIENTED_EDGE('',*,*,#1032,.T.);
#1032 = EDGE_CURVE('',#1003,#1033,#1035,.T.);
#1033 = VERTEX_POINT('',#1034);
#1034 = CARTESIAN_POINT('',(-12.70849609375,4.3935546875,6.));
#1035 = SURFACE_CURVE('',#1036,(#1040,#1047),.PCURVE_S1.);
#1036 = B_SPLINE_CURVE_WITH_KNOTS('',2,(#1037,#1038,#1039),
  .UNSPECIFIED.,.F.,.F.,(3,3),(0.,1.),.PIECEWISE_BEZIER_KNOTS.);
#1037 = CARTESIAN_POINT('',(-12.78564453125,4.22607421875,6.));
#1038 = CARTESIAN_POINT('',(-12.70849609375,4.2841796875,6.));
#1039 = CARTESIAN_POINT('',(-12.70849609375,4.3935546875,6.));
#1040 = PCURVE('',#152,#1041);
#1041 = DEFINITIONAL_REPRESENTATION('',(#1042),#1046);
#1042 = B_SPLINE_CURVE_WITH_KNOTS('',2,(#1043,#1044,#1045),
  .UNSPECIFIED.,.F.,.F.,(3,3),(0.,1.),.PIECEWISE_BEZIER_KNOTS.);
#1043 = CARTESIAN_POINT('',(7.21435546875,11.72607421875));
#1044 = CARTESIAN_POINT('',(7.29150390625,11.7841796875));
#1045 = CARTESIAN_POINT('',(7.29150390625,11.8935546875));
#1046 = ( GEOMETRIC_REPRESENTATION_CONTEXT(2) 
PARAMETRIC_REPRESENTATION_CONTEXT() REPRESENTATION_CONTEXT('2D SPACE',''
  ) );
#1047 = PCURVE('',#1048,#1055);
#1048 = SURFACE_OF_LINEAR_EXTRUSION('',#1049,#1053);
#1049 = B_SPLINE_CURVE_WITH_KNOTS('',2,(#1050,#1051,#1052),
  .UNSPECIFIED.,.F.,.F.,(3,3),(0.,1.),.PIECEWISE_BEZIER_KNOTS.);
#1050 = CARTESIAN_POINT('',(-12.78564453125,4.22607421875,6.));
#1051 = CARTESIAN_POINT('',(-12.70849609375,4.2841796875,6.));
#1052 = CARTESIAN_POINT('',(-12.70849609375,4.3935546875,6.));
#1053 = VECTOR('',#1054,1.);
#1054 = DIRECTION('',(-0.,-0.,-1.));
#1055 = DEFINITIONAL_REPRESENTATION('',(#1056),#1060);
#1056 = LINE('',#1057,#1058);
#1057 = CARTESIAN_POINT('',(0.,0.));
#1058 = VECTOR('',#1059,1.);
#1059 = DIRECTION('',(1.,0.));
#1060 = ( GEOMETRIC_REPRESENTATION_CONTEXT(2) 
PARAMETRIC_REPRESENTATION_CONTEXT() REPRESENTATION_CONTEXT('2D SPACE',''
  ) );
#1061 = ORIENTED_EDGE('',*,*,#1062,.T.);
#1062 = EDGE_CURVE('',#1033,#1063,#1065,.T.);
#1063 = VERTEX_POINT('',#1064);
#1064 = CARTESIAN_POINT('',(-12.7880859375,4.56591796875,6.));
#1065 = SURFACE_CURVE('',#1066,(#1070,#1077),.PCURVE_S1.);
#1066 = B_SPLINE_CURVE_WITH_KNOTS('',2,(#1067,#1068,#1069),
  .UNSPECIFIED.,.F.,.F.,(3,3),(0.,1.),.PIECEWISE_BEZIER_KNOTS.);
#1067 = CARTESIAN_POINT('',(-12.70849609375,4.3935546875,6.));
#1068 = CARTESIAN_POINT('',(-12.70849609375,4.505859375,6.));
#1069 = CARTESIAN_POINT('',(-12.7880859375,4.56591796875,6.));
#1070 = PCURVE('',#152,#1071);
#1071 = DEFINITIONAL_REPRESENTATION('',(#1072),#1076);
#1072 = B_SPLINE_CURVE_WITH_KNOTS('',2,(#1073,#1074,#1075),
  .UNSPECIFIED.,.F.,.F.,(3,3),(0.,1.),.PIECEWISE_BEZIER_KNOTS.);
#1073 = CARTESIAN_POINT('',(7.29150390625,11.8935546875));
#1074 = CARTESIAN_POINT('',(7.29150390625,12.005859375));
#1075 = CARTESIAN_POINT('',(7.2119140625,12.06591796875));
#1076 = ( GEOMETRIC_REPRESENTATION_CONTEXT(2) 
PARAMETRIC_REPRESENTATION_CONTEXT() REPRESENTATION_CONTEXT('2D SPACE',''
  ) );
#1077 = PCURVE('',#1078,#1085);
#1078 = SURFACE_OF_LINEAR_EXTRUSION('',#1079,#1083);
#1079 = B_SPLINE_CURVE_WITH_KNOTS('',2,(#1080,#1081,#1082),
  .UNSPECIFIED.,.F.,.F.,(3,3),(0.,1.),.PIECEWISE_BEZIER_KNOTS.);
#1080 = CARTESIAN_POINT('',(-12.70849609375,4.3935546875,6.));
#1081 = CARTESIAN_POINT('',(-12.70849609375,4.505859375,6.));
#1082 = CARTESIAN_POINT('',(-12.7880859375,4.56591796875,6.));
#1083 = VECTOR('',#1084,1.);
#1084 = DIRECTION('',(-0.,-0.,-1.));
#1085 = DEFINITIONAL_REPRESENTATION('',(#1086),#1090);
#1086 = LINE('',#1087,#1088);
#1087 = CARTESIAN_POINT('',(0.,0.));
#1088 = VECTOR('',#1089,1.);
#1089 = DIRECTION('',(1.,0.));
#1090 = ( GEOMETRIC_REPRESENTATION_CONTEXT(2) 
PARAMETRIC_REPRESENTATION_CONTEXT() REPRESENTATION_CONTEXT('2D SPACE',''
  ) );
#1091 = ORIENTED_EDGE('',*,*,#1092,.T.);
#1092 = EDGE_CURVE('',#1063,#1093,#1095,.T.);
#1093 = VERTEX_POINT('',#1094);
#1094 = CARTESIAN_POINT('',(-13.01611328125,4.6259765625,6.));
#1095 = SURFACE_CURVE('',#1096,(#1100,#1107),.PCURVE_S1.);
#1096 = B_SPLINE_CURVE_WITH_KNOTS('',2,(#1097,#1098,#1099),
  .UNSPECIFIED.,.F.,.F.,(3,3),(0.,1.),.PIECEWISE_BEZIER_KNOTS.);
#1097 = CARTESIAN_POINT('',(-12.7880859375,4.56591796875,6.));
#1098 = CARTESIAN_POINT('',(-12.86767578125,4.6259765625,6.));
#1099 = CARTESIAN_POINT('',(-13.01611328125,4.6259765625,6.));
#1100 = PCURVE('',#152,#1101);
#1101 = DEFINITIONAL_REPRESENTATION('',(#1102),#1106);
#1102 = B_SPLINE_CURVE_WITH_KNOTS('',2,(#1103,#1104,#1105),
  .UNSPECIFIED.,.F.,.F.,(3,3),(0.,1.),.PIECEWISE_BEZIER_KNOTS.);
#1103 = CARTESIAN_POINT('',(7.2119140625,12.06591796875));
#1104 = CARTESIAN_POINT('',(7.13232421875,12.1259765625));
#1105 = CARTESIAN_POINT('',(6.98388671875,12.1259765625));
#1106 = ( GEOMETRIC_REPRESENTATION_CONTEXT(2) 
PARAMETRIC_REPRESENTATION_CONTEXT() REPRESENTATION_CONTEXT('2D SPACE',''
  ) );
#1107 = PCURVE('',#1108,#1115);
#1108 = SURFACE_OF_LINEAR_EXTRUSION('',#1109,#1113);
#1109 = B_SPLINE_CURVE_WITH_KNOTS('',2,(#1110,#1111,#1112),
  .UNSPECIFIED.,.F.,.F.,(3,3),(0.,1.),.PIECEWISE_BEZIER_KNOTS.);
#1110 = CARTESIAN_POINT('',(-12.7880859375,4.56591796875,6.));
#1111 = CARTESIAN_POINT('',(-12.86767578125,4.6259765625,6.));
#1112 = CARTESIAN_POINT('',(-13.01611328125,4.6259765625,6.));
#1113 = VECTOR('',#1114,1.);
#1114 = DIRECTION('',(-0.,-0.,-1.));
#1115 = DEFINITIONAL_REPRESENTATION('',(#1116),#1120);
#1116 = LINE('',#1117,#1118);
#1117 = CARTESIAN_POINT('',(0.,0.));
#1118 = VECTOR('',#1119,1.);
#1119 = DIRECTION('',(1.,0.));
#1120 = ( GEOMETRIC_REPRESENTATION_CONTEXT(2) 
PARAMETRIC_REPRESENTATION_CONTEXT() REPRESENTATION_CONTEXT('2D SPACE',''
  ) );
#1121 = ORIENTED_EDGE('',*,*,#1122,.T.);
#1122 = EDGE_CURVE('',#1093,#1123,#1125,.T.);
#1123 = VERTEX_POINT('',#1124);
#1124 = CARTESIAN_POINT('',(-13.18994140625,4.6083984375,6.));
#1125 = SURFACE_CURVE('',#1126,(#1130,#1137),.PCURVE_S1.);
#1126 = B_SPLINE_CURVE_WITH_KNOTS('',2,(#1127,#1128,#1129),
  .UNSPECIFIED.,.F.,.F.,(3,3),(0.,1.),.PIECEWISE_BEZIER_KNOTS.);
#1127 = CARTESIAN_POINT('',(-13.01611328125,4.6259765625,6.));
#1128 = CARTESIAN_POINT('',(-13.09716796875,4.6259765625,6.));
#1129 = CARTESIAN_POINT('',(-13.18994140625,4.6083984375,6.));
#1130 = PCURVE('',#152,#1131);
#1131 = DEFINITIONAL_REPRESENTATION('',(#1132),#1136);
#1132 = B_SPLINE_CURVE_WITH_KNOTS('',2,(#1133,#1134,#1135),
  .UNSPECIFIED.,.F.,.F.,(3,3),(0.,1.),.PIECEWISE_BEZIER_KNOTS.);
#1133 = CARTESIAN_POINT('',(6.98388671875,12.1259765625));
#1134 = CARTESIAN_POINT('',(6.90283203125,12.1259765625));
#1135 = CARTESIAN_POINT('',(6.81005859375,12.1083984375));
#1136 = ( GEOMETRIC_REPRESENTATION_CONTEXT(2) 
PARAMETRIC_REPRESENTATION_CONTEXT() REPRESENTATION_CONTEXT('2D SPACE',''
  ) );
#1137 = PCURVE('',#1138,#1145);
#1138 = SURFACE_OF_LINEAR_EXTRUSION('',#1139,#1143);
#1139 = B_SPLINE_CURVE_WITH_KNOTS('',2,(#1140,#1141,#1142),
  .UNSPECIFIED.,.F.,.F.,(3,3),(0.,1.),.PIECEWISE_BEZIER_KNOTS.);
#1140 = CARTESIAN_POINT('',(-13.01611328125,4.6259765625,6.));
#1141 = CARTESIAN_POINT('',(-13.09716796875,4.6259765625,6.));
#1142 = CARTESIAN_POINT('',(-13.18994140625,4.6083984375,6.));
#1143 = VECTOR('',#1144,1.);
#1144 = DIRECTION('',(-0.,-0.,-1.));
#1145 = DEFINITIONAL_REPRESENTATION('',(#1146),#1150);
#1146 = LINE('',#1147,#1148);
#1147 = CARTESIAN_POINT('',(0.,0.));
#1148 = VECTOR('',#1149,1.);
#1149 = DIRECTION('',(1.,0.));
#1150 = ( GEOMETRIC_REPRESENTATION_CONTEXT(2) 
PARAMETRIC_REPRESENTATION_CONTEXT() REPRESENTATION_CONTEXT('2D SPACE',''
  ) );
#1151 = ORIENTED_EDGE('',*,*,#1152,.T.);
#1152 = EDGE_CURVE('',#1123,#1153,#1155,.T.);
#1153 = VERTEX_POINT('',#1154);
#1154 = CARTESIAN_POINT('',(-13.39404296875,4.5537109375,6.));
#1155 = SURFACE_CURVE('',#1156,(#1160,#1167),.PCURVE_S1.);
#1156 = B_SPLINE_CURVE_WITH_KNOTS('',2,(#1157,#1158,#1159),
  .UNSPECIFIED.,.F.,.F.,(3,3),(0.,1.),.PIECEWISE_BEZIER_KNOTS.);
#1157 = CARTESIAN_POINT('',(-13.18994140625,4.6083984375,6.));
#1158 = CARTESIAN_POINT('',(-13.28271484375,4.5908203125,6.));
#1159 = CARTESIAN_POINT('',(-13.39404296875,4.5537109375,6.));
#1160 = PCURVE('',#152,#1161);
#1161 = DEFINITIONAL_REPRESENTATION('',(#1162),#1166);
#1162 = B_SPLINE_CURVE_WITH_KNOTS('',2,(#1163,#1164,#1165),
  .UNSPECIFIED.,.F.,.F.,(3,3),(0.,1.),.PIECEWISE_BEZIER_KNOTS.);
#1163 = CARTESIAN_POINT('',(6.81005859375,12.1083984375));
#1164 = CARTESIAN_POINT('',(6.71728515625,12.0908203125));
#1165 = CARTESIAN_POINT('',(6.60595703125,12.0537109375));
#1166 = ( GEOMETRIC_REPRESENTATION_CONTEXT(2) 
PARAMETRIC_REPRESENTATION_CONTEXT() REPRESENTATION_CONTEXT('2D SPACE',''
  ) );
#1167 = PCURVE('',#1168,#1175);
#1168 = SURFACE_OF_LINEAR_EXTRUSION('',#1169,#1173);
#1169 = B_SPLINE_CURVE_WITH_KNOTS('',2,(#1170,#1171,#1172),
  .UNSPECIFIED.,.F.,.F.,(3,3),(0.,1.),.PIECEWISE_BEZIER_KNOTS.);
#1170 = CARTESIAN_POINT('',(-13.18994140625,4.6083984375,6.));
#1171 = CARTESIAN_POINT('',(-13.28271484375,4.5908203125,6.));
#1172 = CARTESIAN_POINT('',(-13.39404296875,4.5537109375,6.));
#1173 = VECTOR('',#1174,1.);
#1174 = DIRECTION('',(-0.,-0.,-1.));
#1175 = DEFINITIONAL_REPRESENTATION('',(#1176),#1180);
#1176 = LINE('',#1177,#1178);
#1177 = CARTESIAN_POINT('',(0.,0.));
#1178 = VECTOR('',#1179,1.);
#1179 = DIRECTION('',(1.,0.));
#1180 = ( GEOMETRIC_REPRESENTATION_CONTEXT(2) 
PARAMETRIC_REPRESENTATION_CONTEXT() REPRESENTATION_CONTEXT('2D SPACE',''
  ) );
#1181 = ORIENTED_EDGE('',*,*,#1182,.T.);
#1182 = EDGE_CURVE('',#1153,#1183,#1185,.T.);
#1183 = VERTEX_POINT('',#1184);
#1184 = CARTESIAN_POINT('',(-13.39404296875,4.7294921875,6.));
#1185 = SURFACE_CURVE('',#1186,(#1190,#1197),.PCURVE_S1.);
#1186 = LINE('',#1187,#1188);
#1187 = CARTESIAN_POINT('',(-13.39404296875,4.5537109375,6.));
#1188 = VECTOR('',#1189,1.);
#1189 = DIRECTION('',(0.,1.,0.));
#1190 = PCURVE('',#152,#1191);
#1191 = DEFINITIONAL_REPRESENTATION('',(#1192),#1196);
#1192 = LINE('',#1193,#1194);
#1193 = CARTESIAN_POINT('',(6.60595703125,12.0537109375));
#1194 = VECTOR('',#1195,1.);
#1195 = DIRECTION('',(0.,1.));
#1196 = ( GEOMETRIC_REPRESENTATION_CONTEXT(2) 
PARAMETRIC_REPRESENTATION_CONTEXT() REPRESENTATION_CONTEXT('2D SPACE',''
  ) );
#1197 = PCURVE('',#1198,#1203);
#1198 = PLANE('',#1199);
#1199 = AXIS2_PLACEMENT_3D('',#1200,#1201,#1202);
#1200 = CARTESIAN_POINT('',(-13.39404296875,4.5537109375,6.));
#1201 = DIRECTION('',(-1.,0.,0.));
#1202 = DIRECTION('',(0.,1.,0.));
#1203 = DEFINITIONAL_REPRESENTATION('',(#1204),#1208);
#1204 = LINE('',#1205,#1206);
#1205 = CARTESIAN_POINT('',(0.,0.));
#1206 = VECTOR('',#1207,1.);
#1207 = DIRECTION('',(1.,0.));
#1208 = ( GEOMETRIC_REPRESENTATION_CONTEXT(2) 
PARAMETRIC_REPRESENTATION_CONTEXT() REPRESENTATION_CONTEXT('2D SPACE',''
  ) );
#1209 = ORIENTED_EDGE('',*,*,#1210,.T.);
#1210 = EDGE_CURVE('',#1183,#1211,#1213,.T.);
#1211 = VERTEX_POINT('',#1212);
#1212 = CARTESIAN_POINT('',(-13.18359375,4.7763671875,6.));
#1213 = SURFACE_CURVE('',#1214,(#1218,#1225),.PCURVE_S1.);
#1214 = B_SPLINE_CURVE_WITH_KNOTS('',2,(#1215,#1216,#1217),
  .UNSPECIFIED.,.F.,.F.,(3,3),(0.,1.),.PIECEWISE_BEZIER_KNOTS.);
#1215 = CARTESIAN_POINT('',(-13.39404296875,4.7294921875,6.));
#1216 = CARTESIAN_POINT('',(-13.28173828125,4.7607421875,6.));
#1217 = CARTESIAN_POINT('',(-13.18359375,4.7763671875,6.));
#1218 = PCURVE('',#152,#1219);
#1219 = DEFINITIONAL_REPRESENTATION('',(#1220),#1224);
#1220 = B_SPLINE_CURVE_WITH_KNOTS('',2,(#1221,#1222,#1223),
  .UNSPECIFIED.,.F.,.F.,(3,3),(0.,1.),.PIECEWISE_BEZIER_KNOTS.);
#1221 = CARTESIAN_POINT('',(6.60595703125,12.2294921875));
#1222 = CARTESIAN_POINT('',(6.71826171875,12.2607421875));
#1223 = CARTESIAN_POINT('',(6.81640625,12.2763671875));
#1224 = ( GEOMETRIC_REPRESENTATION_CONTEXT(2) 
PARAMETRIC_REPRESENTATION_CONTEXT() REPRESENTATION_CONTEXT('2D SPACE',''
  ) );
#1225 = PCURVE('',#1226,#1233);
#1226 = SURFACE_OF_LINEAR_EXTRUSION('',#1227,#1231);
#1227 = B_SPLINE_CURVE_WITH_KNOTS('',2,(#1228,#1229,#1230),
  .UNSPECIFIED.,.F.,.F.,(3,3),(0.,1.),.PIECEWISE_BEZIER_KNOTS.);
#1228 = CARTESIAN_POINT('',(-13.39404296875,4.7294921875,6.));
#1229 = CARTESIAN_POINT('',(-13.28173828125,4.7607421875,6.));
#1230 = CARTESIAN_POINT('',(-13.18359375,4.7763671875,6.));
#1231 = VECTOR('',#1232,1.);
#1232 = DIRECTION('',(-0.,-0.,-1.));
#1233 = DEFINITIONAL_REPRESENTATION('',(#1234),#1238);
#1234 = LINE('',#1235,#1236);
#1235 = CARTESIAN_POINT('',(0.,0.));
#1236 = VECTOR('',#1237,1.);
#1237 = DIRECTION('',(1.,0.));
#1238 = ( GEOMETRIC_REPRESENTATION_CONTEXT(2) 
PARAMETRIC_REPRESENTATION_CONTEXT() REPRESENTATION_CONTEXT('2D SPACE',''
  ) );
#1239 = ORIENTED_EDGE('',*,*,#1240,.T.);
#1240 = EDGE_CURVE('',#1211,#1241,#1243,.T.);
#1241 = VERTEX_POINT('',#1242);
#1242 = CARTESIAN_POINT('',(-12.99853515625,4.7919921875,6.));
#1243 = SURFACE_CURVE('',#1244,(#1248,#1255),.PCURVE_S1.);
#1244 = B_SPLINE_CURVE_WITH_KNOTS('',2,(#1245,#1246,#1247),
  .UNSPECIFIED.,.F.,.F.,(3,3),(0.,1.),.PIECEWISE_BEZIER_KNOTS.);
#1245 = CARTESIAN_POINT('',(-13.18359375,4.7763671875,6.));
#1246 = CARTESIAN_POINT('',(-13.08544921875,4.7919921875,6.));
#1247 = CARTESIAN_POINT('',(-12.99853515625,4.7919921875,6.));
#1248 = PCURVE('',#152,#1249);
#1249 = DEFINITIONAL_REPRESENTATION('',(#1250),#1254);
#1250 = B_SPLINE_CURVE_WITH_KNOTS('',2,(#1251,#1252,#1253),
  .UNSPECIFIED.,.F.,.F.,(3,3),(0.,1.),.PIECEWISE_BEZIER_KNOTS.);
#1251 = CARTESIAN_POINT('',(6.81640625,12.2763671875));
#1252 = CARTESIAN_POINT('',(6.91455078125,12.2919921875));
#1253 = CARTESIAN_POINT('',(7.00146484375,12.2919921875));
#1254 = ( GEOMETRIC_REPRESENTATION_CONTEXT(2) 
PARAMETRIC_REPRESENTATION_CONTEXT() REPRESENTATION_CONTEXT('2D SPACE',''
  ) );
#1255 = PCURVE('',#1256,#1263);
#1256 = SURFACE_OF_LINEAR_EXTRUSION('',#1257,#1261);
#1257 = B_SPLINE_CURVE_WITH_KNOTS('',2,(#1258,#1259,#1260),
  .UNSPECIFIED.,.F.,.F.,(3,3),(0.,1.),.PIECEWISE_BEZIER_KNOTS.);
#1258 = CARTESIAN_POINT('',(-13.18359375,4.7763671875,6.));
#1259 = CARTESIAN_POINT('',(-13.08544921875,4.7919921875,6.));
#1260 = CARTESIAN_POINT('',(-12.99853515625,4.7919921875,6.));
#1261 = VECTOR('',#1262,1.);
#1262 = DIRECTION('',(-0.,-0.,-1.));
#1263 = DEFINITIONAL_REPRESENTATION('',(#1264),#1268);
#1264 = LINE('',#1265,#1266);
#1265 = CARTESIAN_POINT('',(0.,0.));
#1266 = VECTOR('',#1267,1.);
#1267 = DIRECTION('',(1.,0.));
#1268 = ( GEOMETRIC_REPRESENTATION_CONTEXT(2) 
PARAMETRIC_REPRESENTATION_CONTEXT() REPRESENTATION_CONTEXT('2D SPACE',''
  ) );
#1269 = ORIENTED_EDGE('',*,*,#1270,.T.);
#1270 = EDGE_CURVE('',#1241,#1271,#1273,.T.);
#1271 = VERTEX_POINT('',#1272);
#1272 = CARTESIAN_POINT('',(-12.64306640625,4.68994140625,6.));
#1273 = SURFACE_CURVE('',#1274,(#1278,#1285),.PCURVE_S1.);
#1274 = B_SPLINE_CURVE_WITH_KNOTS('',2,(#1275,#1276,#1277),
  .UNSPECIFIED.,.F.,.F.,(3,3),(0.,1.),.PIECEWISE_BEZIER_KNOTS.);
#1275 = CARTESIAN_POINT('',(-12.99853515625,4.7919921875,6.));
#1276 = CARTESIAN_POINT('',(-12.77392578125,4.7919921875,6.));
#1277 = CARTESIAN_POINT('',(-12.64306640625,4.68994140625,6.));
#1278 = PCURVE('',#152,#1279);
#1279 = DEFINITIONAL_REPRESENTATION('',(#1280),#1284);
#1280 = B_SPLINE_CURVE_WITH_KNOTS('',2,(#1281,#1282,#1283),
  .UNSPECIFIED.,.F.,.F.,(3,3),(0.,1.),.PIECEWISE_BEZIER_KNOTS.);
#1281 = CARTESIAN_POINT('',(7.00146484375,12.2919921875));
#1282 = CARTESIAN_POINT('',(7.22607421875,12.2919921875));
#1283 = CARTESIAN_POINT('',(7.35693359375,12.18994140625));
#1284 = ( GEOMETRIC_REPRESENTATION_CONTEXT(2) 
PARAMETRIC_REPRESENTATION_CONTEXT() REPRESENTATION_CONTEXT('2D SPACE',''
  ) );
#1285 = PCURVE('',#1286,#1293);
#1286 = SURFACE_OF_LINEAR_EXTRUSION('',#1287,#1291);
#1287 = B_SPLINE_CURVE_WITH_KNOTS('',2,(#1288,#1289,#1290),
  .UNSPECIFIED.,.F.,.F.,(3,3),(0.,1.),.PIECEWISE_BEZIER_KNOTS.);
#1288 = CARTESIAN_POINT('',(-12.99853515625,4.7919921875,6.));
#1289 = CARTESIAN_POINT('',(-12.77392578125,4.7919921875,6.));
#1290 = CARTESIAN_POINT('',(-12.64306640625,4.68994140625,6.));
#1291 = VECTOR('',#1292,1.);
#1292 = DIRECTION('',(-0.,-0.,-1.));
#1293 = DEFINITIONAL_REPRESENTATION('',(#1294),#1298);
#1294 = LINE('',#1295,#1296);
#1295 = CARTESIAN_POINT('',(0.,0.));
#1296 = VECTOR('',#1297,1.);
#1297 = DIRECTION('',(1.,0.));
#1298 = ( GEOMETRIC_REPRESENTATION_CONTEXT(2) 
PARAMETRIC_REPRESENTATION_CONTEXT() REPRESENTATION_CONTEXT('2D SPACE',''
  ) );
#1299 = ORIENTED_EDGE('',*,*,#1300,.T.);
#1300 = EDGE_CURVE('',#1271,#1301,#1303,.T.);
#1301 = VERTEX_POINT('',#1302);
#1302 = CARTESIAN_POINT('',(-12.51220703125,4.4140625,6.));
#1303 = SURFACE_CURVE('',#1304,(#1308,#1315),.PCURVE_S1.);
#1304 = B_SPLINE_CURVE_WITH_KNOTS('',2,(#1305,#1306,#1307),
  .UNSPECIFIED.,.F.,.F.,(3,3),(0.,1.),.PIECEWISE_BEZIER_KNOTS.);
#1305 = CARTESIAN_POINT('',(-12.64306640625,4.68994140625,6.));
#1306 = CARTESIAN_POINT('',(-12.51220703125,4.587890625,6.));
#1307 = CARTESIAN_POINT('',(-12.51220703125,4.4140625,6.));
#1308 = PCURVE('',#152,#1309);
#1309 = DEFINITIONAL_REPRESENTATION('',(#1310),#1314);
#1310 = B_SPLINE_CURVE_WITH_KNOTS('',2,(#1311,#1312,#1313),
  .UNSPECIFIED.,.F.,.F.,(3,3),(0.,1.),.PIECEWISE_BEZIER_KNOTS.);
#1311 = CARTESIAN_POINT('',(7.35693359375,12.18994140625));
#1312 = CARTESIAN_POINT('',(7.48779296875,12.087890625));
#1313 = CARTESIAN_POINT('',(7.48779296875,11.9140625));
#1314 = ( GEOMETRIC_REPRESENTATION_CONTEXT(2) 
PARAMETRIC_REPRESENTATION_CONTEXT() REPRESENTATION_CONTEXT('2D SPACE',''
  ) );
#1315 = PCURVE('',#1316,#1323);
#1316 = SURFACE_OF_LINEAR_EXTRUSION('',#1317,#1321);
#1317 = B_SPLINE_CURVE_WITH_KNOTS('',2,(#1318,#1319,#1320),
  .UNSPECIFIED.,.F.,.F.,(3,3),(0.,1.),.PIECEWISE_BEZIER_KNOTS.);
#1318 = CARTESIAN_POINT('',(-12.64306640625,4.68994140625,6.));
#1319 = CARTESIAN_POINT('',(-12.51220703125,4.587890625,6.));
#1320 = CARTESIAN_POINT('',(-12.51220703125,4.4140625,6.));
#1321 = VECTOR('',#1322,1.);
#1322 = DIRECTION('',(-0.,-0.,-1.));
#1323 = DEFINITIONAL_REPRESENTATION('',(#1324),#1328);
#1324 = LINE('',#1325,#1326);
#1325 = CARTESIAN_POINT('',(0.,0.));
#1326 = VECTOR('',#1327,1.);
#1327 = DIRECTION('',(1.,0.));
#1328 = ( GEOMETRIC_REPRESENTATION_CONTEXT(2) 
PARAMETRIC_REPRESENTATION_CONTEXT() REPRESENTATION_CONTEXT('2D SPACE',''
  ) );
#1329 = ORIENTED_EDGE('',*,*,#1330,.T.);
#1330 = EDGE_CURVE('',#1301,#499,#1331,.T.);
#1331 = SURFACE_CURVE('',#1332,(#1336,#1343),.PCURVE_S1.);
#1332 = B_SPLINE_CURVE_WITH_KNOTS('',2,(#1333,#1334,#1335),
  .UNSPECIFIED.,.F.,.F.,(3,3),(0.,1.),.PIECEWISE_BEZIER_KNOTS.);
#1333 = CARTESIAN_POINT('',(-12.51220703125,4.4140625,6.));
#1334 = CARTESIAN_POINT('',(-12.51220703125,4.29296875,6.));
#1335 = CARTESIAN_POINT('',(-12.58154296875,4.20947265625,6.));
#1336 = PCURVE('',#152,#1337);
#1337 = DEFINITIONAL_REPRESENTATION('',(#1338),#1342);
#1338 = B_SPLINE_CURVE_WITH_KNOTS('',2,(#1339,#1340,#1341),
  .UNSPECIFIED.,.F.,.F.,(3,3),(0.,1.),.PIECEWISE_BEZIER_KNOTS.);
#1339 = CARTESIAN_POINT('',(7.48779296875,11.9140625));
#1340 = CARTESIAN_POINT('',(7.48779296875,11.79296875));
#1341 = CARTESIAN_POINT('',(7.41845703125,11.70947265625));
#1342 = ( GEOMETRIC_REPRESENTATION_CONTEXT(2) 
PARAMETRIC_REPRESENTATION_CONTEXT() REPRESENTATION_CONTEXT('2D SPACE',''
  ) );
#1343 = PCURVE('',#1344,#1351);
#1344 = SURFACE_OF_LINEAR_EXTRUSION('',#1345,#1349);
#1345 = B_SPLINE_CURVE_WITH_KNOTS('',2,(#1346,#1347,#1348),
  .UNSPECIFIED.,.F.,.F.,(3,3),(0.,1.),.PIECEWISE_BEZIER_KNOTS.);
#1346 = CARTESIAN_POINT('',(-12.51220703125,4.4140625,6.));
#1347 = CARTESIAN_POINT('',(-12.51220703125,4.29296875,6.));
#1348 = CARTESIAN_POINT('',(-12.58154296875,4.20947265625,6.));
#1349 = VECTOR('',#1350,1.);
#1350 = DIRECTION('',(-0.,-0.,-1.));
#1351 = DEFINITIONAL_REPRESENTATION('',(#1352),#1356);
#1352 = LINE('',#1353,#1354);
#1353 = CARTESIAN_POINT('',(0.,0.));
#1354 = VECTOR('',#1355,1.);
#1355 = DIRECTION('',(1.,0.));
#1356 = ( GEOMETRIC_REPRESENTATION_CONTEXT(2) 
PARAMETRIC_REPRESENTATION_CONTEXT() REPRESENTATION_CONTEXT('2D SPACE',''
  ) );
#1357 = FACE_BOUND('',#1358,.T.);
#1358 = EDGE_LOOP('',(#1359,#1391,#1419,#1447,#1475,#1503,#1533,#1563,
    #1593,#1623,#1653,#1683,#1713,#1743,#1771,#1801,#1831,#1861,#1891,
    #1921,#1951));
#1359 = ORIENTED_EDGE('',*,*,#1360,.T.);
#1360 = EDGE_CURVE('',#1361,#1363,#1365,.T.);
#1361 = VERTEX_POINT('',#1362);
#1362 = CARTESIAN_POINT('',(-10.92919921875,3.85205078125,6.));
#1363 = VERTEX_POINT('',#1364);
#1364 = CARTESIAN_POINT('',(-11.29833984375,3.4736328125,6.));
#1365 = SURFACE_CURVE('',#1366,(#1370,#1377),.PCURVE_S1.);
#1366 = B_SPLINE_CURVE_WITH_KNOTS('',2,(#1367,#1368,#1369),
  .UNSPECIFIED.,.F.,.F.,(3,3),(0.,1.),.PIECEWISE_BEZIER_KNOTS.);
#1367 = CARTESIAN_POINT('',(-10.92919921875,3.85205078125,6.));
#1368 = CARTESIAN_POINT('',(-11.06005859375,3.716796875,6.));
#1369 = CARTESIAN_POINT('',(-11.29833984375,3.4736328125,6.));
#1370 = PCURVE('',#152,#1371);
#1371 = DEFINITIONAL_REPRESENTATION('',(#1372),#1376);
#1372 = B_SPLINE_CURVE_WITH_KNOTS('',2,(#1373,#1374,#1375),
  .UNSPECIFIED.,.F.,.F.,(3,3),(0.,1.),.PIECEWISE_BEZIER_KNOTS.);
#1373 = CARTESIAN_POINT('',(9.07080078125,11.35205078125));
#1374 = CARTESIAN_POINT('',(8.93994140625,11.216796875));
#1375 = CARTESIAN_POINT('',(8.70166015625,10.9736328125));
#1376 = ( GEOMETRIC_REPRESENTATION_CONTEXT(2) 
PARAMETRIC_REPRESENTATION_CONTEXT() REPRESENTATION_CONTEXT('2D SPACE',''
  ) );
#1377 = PCURVE('',#1378,#1385);
#1378 = SURFACE_OF_LINEAR_EXTRUSION('',#1379,#1383);
#1379 = B_SPLINE_CURVE_WITH_KNOTS('',2,(#1380,#1381,#1382),
  .UNSPECIFIED.,.F.,.F.,(3,3),(0.,1.),.PIECEWISE_BEZIER_KNOTS.);
#1380 = CARTESIAN_POINT('',(-10.92919921875,3.85205078125,6.));
#1381 = CARTESIAN_POINT('',(-11.06005859375,3.716796875,6.));
#1382 = CARTESIAN_POINT('',(-11.29833984375,3.4736328125,6.));
#1383 = VECTOR('',#1384,1.);
#1384 = DIRECTION('',(-0.,-0.,-1.));
#1385 = DEFINITIONAL_REPRESENTATION('',(#1386),#1390);
#1386 = LINE('',#1387,#1388);
#1387 = CARTESIAN_POINT('',(0.,0.));
#1388 = VECTOR('',#1389,1.);
#1389 = DIRECTION('',(1.,0.));
#1390 = ( GEOMETRIC_REPRESENTATION_CONTEXT(2) 
PARAMETRIC_REPRESENTATION_CONTEXT() REPRESENTATION_CONTEXT('2D SPACE',''
  ) );
#1391 = ORIENTED_EDGE('',*,*,#1392,.T.);
#1392 = EDGE_CURVE('',#1363,#1393,#1395,.T.);
#1393 = VERTEX_POINT('',#1394);
#1394 = CARTESIAN_POINT('',(-10.60986328125,3.4736328125,6.));
#1395 = SURFACE_CURVE('',#1396,(#1400,#1407),.PCURVE_S1.);
#1396 = LINE('',#1397,#1398);
#1397 = CARTESIAN_POINT('',(-11.29833984375,3.4736328125,6.));
#1398 = VECTOR('',#1399,1.);
#1399 = DIRECTION('',(1.,0.,0.));
#1400 = PCURVE('',#152,#1401);
#1401 = DEFINITIONAL_REPRESENTATION('',(#1402),#1406);
#1402 = LINE('',#1403,#1404);
#1403 = CARTESIAN_POINT('',(8.70166015625,10.9736328125));
#1404 = VECTOR('',#1405,1.);
#1405 = DIRECTION('',(1.,0.));
#1406 = ( GEOMETRIC_REPRESENTATION_CONTEXT(2) 
PARAMETRIC_REPRESENTATION_CONTEXT() REPRESENTATION_CONTEXT('2D SPACE',''
  ) );
#1407 = PCURVE('',#1408,#1413);
#1408 = PLANE('',#1409);
#1409 = AXIS2_PLACEMENT_3D('',#1410,#1411,#1412);
#1410 = CARTESIAN_POINT('',(-11.29833984375,3.4736328125,6.));
#1411 = DIRECTION('',(0.,1.,0.));
#1412 = DIRECTION('',(1.,0.,0.));
#1413 = DEFINITIONAL_REPRESENTATION('',(#1414),#1418);
#1414 = LINE('',#1415,#1416);
#1415 = CARTESIAN_POINT('',(0.,0.));
#1416 = VECTOR('',#1417,1.);
#1417 = DIRECTION('',(1.,0.));
#1418 = ( GEOMETRIC_REPRESENTATION_CONTEXT(2) 
PARAMETRIC_REPRESENTATION_CONTEXT() REPRESENTATION_CONTEXT('2D SPACE',''
  ) );
#1419 = ORIENTED_EDGE('',*,*,#1420,.T.);
#1420 = EDGE_CURVE('',#1393,#1421,#1423,.T.);
#1421 = VERTEX_POINT('',#1422);
#1422 = CARTESIAN_POINT('',(-10.60986328125,3.3076171875,6.));
#1423 = SURFACE_CURVE('',#1424,(#1428,#1435),.PCURVE_S1.);
#1424 = LINE('',#1425,#1426);
#1425 = CARTESIAN_POINT('',(-10.60986328125,3.4736328125,6.));
#1426 = VECTOR('',#1427,1.);
#1427 = DIRECTION('',(0.,-1.,0.));
#1428 = PCURVE('',#152,#1429);
#1429 = DEFINITIONAL_REPRESENTATION('',(#1430),#1434);
#1430 = LINE('',#1431,#1432);
#1431 = CARTESIAN_POINT('',(9.39013671875,10.9736328125));
#1432 = VECTOR('',#1433,1.);
#1433 = DIRECTION('',(0.,-1.));
#1434 = ( GEOMETRIC_REPRESENTATION_CONTEXT(2) 
PARAMETRIC_REPRESENTATION_CONTEXT() REPRESENTATION_CONTEXT('2D SPACE',''
  ) );
#1435 = PCURVE('',#1436,#1441);
#1436 = PLANE('',#1437);
#1437 = AXIS2_PLACEMENT_3D('',#1438,#1439,#1440);
#1438 = CARTESIAN_POINT('',(-10.60986328125,3.4736328125,6.));
#1439 = DIRECTION('',(1.,0.,0.));
#1440 = DIRECTION('',(0.,-1.,0.));
#1441 = DEFINITIONAL_REPRESENTATION('',(#1442),#1446);
#1442 = LINE('',#1443,#1444);
#1443 = CARTESIAN_POINT('',(0.,0.));
#1444 = VECTOR('',#1445,1.);
#1445 = DIRECTION('',(1.,0.));
#1446 = ( GEOMETRIC_REPRESENTATION_CONTEXT(2) 
PARAMETRIC_REPRESENTATION_CONTEXT() REPRESENTATION_CONTEXT('2D SPACE',''
  ) );
#1447 = ORIENTED_EDGE('',*,*,#1448,.T.);
#1448 = EDGE_CURVE('',#1421,#1449,#1451,.T.);
#1449 = VERTEX_POINT('',#1450);
#1450 = CARTESIAN_POINT('',(-11.53564453125,3.3076171875,6.));
#1451 = SURFACE_CURVE('',#1452,(#1456,#1463),.PCURVE_S1.);
#1452 = LINE('',#1453,#1454);
#1453 = CARTESIAN_POINT('',(-10.60986328125,3.3076171875,6.));
#1454 = VECTOR('',#1455,1.);
#1455 = DIRECTION('',(-1.,0.,0.));
#1456 = PCURVE('',#152,#1457);
#1457 = DEFINITIONAL_REPRESENTATION('',(#1458),#1462);
#1458 = LINE('',#1459,#1460);
#1459 = CARTESIAN_POINT('',(9.39013671875,10.8076171875));
#1460 = VECTOR('',#1461,1.);
#1461 = DIRECTION('',(-1.,0.));
#1462 = ( GEOMETRIC_REPRESENTATION_CONTEXT(2) 
PARAMETRIC_REPRESENTATION_CONTEXT() REPRESENTATION_CONTEXT('2D SPACE',''
  ) );
#1463 = PCURVE('',#1464,#1469);
#1464 = PLANE('',#1465);
#1465 = AXIS2_PLACEMENT_3D('',#1466,#1467,#1468);
#1466 = CARTESIAN_POINT('',(-10.60986328125,3.3076171875,6.));
#1467 = DIRECTION('',(0.,-1.,0.));
#1468 = DIRECTION('',(-1.,0.,0.));
#1469 = DEFINITIONAL_REPRESENTATION('',(#1470),#1474);
#1470 = LINE('',#1471,#1472);
#1471 = CARTESIAN_POINT('',(0.,-0.));
#1472 = VECTOR('',#1473,1.);
#1473 = DIRECTION('',(1.,0.));
#1474 = ( GEOMETRIC_REPRESENTATION_CONTEXT(2) 
PARAMETRIC_REPRESENTATION_CONTEXT() REPRESENTATION_CONTEXT('2D SPACE',''
  ) );
#1475 = ORIENTED_EDGE('',*,*,#1476,.T.);
#1476 = EDGE_CURVE('',#1449,#1477,#1479,.T.);
#1477 = VERTEX_POINT('',#1478);
#1478 = CARTESIAN_POINT('',(-11.53564453125,3.4736328125,6.));
#1479 = SURFACE_CURVE('',#1480,(#1484,#1491),.PCURVE_S1.);
#1480 = LINE('',#1481,#1482);
#1481 = CARTESIAN_POINT('',(-11.53564453125,3.3076171875,6.));
#1482 = VECTOR('',#1483,1.);
#1483 = DIRECTION('',(0.,1.,0.));
#1484 = PCURVE('',#152,#1485);
#1485 = DEFINITIONAL_REPRESENTATION('',(#1486),#1490);
#1486 = LINE('',#1487,#1488);
#1487 = CARTESIAN_POINT('',(8.46435546875,10.8076171875));
#1488 = VECTOR('',#1489,1.);
#1489 = DIRECTION('',(0.,1.));
#1490 = ( GEOMETRIC_REPRESENTATION_CONTEXT(2) 
PARAMETRIC_REPRESENTATION_CONTEXT() REPRESENTATION_CONTEXT('2D SPACE',''
  ) );
#1491 = PCURVE('',#1492,#1497);
#1492 = PLANE('',#1493);
#1493 = AXIS2_PLACEMENT_3D('',#1494,#1495,#1496);
#1494 = CARTESIAN_POINT('',(-11.53564453125,3.3076171875,6.));
#1495 = DIRECTION('',(-1.,0.,0.));
#1496 = DIRECTION('',(0.,1.,0.));
#1497 = DEFINITIONAL_REPRESENTATION('',(#1498),#1502);
#1498 = LINE('',#1499,#1500);
#1499 = CARTESIAN_POINT('',(0.,0.));
#1500 = VECTOR('',#1501,1.);
#1501 = DIRECTION('',(1.,0.));
#1502 = ( GEOMETRIC_REPRESENTATION_CONTEXT(2) 
PARAMETRIC_REPRESENTATION_CONTEXT() REPRESENTATION_CONTEXT('2D SPACE',''
  ) );
#1503 = ORIENTED_EDGE('',*,*,#1504,.T.);
#1504 = EDGE_CURVE('',#1477,#1505,#1507,.T.);
#1505 = VERTEX_POINT('',#1506);
#1506 = CARTESIAN_POINT('',(-11.2294921875,3.78564453125,6.));
#1507 = SURFACE_CURVE('',#1508,(#1512,#1519),.PCURVE_S1.);
#1508 = B_SPLINE_CURVE_WITH_KNOTS('',2,(#1509,#1510,#1511),
  .UNSPECIFIED.,.F.,.F.,(3,3),(0.,1.),.PIECEWISE_BEZIER_KNOTS.);
#1509 = CARTESIAN_POINT('',(-11.53564453125,3.4736328125,6.));
#1510 = CARTESIAN_POINT('',(-11.42333984375,3.58984375,6.));
#1511 = CARTESIAN_POINT('',(-11.2294921875,3.78564453125,6.));
#1512 = PCURVE('',#152,#1513);
#1513 = DEFINITIONAL_REPRESENTATION('',(#1514),#1518);
#1514 = B_SPLINE_CURVE_WITH_KNOTS('',2,(#1515,#1516,#1517),
  .UNSPECIFIED.,.F.,.F.,(3,3),(0.,1.),.PIECEWISE_BEZIER_KNOTS.);
#1515 = CARTESIAN_POINT('',(8.46435546875,10.9736328125));
#1516 = CARTESIAN_POINT('',(8.57666015625,11.08984375));
#1517 = CARTESIAN_POINT('',(8.7705078125,11.28564453125));
#1518 = ( GEOMETRIC_REPRESENTATION_CONTEXT(2) 
PARAMETRIC_REPRESENTATION_CONTEXT() REPRESENTATION_CONTEXT('2D SPACE',''
  ) );
#1519 = PCURVE('',#1520,#1527);
#1520 = SURFACE_OF_LINEAR_EXTRUSION('',#1521,#1525);
#1521 = B_SPLINE_CURVE_WITH_KNOTS('',2,(#1522,#1523,#1524),
  .UNSPECIFIED.,.F.,.F.,(3,3),(0.,1.),.PIECEWISE_BEZIER_KNOTS.);
#1522 = CARTESIAN_POINT('',(-11.53564453125,3.4736328125,6.));
#1523 = CARTESIAN_POINT('',(-11.42333984375,3.58984375,6.));
#1524 = CARTESIAN_POINT('',(-11.2294921875,3.78564453125,6.));
#1525 = VECTOR('',#1526,1.);
#1526 = DIRECTION('',(-0.,-0.,-1.));
#1527 = DEFINITIONAL_REPRESENTATION('',(#1528),#1532);
#1528 = LINE('',#1529,#1530);
#1529 = CARTESIAN_POINT('',(0.,0.));
#1530 = VECTOR('',#1531,1.);
#1531 = DIRECTION('',(1.,0.));
#1532 = ( GEOMETRIC_REPRESENTATION_CONTEXT(2) 
PARAMETRIC_REPRESENTATION_CONTEXT() REPRESENTATION_CONTEXT('2D SPACE',''
  ) );
#1533 = ORIENTED_EDGE('',*,*,#1534,.T.);
#1534 = EDGE_CURVE('',#1505,#1535,#1537,.T.);
#1535 = VERTEX_POINT('',#1536);
#1536 = CARTESIAN_POINT('',(-10.98583984375,4.0380859375,6.));
#1537 = SURFACE_CURVE('',#1538,(#1542,#1549),.PCURVE_S1.);
#1538 = B_SPLINE_CURVE_WITH_KNOTS('',2,(#1539,#1540,#1541),
  .UNSPECIFIED.,.F.,.F.,(3,3),(0.,1.),.PIECEWISE_BEZIER_KNOTS.);
#1539 = CARTESIAN_POINT('',(-11.2294921875,3.78564453125,6.));
#1540 = CARTESIAN_POINT('',(-11.03564453125,3.9814453125,6.));
#1541 = CARTESIAN_POINT('',(-10.98583984375,4.0380859375,6.));
#1542 = PCURVE('',#152,#1543);
#1543 = DEFINITIONAL_REPRESENTATION('',(#1544),#1548);
#1544 = B_SPLINE_CURVE_WITH_KNOTS('',2,(#1545,#1546,#1547),
  .UNSPECIFIED.,.F.,.F.,(3,3),(0.,1.),.PIECEWISE_BEZIER_KNOTS.);
#1545 = CARTESIAN_POINT('',(8.7705078125,11.28564453125));
#1546 = CARTESIAN_POINT('',(8.96435546875,11.4814453125));
#1547 = CARTESIAN_POINT('',(9.01416015625,11.5380859375));
#1548 = ( GEOMETRIC_REPRESENTATION_CONTEXT(2) 
PARAMETRIC_REPRESENTATION_CONTEXT() REPRESENTATION_CONTEXT('2D SPACE',''
  ) );
#1549 = PCURVE('',#1550,#1557);
#1550 = SURFACE_OF_LINEAR_EXTRUSION('',#1551,#1555);
#1551 = B_SPLINE_CURVE_WITH_KNOTS('',2,(#1552,#1553,#1554),
  .UNSPECIFIED.,.F.,.F.,(3,3),(0.,1.),.PIECEWISE_BEZIER_KNOTS.);
#1552 = CARTESIAN_POINT('',(-11.2294921875,3.78564453125,6.));
#1553 = CARTESIAN_POINT('',(-11.03564453125,3.9814453125,6.));
#1554 = CARTESIAN_POINT('',(-10.98583984375,4.0380859375,6.));
#1555 = VECTOR('',#1556,1.);
#1556 = DIRECTION('',(-0.,-0.,-1.));
#1557 = DEFINITIONAL_REPRESENTATION('',(#1558),#1562);
#1558 = LINE('',#1559,#1560);
#1559 = CARTESIAN_POINT('',(0.,0.));
#1560 = VECTOR('',#1561,1.);
#1561 = DIRECTION('',(1.,0.));
#1562 = ( GEOMETRIC_REPRESENTATION_CONTEXT(2) 
PARAMETRIC_REPRESENTATION_CONTEXT() REPRESENTATION_CONTEXT('2D SPACE',''
  ) );
#1563 = ORIENTED_EDGE('',*,*,#1564,.T.);
#1564 = EDGE_CURVE('',#1535,#1565,#1567,.T.);
#1565 = VERTEX_POINT('',#1566);
#1566 = CARTESIAN_POINT('',(-10.853515625,4.21826171875,6.));
#1567 = SURFACE_CURVE('',#1568,(#1572,#1579),.PCURVE_S1.);
#1568 = B_SPLINE_CURVE_WITH_KNOTS('',2,(#1569,#1570,#1571),
  .UNSPECIFIED.,.F.,.F.,(3,3),(0.,1.),.PIECEWISE_BEZIER_KNOTS.);
#1569 = CARTESIAN_POINT('',(-10.98583984375,4.0380859375,6.));
#1570 = CARTESIAN_POINT('',(-10.89111328125,4.14453125,6.));
#1571 = CARTESIAN_POINT('',(-10.853515625,4.21826171875,6.));
#1572 = PCURVE('',#152,#1573);
#1573 = DEFINITIONAL_REPRESENTATION('',(#1574),#1578);
#1574 = B_SPLINE_CURVE_WITH_KNOTS('',2,(#1575,#1576,#1577),
  .UNSPECIFIED.,.F.,.F.,(3,3),(0.,1.),.PIECEWISE_BEZIER_KNOTS.);
#1575 = CARTESIAN_POINT('',(9.01416015625,11.5380859375));
#1576 = CARTESIAN_POINT('',(9.10888671875,11.64453125));
#1577 = CARTESIAN_POINT('',(9.146484375,11.71826171875));
#1578 = ( GEOMETRIC_REPRESENTATION_CONTEXT(2) 
PARAMETRIC_REPRESENTATION_CONTEXT() REPRESENTATION_CONTEXT('2D SPACE',''
  ) );
#1579 = PCURVE('',#1580,#1587);
#1580 = SURFACE_OF_LINEAR_EXTRUSION('',#1581,#1585);
#1581 = B_SPLINE_CURVE_WITH_KNOTS('',2,(#1582,#1583,#1584),
  .UNSPECIFIED.,.F.,.F.,(3,3),(0.,1.),.PIECEWISE_BEZIER_KNOTS.);
#1582 = CARTESIAN_POINT('',(-10.98583984375,4.0380859375,6.));
#1583 = CARTESIAN_POINT('',(-10.89111328125,4.14453125,6.));
#1584 = CARTESIAN_POINT('',(-10.853515625,4.21826171875,6.));
#1585 = VECTOR('',#1586,1.);
#1586 = DIRECTION('',(-0.,-0.,-1.));
#1587 = DEFINITIONAL_REPRESENTATION('',(#1588),#1592);
#1588 = LINE('',#1589,#1590);
#1589 = CARTESIAN_POINT('',(0.,0.));
#1590 = VECTOR('',#1591,1.);
#1591 = DIRECTION('',(1.,0.));
#1592 = ( GEOMETRIC_REPRESENTATION_CONTEXT(2) 
PARAMETRIC_REPRESENTATION_CONTEXT() REPRESENTATION_CONTEXT('2D SPACE',''
  ) );
#1593 = ORIENTED_EDGE('',*,*,#1594,.T.);
#1594 = EDGE_CURVE('',#1565,#1595,#1597,.T.);
#1595 = VERTEX_POINT('',#1596);
#1596 = CARTESIAN_POINT('',(-10.81591796875,4.36328125,6.));
#1597 = SURFACE_CURVE('',#1598,(#1602,#1609),.PCURVE_S1.);
#1598 = B_SPLINE_CURVE_WITH_KNOTS('',2,(#1599,#1600,#1601),
  .UNSPECIFIED.,.F.,.F.,(3,3),(0.,1.),.PIECEWISE_BEZIER_KNOTS.);
#1599 = CARTESIAN_POINT('',(-10.853515625,4.21826171875,6.));
#1600 = CARTESIAN_POINT('',(-10.81591796875,4.2919921875,6.));
#1601 = CARTESIAN_POINT('',(-10.81591796875,4.36328125,6.));
#1602 = PCURVE('',#152,#1603);
#1603 = DEFINITIONAL_REPRESENTATION('',(#1604),#1608);
#1604 = B_SPLINE_CURVE_WITH_KNOTS('',2,(#1605,#1606,#1607),
  .UNSPECIFIED.,.F.,.F.,(3,3),(0.,1.),.PIECEWISE_BEZIER_KNOTS.);
#1605 = CARTESIAN_POINT('',(9.146484375,11.71826171875));
#1606 = CARTESIAN_POINT('',(9.18408203125,11.7919921875));
#1607 = CARTESIAN_POINT('',(9.18408203125,11.86328125));
#1608 = ( GEOMETRIC_REPRESENTATION_CONTEXT(2) 
PARAMETRIC_REPRESENTATION_CONTEXT() REPRESENTATION_CONTEXT('2D SPACE',''
  ) );
#1609 = PCURVE('',#1610,#1617);
#1610 = SURFACE_OF_LINEAR_EXTRUSION('',#1611,#1615);
#1611 = B_SPLINE_CURVE_WITH_KNOTS('',2,(#1612,#1613,#1614),
  .UNSPECIFIED.,.F.,.F.,(3,3),(0.,1.),.PIECEWISE_BEZIER_KNOTS.);
#1612 = CARTESIAN_POINT('',(-10.853515625,4.21826171875,6.));
#1613 = CARTESIAN_POINT('',(-10.81591796875,4.2919921875,6.));
#1614 = CARTESIAN_POINT('',(-10.81591796875,4.36328125,6.));
#1615 = VECTOR('',#1616,1.);
#1616 = DIRECTION('',(-0.,-0.,-1.));
#1617 = DEFINITIONAL_REPRESENTATION('',(#1618),#1622);
#1618 = LINE('',#1619,#1620);
#1619 = CARTESIAN_POINT('',(0.,0.));
#1620 = VECTOR('',#1621,1.);
#1621 = DIRECTION('',(1.,0.));
#1622 = ( GEOMETRIC_REPRESENTATION_CONTEXT(2) 
PARAMETRIC_REPRESENTATION_CONTEXT() REPRESENTATION_CONTEXT('2D SPACE',''
  ) );
#1623 = ORIENTED_EDGE('',*,*,#1624,.T.);
#1624 = EDGE_CURVE('',#1595,#1625,#1627,.T.);
#1625 = VERTEX_POINT('',#1626);
#1626 = CARTESIAN_POINT('',(-10.8974609375,4.552734375,6.));
#1627 = SURFACE_CURVE('',#1628,(#1632,#1639),.PCURVE_S1.);
#1628 = B_SPLINE_CURVE_WITH_KNOTS('',2,(#1629,#1630,#1631),
  .UNSPECIFIED.,.F.,.F.,(3,3),(0.,1.),.PIECEWISE_BEZIER_KNOTS.);
#1629 = CARTESIAN_POINT('',(-10.81591796875,4.36328125,6.));
#1630 = CARTESIAN_POINT('',(-10.81591796875,4.4794921875,6.));
#1631 = CARTESIAN_POINT('',(-10.8974609375,4.552734375,6.));
#1632 = PCURVE('',#152,#1633);
#1633 = DEFINITIONAL_REPRESENTATION('',(#1634),#1638);
#1634 = B_SPLINE_CURVE_WITH_KNOTS('',2,(#1635,#1636,#1637),
  .UNSPECIFIED.,.F.,.F.,(3,3),(0.,1.),.PIECEWISE_BEZIER_KNOTS.);
#1635 = CARTESIAN_POINT('',(9.18408203125,11.86328125));
#1636 = CARTESIAN_POINT('',(9.18408203125,11.9794921875));
#1637 = CARTESIAN_POINT('',(9.1025390625,12.052734375));
#1638 = ( GEOMETRIC_REPRESENTATION_CONTEXT(2) 
PARAMETRIC_REPRESENTATION_CONTEXT() REPRESENTATION_CONTEXT('2D SPACE',''
  ) );
#1639 = PCURVE('',#1640,#1647);
#1640 = SURFACE_OF_LINEAR_EXTRUSION('',#1641,#1645);
#1641 = B_SPLINE_CURVE_WITH_KNOTS('',2,(#1642,#1643,#1644),
  .UNSPECIFIED.,.F.,.F.,(3,3),(0.,1.),.PIECEWISE_BEZIER_KNOTS.);
#1642 = CARTESIAN_POINT('',(-10.81591796875,4.36328125,6.));
#1643 = CARTESIAN_POINT('',(-10.81591796875,4.4794921875,6.));
#1644 = CARTESIAN_POINT('',(-10.8974609375,4.552734375,6.));
#1645 = VECTOR('',#1646,1.);
#1646 = DIRECTION('',(-0.,-0.,-1.));
#1647 = DEFINITIONAL_REPRESENTATION('',(#1648),#1652);
#1648 = LINE('',#1649,#1650);
#1649 = CARTESIAN_POINT('',(0.,0.));
#1650 = VECTOR('',#1651,1.);
#1651 = DIRECTION('',(1.,0.));
#1652 = ( GEOMETRIC_REPRESENTATION_CONTEXT(2) 
PARAMETRIC_REPRESENTATION_CONTEXT() REPRESENTATION_CONTEXT('2D SPACE',''
  ) );
#1653 = ORIENTED_EDGE('',*,*,#1654,.T.);
#1654 = EDGE_CURVE('',#1625,#1655,#1657,.T.);
#1655 = VERTEX_POINT('',#1656);
#1656 = CARTESIAN_POINT('',(-11.10986328125,4.6259765625,6.));
#1657 = SURFACE_CURVE('',#1658,(#1662,#1669),.PCURVE_S1.);
#1658 = B_SPLINE_CURVE_WITH_KNOTS('',2,(#1659,#1660,#1661),
  .UNSPECIFIED.,.F.,.F.,(3,3),(0.,1.),.PIECEWISE_BEZIER_KNOTS.);
#1659 = CARTESIAN_POINT('',(-10.8974609375,4.552734375,6.));
#1660 = CARTESIAN_POINT('',(-10.97900390625,4.6259765625,6.));
#1661 = CARTESIAN_POINT('',(-11.10986328125,4.6259765625,6.));
#1662 = PCURVE('',#152,#1663);
#1663 = DEFINITIONAL_REPRESENTATION('',(#1664),#1668);
#1664 = B_SPLINE_CURVE_WITH_KNOTS('',2,(#1665,#1666,#1667),
  .UNSPECIFIED.,.F.,.F.,(3,3),(0.,1.),.PIECEWISE_BEZIER_KNOTS.);
#1665 = CARTESIAN_POINT('',(9.1025390625,12.052734375));
#1666 = CARTESIAN_POINT('',(9.02099609375,12.1259765625));
#1667 = CARTESIAN_POINT('',(8.89013671875,12.1259765625));
#1668 = ( GEOMETRIC_REPRESENTATION_CONTEXT(2) 
PARAMETRIC_REPRESENTATION_CONTEXT() REPRESENTATION_CONTEXT('2D SPACE',''
  ) );
#1669 = PCURVE('',#1670,#1677);
#1670 = SURFACE_OF_LINEAR_EXTRUSION('',#1671,#1675);
#1671 = B_SPLINE_CURVE_WITH_KNOTS('',2,(#1672,#1673,#1674),
  .UNSPECIFIED.,.F.,.F.,(3,3),(0.,1.),.PIECEWISE_BEZIER_KNOTS.);
#1672 = CARTESIAN_POINT('',(-10.8974609375,4.552734375,6.));
#1673 = CARTESIAN_POINT('',(-10.97900390625,4.6259765625,6.));
#1674 = CARTESIAN_POINT('',(-11.10986328125,4.6259765625,6.));
#1675 = VECTOR('',#1676,1.);
#1676 = DIRECTION('',(-0.,-0.,-1.));
#1677 = DEFINITIONAL_REPRESENTATION('',(#1678),#1682);
#1678 = LINE('',#1679,#1680);
#1679 = CARTESIAN_POINT('',(0.,0.));
#1680 = VECTOR('',#1681,1.);
#1681 = DIRECTION('',(1.,0.));
#1682 = ( GEOMETRIC_REPRESENTATION_CONTEXT(2) 
PARAMETRIC_REPRESENTATION_CONTEXT() REPRESENTATION_CONTEXT('2D SPACE',''
  ) );
#1683 = ORIENTED_EDGE('',*,*,#1684,.T.);
#1684 = EDGE_CURVE('',#1655,#1685,#1687,.T.);
#1685 = VERTEX_POINT('',#1686);
#1686 = CARTESIAN_POINT('',(-11.3056640625,4.59375,6.));
#1687 = SURFACE_CURVE('',#1688,(#1692,#1699),.PCURVE_S1.);
#1688 = B_SPLINE_CURVE_WITH_KNOTS('',2,(#1689,#1690,#1691),
  .UNSPECIFIED.,.F.,.F.,(3,3),(0.,1.),.PIECEWISE_BEZIER_KNOTS.);
#1689 = CARTESIAN_POINT('',(-11.10986328125,4.6259765625,6.));
#1690 = CARTESIAN_POINT('',(-11.20263671875,4.6259765625,6.));
#1691 = CARTESIAN_POINT('',(-11.3056640625,4.59375,6.));
#1692 = PCURVE('',#152,#1693);
#1693 = DEFINITIONAL_REPRESENTATION('',(#1694),#1698);
#1694 = B_SPLINE_CURVE_WITH_KNOTS('',2,(#1695,#1696,#1697),
  .UNSPECIFIED.,.F.,.F.,(3,3),(0.,1.),.PIECEWISE_BEZIER_KNOTS.);
#1695 = CARTESIAN_POINT('',(8.89013671875,12.1259765625));
#1696 = CARTESIAN_POINT('',(8.79736328125,12.1259765625));
#1697 = CARTESIAN_POINT('',(8.6943359375,12.09375));
#1698 = ( GEOMETRIC_REPRESENTATION_CONTEXT(2) 
PARAMETRIC_REPRESENTATION_CONTEXT() REPRESENTATION_CONTEXT('2D SPACE',''
  ) );
#1699 = PCURVE('',#1700,#1707);
#1700 = SURFACE_OF_LINEAR_EXTRUSION('',#1701,#1705);
#1701 = B_SPLINE_CURVE_WITH_KNOTS('',2,(#1702,#1703,#1704),
  .UNSPECIFIED.,.F.,.F.,(3,3),(0.,1.),.PIECEWISE_BEZIER_KNOTS.);
#1702 = CARTESIAN_POINT('',(-11.10986328125,4.6259765625,6.));
#1703 = CARTESIAN_POINT('',(-11.20263671875,4.6259765625,6.));
#1704 = CARTESIAN_POINT('',(-11.3056640625,4.59375,6.));
#1705 = VECTOR('',#1706,1.);
#1706 = DIRECTION('',(-0.,-0.,-1.));
#1707 = DEFINITIONAL_REPRESENTATION('',(#1708),#1712);
#1708 = LINE('',#1709,#1710);
#1709 = CARTESIAN_POINT('',(0.,0.));
#1710 = VECTOR('',#1711,1.);
#1711 = DIRECTION('',(1.,0.));
#1712 = ( GEOMETRIC_REPRESENTATION_CONTEXT(2) 
PARAMETRIC_REPRESENTATION_CONTEXT() REPRESENTATION_CONTEXT('2D SPACE',''
  ) );
#1713 = ORIENTED_EDGE('',*,*,#1714,.T.);
#1714 = EDGE_CURVE('',#1685,#1715,#1717,.T.);
#1715 = VERTEX_POINT('',#1716);
#1716 = CARTESIAN_POINT('',(-11.52587890625,4.49609375,6.));
#1717 = SURFACE_CURVE('',#1718,(#1722,#1729),.PCURVE_S1.);
#1718 = B_SPLINE_CURVE_WITH_KNOTS('',2,(#1719,#1720,#1721),
  .UNSPECIFIED.,.F.,.F.,(3,3),(0.,1.),.PIECEWISE_BEZIER_KNOTS.);
#1719 = CARTESIAN_POINT('',(-11.3056640625,4.59375,6.));
#1720 = CARTESIAN_POINT('',(-11.40869140625,4.5615234375,6.));
#1721 = CARTESIAN_POINT('',(-11.52587890625,4.49609375,6.));
#1722 = PCURVE('',#152,#1723);
#1723 = DEFINITIONAL_REPRESENTATION('',(#1724),#1728);
#1724 = B_SPLINE_CURVE_WITH_KNOTS('',2,(#1725,#1726,#1727),
  .UNSPECIFIED.,.F.,.F.,(3,3),(0.,1.),.PIECEWISE_BEZIER_KNOTS.);
#1725 = CARTESIAN_POINT('',(8.6943359375,12.09375));
#1726 = CARTESIAN_POINT('',(8.59130859375,12.0615234375));
#1727 = CARTESIAN_POINT('',(8.47412109375,11.99609375));
#1728 = ( GEOMETRIC_REPRESENTATION_CONTEXT(2) 
PARAMETRIC_REPRESENTATION_CONTEXT() REPRESENTATION_CONTEXT('2D SPACE',''
  ) );
#1729 = PCURVE('',#1730,#1737);
#1730 = SURFACE_OF_LINEAR_EXTRUSION('',#1731,#1735);
#1731 = B_SPLINE_CURVE_WITH_KNOTS('',2,(#1732,#1733,#1734),
  .UNSPECIFIED.,.F.,.F.,(3,3),(0.,1.),.PIECEWISE_BEZIER_KNOTS.);
#1732 = CARTESIAN_POINT('',(-11.3056640625,4.59375,6.));
#1733 = CARTESIAN_POINT('',(-11.40869140625,4.5615234375,6.));
#1734 = CARTESIAN_POINT('',(-11.52587890625,4.49609375,6.));
#1735 = VECTOR('',#1736,1.);
#1736 = DIRECTION('',(-0.,-0.,-1.));
#1737 = DEFINITIONAL_REPRESENTATION('',(#1738),#1742);
#1738 = LINE('',#1739,#1740);
#1739 = CARTESIAN_POINT('',(0.,0.));
#1740 = VECTOR('',#1741,1.);
#1741 = DIRECTION('',(1.,0.));
#1742 = ( GEOMETRIC_REPRESENTATION_CONTEXT(2) 
PARAMETRIC_REPRESENTATION_CONTEXT() REPRESENTATION_CONTEXT('2D SPACE',''
  ) );
#1743 = ORIENTED_EDGE('',*,*,#1744,.T.);
#1744 = EDGE_CURVE('',#1715,#1745,#1747,.T.);
#1745 = VERTEX_POINT('',#1746);
#1746 = CARTESIAN_POINT('',(-11.52587890625,4.6953125,6.));
#1747 = SURFACE_CURVE('',#1748,(#1752,#1759),.PCURVE_S1.);
#1748 = LINE('',#1749,#1750);
#1749 = CARTESIAN_POINT('',(-11.52587890625,4.49609375,6.));
#1750 = VECTOR('',#1751,1.);
#1751 = DIRECTION('',(0.,1.,0.));
#1752 = PCURVE('',#152,#1753);
#1753 = DEFINITIONAL_REPRESENTATION('',(#1754),#1758);
#1754 = LINE('',#1755,#1756);
#1755 = CARTESIAN_POINT('',(8.47412109375,11.99609375));
#1756 = VECTOR('',#1757,1.);
#1757 = DIRECTION('',(0.,1.));
#1758 = ( GEOMETRIC_REPRESENTATION_CONTEXT(2) 
PARAMETRIC_REPRESENTATION_CONTEXT() REPRESENTATION_CONTEXT('2D SPACE',''
  ) );
#1759 = PCURVE('',#1760,#1765);
#1760 = PLANE('',#1761);
#1761 = AXIS2_PLACEMENT_3D('',#1762,#1763,#1764);
#1762 = CARTESIAN_POINT('',(-11.52587890625,4.49609375,6.));
#1763 = DIRECTION('',(-1.,0.,0.));
#1764 = DIRECTION('',(0.,1.,0.));
#1765 = DEFINITIONAL_REPRESENTATION('',(#1766),#1770);
#1766 = LINE('',#1767,#1768);
#1767 = CARTESIAN_POINT('',(0.,0.));
#1768 = VECTOR('',#1769,1.);
#1769 = DIRECTION('',(1.,0.));
#1770 = ( GEOMETRIC_REPRESENTATION_CONTEXT(2) 
PARAMETRIC_REPRESENTATION_CONTEXT() REPRESENTATION_CONTEXT('2D SPACE',''
  ) );
#1771 = ORIENTED_EDGE('',*,*,#1772,.T.);
#1772 = EDGE_CURVE('',#1745,#1773,#1775,.T.);
#1773 = VERTEX_POINT('',#1774);
#1774 = CARTESIAN_POINT('',(-11.30322265625,4.767578125,6.));
#1775 = SURFACE_CURVE('',#1776,(#1780,#1787),.PCURVE_S1.);
#1776 = B_SPLINE_CURVE_WITH_KNOTS('',2,(#1777,#1778,#1779),
  .UNSPECIFIED.,.F.,.F.,(3,3),(0.,1.),.PIECEWISE_BEZIER_KNOTS.);
#1777 = CARTESIAN_POINT('',(-11.52587890625,4.6953125,6.));
#1778 = CARTESIAN_POINT('',(-11.40673828125,4.7431640625,6.));
#1779 = CARTESIAN_POINT('',(-11.30322265625,4.767578125,6.));
#1780 = PCURVE('',#152,#1781);
#1781 = DEFINITIONAL_REPRESENTATION('',(#1782),#1786);
#1782 = B_SPLINE_CURVE_WITH_KNOTS('',2,(#1783,#1784,#1785),
  .UNSPECIFIED.,.F.,.F.,(3,3),(0.,1.),.PIECEWISE_BEZIER_KNOTS.);
#1783 = CARTESIAN_POINT('',(8.47412109375,12.1953125));
#1784 = CARTESIAN_POINT('',(8.59326171875,12.2431640625));
#1785 = CARTESIAN_POINT('',(8.69677734375,12.267578125));
#1786 = ( GEOMETRIC_REPRESENTATION_CONTEXT(2) 
PARAMETRIC_REPRESENTATION_CONTEXT() REPRESENTATION_CONTEXT('2D SPACE',''
  ) );
#1787 = PCURVE('',#1788,#1795);
#1788 = SURFACE_OF_LINEAR_EXTRUSION('',#1789,#1793);
#1789 = B_SPLINE_CURVE_WITH_KNOTS('',2,(#1790,#1791,#1792),
  .UNSPECIFIED.,.F.,.F.,(3,3),(0.,1.),.PIECEWISE_BEZIER_KNOTS.);
#1790 = CARTESIAN_POINT('',(-11.52587890625,4.6953125,6.));
#1791 = CARTESIAN_POINT('',(-11.40673828125,4.7431640625,6.));
#1792 = CARTESIAN_POINT('',(-11.30322265625,4.767578125,6.));
#1793 = VECTOR('',#1794,1.);
#1794 = DIRECTION('',(-0.,-0.,-1.));
#1795 = DEFINITIONAL_REPRESENTATION('',(#1796),#1800);
#1796 = LINE('',#1797,#1798);
#1797 = CARTESIAN_POINT('',(0.,0.));
#1798 = VECTOR('',#1799,1.);
#1799 = DIRECTION('',(1.,0.));
#1800 = ( GEOMETRIC_REPRESENTATION_CONTEXT(2) 
PARAMETRIC_REPRESENTATION_CONTEXT() REPRESENTATION_CONTEXT('2D SPACE',''
  ) );
#1801 = ORIENTED_EDGE('',*,*,#1802,.T.);
#1802 = EDGE_CURVE('',#1773,#1803,#1805,.T.);
#1803 = VERTEX_POINT('',#1804);
#1804 = CARTESIAN_POINT('',(-11.11376953125,4.7919921875,6.));
#1805 = SURFACE_CURVE('',#1806,(#1810,#1817),.PCURVE_S1.);
#1806 = B_SPLINE_CURVE_WITH_KNOTS('',2,(#1807,#1808,#1809),
  .UNSPECIFIED.,.F.,.F.,(3,3),(0.,1.),.PIECEWISE_BEZIER_KNOTS.);
#1807 = CARTESIAN_POINT('',(-11.30322265625,4.767578125,6.));
#1808 = CARTESIAN_POINT('',(-11.19970703125,4.7919921875,6.));
#1809 = CARTESIAN_POINT('',(-11.11376953125,4.7919921875,6.));
#1810 = PCURVE('',#152,#1811);
#1811 = DEFINITIONAL_REPRESENTATION('',(#1812),#1816);
#1812 = B_SPLINE_CURVE_WITH_KNOTS('',2,(#1813,#1814,#1815),
  .UNSPECIFIED.,.F.,.F.,(3,3),(0.,1.),.PIECEWISE_BEZIER_KNOTS.);
#1813 = CARTESIAN_POINT('',(8.69677734375,12.267578125));
#1814 = CARTESIAN_POINT('',(8.80029296875,12.2919921875));
#1815 = CARTESIAN_POINT('',(8.88623046875,12.2919921875));
#1816 = ( GEOMETRIC_REPRESENTATION_CONTEXT(2) 
PARAMETRIC_REPRESENTATION_CONTEXT() REPRESENTATION_CONTEXT('2D SPACE',''
  ) );
#1817 = PCURVE('',#1818,#1825);
#1818 = SURFACE_OF_LINEAR_EXTRUSION('',#1819,#1823);
#1819 = B_SPLINE_CURVE_WITH_KNOTS('',2,(#1820,#1821,#1822),
  .UNSPECIFIED.,.F.,.F.,(3,3),(0.,1.),.PIECEWISE_BEZIER_KNOTS.);
#1820 = CARTESIAN_POINT('',(-11.30322265625,4.767578125,6.));
#1821 = CARTESIAN_POINT('',(-11.19970703125,4.7919921875,6.));
#1822 = CARTESIAN_POINT('',(-11.11376953125,4.7919921875,6.));
#1823 = VECTOR('',#1824,1.);
#1824 = DIRECTION('',(-0.,-0.,-1.));
#1825 = DEFINITIONAL_REPRESENTATION('',(#1826),#1830);
#1826 = LINE('',#1827,#1828);
#1827 = CARTESIAN_POINT('',(0.,0.));
#1828 = VECTOR('',#1829,1.);
#1829 = DIRECTION('',(1.,0.));
#1830 = ( GEOMETRIC_REPRESENTATION_CONTEXT(2) 
PARAMETRIC_REPRESENTATION_CONTEXT() REPRESENTATION_CONTEXT('2D SPACE',''
  ) );
#1831 = ORIENTED_EDGE('',*,*,#1832,.T.);
#1832 = EDGE_CURVE('',#1803,#1833,#1835,.T.);
#1833 = VERTEX_POINT('',#1834);
#1834 = CARTESIAN_POINT('',(-10.75244140625,4.6787109375,6.));
#1835 = SURFACE_CURVE('',#1836,(#1840,#1847),.PCURVE_S1.);
#1836 = B_SPLINE_CURVE_WITH_KNOTS('',2,(#1837,#1838,#1839),
  .UNSPECIFIED.,.F.,.F.,(3,3),(0.,1.),.PIECEWISE_BEZIER_KNOTS.);
#1837 = CARTESIAN_POINT('',(-11.11376953125,4.7919921875,6.));
#1838 = CARTESIAN_POINT('',(-10.88720703125,4.7919921875,6.));
#1839 = CARTESIAN_POINT('',(-10.75244140625,4.6787109375,6.));
#1840 = PCURVE('',#152,#1841);
#1841 = DEFINITIONAL_REPRESENTATION('',(#1842),#1846);
#1842 = B_SPLINE_CURVE_WITH_KNOTS('',2,(#1843,#1844,#1845),
  .UNSPECIFIED.,.F.,.F.,(3,3),(0.,1.),.PIECEWISE_BEZIER_KNOTS.);
#1843 = CARTESIAN_POINT('',(8.88623046875,12.2919921875));
#1844 = CARTESIAN_POINT('',(9.11279296875,12.2919921875));
#1845 = CARTESIAN_POINT('',(9.24755859375,12.1787109375));
#1846 = ( GEOMETRIC_REPRESENTATION_CONTEXT(2) 
PARAMETRIC_REPRESENTATION_CONTEXT() REPRESENTATION_CONTEXT('2D SPACE',''
  ) );
#1847 = PCURVE('',#1848,#1855);
#1848 = SURFACE_OF_LINEAR_EXTRUSION('',#1849,#1853);
#1849 = B_SPLINE_CURVE_WITH_KNOTS('',2,(#1850,#1851,#1852),
  .UNSPECIFIED.,.F.,.F.,(3,3),(0.,1.),.PIECEWISE_BEZIER_KNOTS.);
#1850 = CARTESIAN_POINT('',(-11.11376953125,4.7919921875,6.));
#1851 = CARTESIAN_POINT('',(-10.88720703125,4.7919921875,6.));
#1852 = CARTESIAN_POINT('',(-10.75244140625,4.6787109375,6.));
#1853 = VECTOR('',#1854,1.);
#1854 = DIRECTION('',(-0.,-0.,-1.));
#1855 = DEFINITIONAL_REPRESENTATION('',(#1856),#1860);
#1856 = LINE('',#1857,#1858);
#1857 = CARTESIAN_POINT('',(0.,0.));
#1858 = VECTOR('',#1859,1.);
#1859 = DIRECTION('',(1.,0.));
#1860 = ( GEOMETRIC_REPRESENTATION_CONTEXT(2) 
PARAMETRIC_REPRESENTATION_CONTEXT() REPRESENTATION_CONTEXT('2D SPACE',''
  ) );
#1861 = ORIENTED_EDGE('',*,*,#1862,.T.);
#1862 = EDGE_CURVE('',#1833,#1863,#1865,.T.);
#1863 = VERTEX_POINT('',#1864);
#1864 = CARTESIAN_POINT('',(-10.61767578125,4.3759765625,6.));
#1865 = SURFACE_CURVE('',#1866,(#1870,#1877),.PCURVE_S1.);
#1866 = B_SPLINE_CURVE_WITH_KNOTS('',2,(#1867,#1868,#1869),
  .UNSPECIFIED.,.F.,.F.,(3,3),(0.,1.),.PIECEWISE_BEZIER_KNOTS.);
#1867 = CARTESIAN_POINT('',(-10.75244140625,4.6787109375,6.));
#1868 = CARTESIAN_POINT('',(-10.61767578125,4.5654296875,6.));
#1869 = CARTESIAN_POINT('',(-10.61767578125,4.3759765625,6.));
#1870 = PCURVE('',#152,#1871);
#1871 = DEFINITIONAL_REPRESENTATION('',(#1872),#1876);
#1872 = B_SPLINE_CURVE_WITH_KNOTS('',2,(#1873,#1874,#1875),
  .UNSPECIFIED.,.F.,.F.,(3,3),(0.,1.),.PIECEWISE_BEZIER_KNOTS.);
#1873 = CARTESIAN_POINT('',(9.24755859375,12.1787109375));
#1874 = CARTESIAN_POINT('',(9.38232421875,12.0654296875));
#1875 = CARTESIAN_POINT('',(9.38232421875,11.8759765625));
#1876 = ( GEOMETRIC_REPRESENTATION_CONTEXT(2) 
PARAMETRIC_REPRESENTATION_CONTEXT() REPRESENTATION_CONTEXT('2D SPACE',''
  ) );
#1877 = PCURVE('',#1878,#1885);
#1878 = SURFACE_OF_LINEAR_EXTRUSION('',#1879,#1883);
#1879 = B_SPLINE_CURVE_WITH_KNOTS('',2,(#1880,#1881,#1882),
  .UNSPECIFIED.,.F.,.F.,(3,3),(0.,1.),.PIECEWISE_BEZIER_KNOTS.);
#1880 = CARTESIAN_POINT('',(-10.75244140625,4.6787109375,6.));
#1881 = CARTESIAN_POINT('',(-10.61767578125,4.5654296875,6.));
#1882 = CARTESIAN_POINT('',(-10.61767578125,4.3759765625,6.));
#1883 = VECTOR('',#1884,1.);
#1884 = DIRECTION('',(-0.,-0.,-1.));
#1885 = DEFINITIONAL_REPRESENTATION('',(#1886),#1890);
#1886 = LINE('',#1887,#1888);
#1887 = CARTESIAN_POINT('',(0.,0.));
#1888 = VECTOR('',#1889,1.);
#1889 = DIRECTION('',(1.,0.));
#1890 = ( GEOMETRIC_REPRESENTATION_CONTEXT(2) 
PARAMETRIC_REPRESENTATION_CONTEXT() REPRESENTATION_CONTEXT('2D SPACE',''
  ) );
#1891 = ORIENTED_EDGE('',*,*,#1892,.T.);
#1892 = EDGE_CURVE('',#1863,#1893,#1895,.T.);
#1893 = VERTEX_POINT('',#1894);
#1894 = CARTESIAN_POINT('',(-10.6513671875,4.20556640625,6.));
#1895 = SURFACE_CURVE('',#1896,(#1900,#1907),.PCURVE_S1.);
#1896 = B_SPLINE_CURVE_WITH_KNOTS('',2,(#1897,#1898,#1899),
  .UNSPECIFIED.,.F.,.F.,(3,3),(0.,1.),.PIECEWISE_BEZIER_KNOTS.);
#1897 = CARTESIAN_POINT('',(-10.61767578125,4.3759765625,6.));
#1898 = CARTESIAN_POINT('',(-10.61767578125,4.2861328125,6.));
#1899 = CARTESIAN_POINT('',(-10.6513671875,4.20556640625,6.));
#1900 = PCURVE('',#152,#1901);
#1901 = DEFINITIONAL_REPRESENTATION('',(#1902),#1906);
#1902 = B_SPLINE_CURVE_WITH_KNOTS('',2,(#1903,#1904,#1905),
  .UNSPECIFIED.,.F.,.F.,(3,3),(0.,1.),.PIECEWISE_BEZIER_KNOTS.);
#1903 = CARTESIAN_POINT('',(9.38232421875,11.8759765625));
#1904 = CARTESIAN_POINT('',(9.38232421875,11.7861328125));
#1905 = CARTESIAN_POINT('',(9.3486328125,11.70556640625));
#1906 = ( GEOMETRIC_REPRESENTATION_CONTEXT(2) 
PARAMETRIC_REPRESENTATION_CONTEXT() REPRESENTATION_CONTEXT('2D SPACE',''
  ) );
#1907 = PCURVE('',#1908,#1915);
#1908 = SURFACE_OF_LINEAR_EXTRUSION('',#1909,#1913);
#1909 = B_SPLINE_CURVE_WITH_KNOTS('',2,(#1910,#1911,#1912),
  .UNSPECIFIED.,.F.,.F.,(3,3),(0.,1.),.PIECEWISE_BEZIER_KNOTS.);
#1910 = CARTESIAN_POINT('',(-10.61767578125,4.3759765625,6.));
#1911 = CARTESIAN_POINT('',(-10.61767578125,4.2861328125,6.));
#1912 = CARTESIAN_POINT('',(-10.6513671875,4.20556640625,6.));
#1913 = VECTOR('',#1914,1.);
#1914 = DIRECTION('',(-0.,-0.,-1.));
#1915 = DEFINITIONAL_REPRESENTATION('',(#1916),#1920);
#1916 = LINE('',#1917,#1918);
#1917 = CARTESIAN_POINT('',(0.,0.));
#1918 = VECTOR('',#1919,1.);
#1919 = DIRECTION('',(1.,0.));
#1920 = ( GEOMETRIC_REPRESENTATION_CONTEXT(2) 
PARAMETRIC_REPRESENTATION_CONTEXT() REPRESENTATION_CONTEXT('2D SPACE',''
  ) );
#1921 = ORIENTED_EDGE('',*,*,#1922,.T.);
#1922 = EDGE_CURVE('',#1893,#1923,#1925,.T.);
#1923 = VERTEX_POINT('',#1924);
#1924 = CARTESIAN_POINT('',(-10.77392578125,4.015625,6.));
#1925 = SURFACE_CURVE('',#1926,(#1930,#1937),.PCURVE_S1.);
#1926 = B_SPLINE_CURVE_WITH_KNOTS('',2,(#1927,#1928,#1929),
  .UNSPECIFIED.,.F.,.F.,(3,3),(0.,1.),.PIECEWISE_BEZIER_KNOTS.);
#1927 = CARTESIAN_POINT('',(-10.6513671875,4.20556640625,6.));
#1928 = CARTESIAN_POINT('',(-10.68505859375,4.125,6.));
#1929 = CARTESIAN_POINT('',(-10.77392578125,4.015625,6.));
#1930 = PCURVE('',#152,#1931);
#1931 = DEFINITIONAL_REPRESENTATION('',(#1932),#1936);
#1932 = B_SPLINE_CURVE_WITH_KNOTS('',2,(#1933,#1934,#1935),
  .UNSPECIFIED.,.F.,.F.,(3,3),(0.,1.),.PIECEWISE_BEZIER_KNOTS.);
#1933 = CARTESIAN_POINT('',(9.3486328125,11.70556640625));
#1934 = CARTESIAN_POINT('',(9.31494140625,11.625));
#1935 = CARTESIAN_POINT('',(9.22607421875,11.515625));
#1936 = ( GEOMETRIC_REPRESENTATION_CONTEXT(2) 
PARAMETRIC_REPRESENTATION_CONTEXT() REPRESENTATION_CONTEXT('2D SPACE',''
  ) );
#1937 = PCURVE('',#1938,#1945);
#1938 = SURFACE_OF_LINEAR_EXTRUSION('',#1939,#1943);
#1939 = B_SPLINE_CURVE_WITH_KNOTS('',2,(#1940,#1941,#1942),
  .UNSPECIFIED.,.F.,.F.,(3,3),(0.,1.),.PIECEWISE_BEZIER_KNOTS.);
#1940 = CARTESIAN_POINT('',(-10.6513671875,4.20556640625,6.));
#1941 = CARTESIAN_POINT('',(-10.68505859375,4.125,6.));
#1942 = CARTESIAN_POINT('',(-10.77392578125,4.015625,6.));
#1943 = VECTOR('',#1944,1.);
#1944 = DIRECTION('',(-0.,-0.,-1.));
#1945 = DEFINITIONAL_REPRESENTATION('',(#1946),#1950);
#1946 = LINE('',#1947,#1948);
#1947 = CARTESIAN_POINT('',(0.,0.));
#1948 = VECTOR('',#1949,1.);
#1949 = DIRECTION('',(1.,0.));
#1950 = ( GEOMETRIC_REPRESENTATION_CONTEXT(2) 
PARAMETRIC_REPRESENTATION_CONTEXT() REPRESENTATION_CONTEXT('2D SPACE',''
  ) );
#1951 = ORIENTED_EDGE('',*,*,#1952,.T.);
#1952 = EDGE_CURVE('',#1923,#1361,#1953,.T.);
#1953 = SURFACE_CURVE('',#1954,(#1958,#1965),.PCURVE_S1.);
#1954 = B_SPLINE_CURVE_WITH_KNOTS('',2,(#1955,#1956,#1957),
  .UNSPECIFIED.,.F.,.F.,(3,3),(0.,1.),.PIECEWISE_BEZIER_KNOTS.);
#1955 = CARTESIAN_POINT('',(-10.77392578125,4.015625,6.));
#1956 = CARTESIAN_POINT('',(-10.79833984375,3.9873046875,6.));
#1957 = CARTESIAN_POINT('',(-10.92919921875,3.85205078125,6.));
#1958 = PCURVE('',#152,#1959);
#1959 = DEFINITIONAL_REPRESENTATION('',(#1960),#1964);
#1960 = B_SPLINE_CURVE_WITH_KNOTS('',2,(#1961,#1962,#1963),
  .UNSPECIFIED.,.F.,.F.,(3,3),(0.,1.),.PIECEWISE_BEZIER_KNOTS.);
#1961 = CARTESIAN_POINT('',(9.22607421875,11.515625));
#1962 = CARTESIAN_POINT('',(9.20166015625,11.4873046875));
#1963 = CARTESIAN_POINT('',(9.07080078125,11.35205078125));
#1964 = ( GEOMETRIC_REPRESENTATION_CONTEXT(2) 
PARAMETRIC_REPRESENTATION_CONTEXT() REPRESENTATION_CONTEXT('2D SPACE',''
  ) );
#1965 = PCURVE('',#1966,#1973);
#1966 = SURFACE_OF_LINEAR_EXTRUSION('',#1967,#1971);
#1967 = B_SPLINE_CURVE_WITH_KNOTS('',2,(#1968,#1969,#1970),
  .UNSPECIFIED.,.F.,.F.,(3,3),(0.,1.),.PIECEWISE_BEZIER_KNOTS.);
#1968 = CARTESIAN_POINT('',(-10.77392578125,4.015625,6.));
#1969 = CARTESIAN_POINT('',(-10.79833984375,3.9873046875,6.));
#1970 = CARTESIAN_POINT('',(-10.92919921875,3.85205078125,6.));
#1971 = VECTOR('',#1972,1.);
#1972 = DIRECTION('',(-0.,-0.,-1.));
#1973 = DEFINITIONAL_REPRESENTATION('',(#1974),#1978);
#1974 = LINE('',#1975,#1976);
#1975 = CARTESIAN_POINT('',(0.,0.));
#1976 = VECTOR('',#1977,1.);
#1977 = DIRECTION('',(1.,0.));
#1978 = ( GEOMETRIC_REPRESENTATION_CONTEXT(2) 
PARAMETRIC_REPRESENTATION_CONTEXT() REPRESENTATION_CONTEXT('2D SPACE',''
  ) );
#1979 = FACE_BOUND('',#1980,.T.);
#1980 = EDGE_LOOP('',(#1981,#2011,#2039,#2067));
#1981 = ORIENTED_EDGE('',*,*,#1982,.T.);
#1982 = EDGE_CURVE('',#1983,#1985,#1987,.T.);
#1983 = VERTEX_POINT('',#1984);
#1984 = CARTESIAN_POINT('',(0.10205078125,3.3076171875,6.));
#1985 = VERTEX_POINT('',#1986);
#1986 = CARTESIAN_POINT('',(-0.10400390625,3.3076171875,6.));
#1987 = SURFACE_CURVE('',#1988,(#1992,#1999),.PCURVE_S1.);
#1988 = LINE('',#1989,#1990);
#1989 = CARTESIAN_POINT('',(0.10205078125,3.3076171875,6.));
#1990 = VECTOR('',#1991,1.);
#1991 = DIRECTION('',(-1.,0.,0.));
#1992 = PCURVE('',#152,#1993);
#1993 = DEFINITIONAL_REPRESENTATION('',(#1994),#1998);
#1994 = LINE('',#1995,#1996);
#1995 = CARTESIAN_POINT('',(20.10205078125,10.8076171875));
#1996 = VECTOR('',#1997,1.);
#1997 = DIRECTION('',(-1.,0.));
#1998 = ( GEOMETRIC_REPRESENTATION_CONTEXT(2) 
PARAMETRIC_REPRESENTATION_CONTEXT() REPRESENTATION_CONTEXT('2D SPACE',''
  ) );
#1999 = PCURVE('',#2000,#2005);
#2000 = PLANE('',#2001);
#2001 = AXIS2_PLACEMENT_3D('',#2002,#2003,#2004);
#2002 = CARTESIAN_POINT('',(0.10205078125,3.3076171875,6.));
#2003 = DIRECTION('',(0.,-1.,0.));
#2004 = DIRECTION('',(-1.,0.,0.));
#2005 = DEFINITIONAL_REPRESENTATION('',(#2006),#2010);
#2006 = LINE('',#2007,#2008);
#2007 = CARTESIAN_POINT('',(0.,-0.));
#2008 = VECTOR('',#2009,1.);
#2009 = DIRECTION('',(1.,0.));
#2010 = ( GEOMETRIC_REPRESENTATION_CONTEXT(2) 
PARAMETRIC_REPRESENTATION_CONTEXT() REPRESENTATION_CONTEXT('2D SPACE',''
  ) );
#2011 = ORIENTED_EDGE('',*,*,#2012,.T.);
#2012 = EDGE_CURVE('',#1985,#2013,#2015,.T.);
#2013 = VERTEX_POINT('',#2014);
#2014 = CARTESIAN_POINT('',(-0.10400390625,3.5556640625,6.));
#2015 = SURFACE_CURVE('',#2016,(#2020,#2027),.PCURVE_S1.);
#2016 = LINE('',#2017,#2018);
#2017 = CARTESIAN_POINT('',(-0.10400390625,3.3076171875,6.));
#2018 = VECTOR('',#2019,1.);
#2019 = DIRECTION('',(0.,1.,0.));
#2020 = PCURVE('',#152,#2021);
#2021 = DEFINITIONAL_REPRESENTATION('',(#2022),#2026);
#2022 = LINE('',#2023,#2024);
#2023 = CARTESIAN_POINT('',(19.89599609375,10.8076171875));
#2024 = VECTOR('',#2025,1.);
#2025 = DIRECTION('',(0.,1.));
#2026 = ( GEOMETRIC_REPRESENTATION_CONTEXT(2) 
PARAMETRIC_REPRESENTATION_CONTEXT() REPRESENTATION_CONTEXT('2D SPACE',''
  ) );
#2027 = PCURVE('',#2028,#2033);
#2028 = PLANE('',#2029);
#2029 = AXIS2_PLACEMENT_3D('',#2030,#2031,#2032);
#2030 = CARTESIAN_POINT('',(-0.10400390625,3.3076171875,6.));
#2031 = DIRECTION('',(-1.,0.,0.));
#2032 = DIRECTION('',(0.,1.,0.));
#2033 = DEFINITIONAL_REPRESENTATION('',(#2034),#2038);
#2034 = LINE('',#2035,#2036);
#2035 = CARTESIAN_POINT('',(0.,0.));
#2036 = VECTOR('',#2037,1.);
#2037 = DIRECTION('',(1.,0.));
#2038 = ( GEOMETRIC_REPRESENTATION_CONTEXT(2) 
PARAMETRIC_REPRESENTATION_CONTEXT() REPRESENTATION_CONTEXT('2D SPACE',''
  ) );
#2039 = ORIENTED_EDGE('',*,*,#2040,.T.);
#2040 = EDGE_CURVE('',#2013,#2041,#2043,.T.);
#2041 = VERTEX_POINT('',#2042);
#2042 = CARTESIAN_POINT('',(0.10205078125,3.5556640625,6.));
#2043 = SURFACE_CURVE('',#2044,(#2048,#2055),.PCURVE_S1.);
#2044 = LINE('',#2045,#2046);
#2045 = CARTESIAN_POINT('',(-0.10400390625,3.5556640625,6.));
#2046 = VECTOR('',#2047,1.);
#2047 = DIRECTION('',(1.,0.,0.));
#2048 = PCURVE('',#152,#2049);
#2049 = DEFINITIONAL_REPRESENTATION('',(#2050),#2054);
#2050 = LINE('',#2051,#2052);
#2051 = CARTESIAN_POINT('',(19.89599609375,11.0556640625));
#2052 = VECTOR('',#2053,1.);
#2053 = DIRECTION('',(1.,0.));
#2054 = ( GEOMETRIC_REPRESENTATION_CONTEXT(2) 
PARAMETRIC_REPRESENTATION_CONTEXT() REPRESENTATION_CONTEXT('2D SPACE',''
  ) );
#2055 = PCURVE('',#2056,#2061);
#2056 = PLANE('',#2057);
#2057 = AXIS2_PLACEMENT_3D('',#2058,#2059,#2060);
#2058 = CARTESIAN_POINT('',(-0.10400390625,3.5556640625,6.));
#2059 = DIRECTION('',(0.,1.,0.));
#2060 = DIRECTION('',(1.,0.,0.));
#2061 = DEFINITIONAL_REPRESENTATION('',(#2062),#2066);
#2062 = LINE('',#2063,#2064);
#2063 = CARTESIAN_POINT('',(0.,0.));
#2064 = VECTOR('',#2065,1.);
#2065 = DIRECTION('',(1.,0.));
#2066 = ( GEOMETRIC_REPRESENTATION_CONTEXT(2) 
PARAMETRIC_REPRESENTATION_CONTEXT() REPRESENTATION_CONTEXT('2D SPACE',''
  ) );
#2067 = ORIENTED_EDGE('',*,*,#2068,.T.);
#2068 = EDGE_CURVE('',#2041,#1983,#2069,.T.);
#2069 = SURFACE_CURVE('',#2070,(#2074,#2081),.PCURVE_S1.);
#2070 = LINE('',#2071,#2072);
#2071 = CARTESIAN_POINT('',(0.10205078125,3.5556640625,6.));
#2072 = VECTOR('',#2073,1.);
#2073 = DIRECTION('',(0.,-1.,0.));
#2074 = PCURVE('',#152,#2075);
#2075 = DEFINITIONAL_REPRESENTATION('',(#2076),#2080);
#2076 = LINE('',#2077,#2078);
#2077 = CARTESIAN_POINT('',(20.10205078125,11.0556640625));
#2078 = VECTOR('',#2079,1.);
#2079 = DIRECTION('',(0.,-1.));
#2080 = ( GEOMETRIC_REPRESENTATION_CONTEXT(2) 
PARAMETRIC_REPRESENTATION_CONTEXT() REPRESENTATION_CONTEXT('2D SPACE',''
  ) );
#2081 = PCURVE('',#2082,#2087);
#2082 = PLANE('',#2083);
#2083 = AXIS2_PLACEMENT_3D('',#2084,#2085,#2086);
#2084 = CARTESIAN_POINT('',(0.10205078125,3.5556640625,6.));
#2085 = DIRECTION('',(1.,0.,0.));
#2086 = DIRECTION('',(0.,-1.,0.));
#2087 = DEFINITIONAL_REPRESENTATION('',(#2088),#2092);
#2088 = LINE('',#2089,#2090);
#2089 = CARTESIAN_POINT('',(0.,0.));
#2090 = VECTOR('',#2091,1.);
#2091 = DIRECTION('',(1.,0.));
#2092 = ( GEOMETRIC_REPRESENTATION_CONTEXT(2) 
PARAMETRIC_REPRESENTATION_CONTEXT() REPRESENTATION_CONTEXT('2D SPACE',''
  ) );
#2093 = FACE_BOUND('',#2094,.T.);
#2094 = EDGE_LOOP('',(#2095,#2127,#2157,#2187,#2217,#2247,#2277,#2307,
    #2335,#2365,#2395,#2425,#2455,#2485,#2515,#2543,#2571,#2599,#2629,
    #2659,#2689,#2719,#2749,#2779,#2807,#2837,#2867,#2897,#2927));
#2095 = ORIENTED_EDGE('',*,*,#2096,.T.);
#2096 = EDGE_CURVE('',#2097,#2099,#2101,.T.);
#2097 = VERTEX_POINT('',#2098);
#2098 = CARTESIAN_POINT('',(-0.58154296875,4.20947265625,6.));
#2099 = VERTEX_POINT('',#2100);
#2100 = CARTESIAN_POINT('',(-0.77880859375,4.09375,6.));
#2101 = SURFACE_CURVE('',#2102,(#2106,#2113),.PCURVE_S1.);
#2102 = B_SPLINE_CURVE_WITH_KNOTS('',2,(#2103,#2104,#2105),
  .UNSPECIFIED.,.F.,.F.,(3,3),(0.,1.),.PIECEWISE_BEZIER_KNOTS.);
#2103 = CARTESIAN_POINT('',(-0.58154296875,4.20947265625,6.));
#2104 = CARTESIAN_POINT('',(-0.65087890625,4.1259765625,6.));
#2105 = CARTESIAN_POINT('',(-0.77880859375,4.09375,6.));
#2106 = PCURVE('',#152,#2107);
#2107 = DEFINITIONAL_REPRESENTATION('',(#2108),#2112);
#2108 = B_SPLINE_CURVE_WITH_KNOTS('',2,(#2109,#2110,#2111),
  .UNSPECIFIED.,.F.,.F.,(3,3),(0.,1.),.PIECEWISE_BEZIER_KNOTS.);
#2109 = CARTESIAN_POINT('',(19.41845703125,11.70947265625));
#2110 = CARTESIAN_POINT('',(19.34912109375,11.6259765625));
#2111 = CARTESIAN_POINT('',(19.22119140625,11.59375));
#2112 = ( GEOMETRIC_REPRESENTATION_CONTEXT(2) 
PARAMETRIC_REPRESENTATION_CONTEXT() REPRESENTATION_CONTEXT('2D SPACE',''
  ) );
#2113 = PCURVE('',#2114,#2121);
#2114 = SURFACE_OF_LINEAR_EXTRUSION('',#2115,#2119);
#2115 = B_SPLINE_CURVE_WITH_KNOTS('',2,(#2116,#2117,#2118),
  .UNSPECIFIED.,.F.,.F.,(3,3),(0.,1.),.PIECEWISE_BEZIER_KNOTS.);
#2116 = CARTESIAN_POINT('',(-0.58154296875,4.20947265625,6.));
#2117 = CARTESIAN_POINT('',(-0.65087890625,4.1259765625,6.));
#2118 = CARTESIAN_POINT('',(-0.77880859375,4.09375,6.));
#2119 = VECTOR('',#2120,1.);
#2120 = DIRECTION('',(-0.,-0.,-1.));
#2121 = DEFINITIONAL_REPRESENTATION('',(#2122),#2126);
#2122 = LINE('',#2123,#2124);
#2123 = CARTESIAN_POINT('',(0.,0.));
#2124 = VECTOR('',#2125,1.);
#2125 = DIRECTION('',(1.,0.));
#2126 = ( GEOMETRIC_REPRESENTATION_CONTEXT(2) 
PARAMETRIC_REPRESENTATION_CONTEXT() REPRESENTATION_CONTEXT('2D SPACE',''
  ) );
#2127 = ORIENTED_EDGE('',*,*,#2128,.T.);
#2128 = EDGE_CURVE('',#2099,#2129,#2131,.T.);
#2129 = VERTEX_POINT('',#2130);
#2130 = CARTESIAN_POINT('',(-0.5576171875,3.9677734375,6.));
#2131 = SURFACE_CURVE('',#2132,(#2136,#2143),.PCURVE_S1.);
#2132 = B_SPLINE_CURVE_WITH_KNOTS('',2,(#2133,#2134,#2135),
  .UNSPECIFIED.,.F.,.F.,(3,3),(0.,1.),.PIECEWISE_BEZIER_KNOTS.);
#2133 = CARTESIAN_POINT('',(-0.77880859375,4.09375,6.));
#2134 = CARTESIAN_POINT('',(-0.63720703125,4.0634765625,6.));
#2135 = CARTESIAN_POINT('',(-0.5576171875,3.9677734375,6.));
#2136 = PCURVE('',#152,#2137);
#2137 = DEFINITIONAL_REPRESENTATION('',(#2138),#2142);
#2138 = B_SPLINE_CURVE_WITH_KNOTS('',2,(#2139,#2140,#2141),
  .UNSPECIFIED.,.F.,.F.,(3,3),(0.,1.),.PIECEWISE_BEZIER_KNOTS.);
#2139 = CARTESIAN_POINT('',(19.22119140625,11.59375));
#2140 = CARTESIAN_POINT('',(19.36279296875,11.5634765625));
#2141 = CARTESIAN_POINT('',(19.4423828125,11.4677734375));
#2142 = ( GEOMETRIC_REPRESENTATION_CONTEXT(2) 
PARAMETRIC_REPRESENTATION_CONTEXT() REPRESENTATION_CONTEXT('2D SPACE',''
  ) );
#2143 = PCURVE('',#2144,#2151);
#2144 = SURFACE_OF_LINEAR_EXTRUSION('',#2145,#2149);
#2145 = B_SPLINE_CURVE_WITH_KNOTS('',2,(#2146,#2147,#2148),
  .UNSPECIFIED.,.F.,.F.,(3,3),(0.,1.),.PIECEWISE_BEZIER_KNOTS.);
#2146 = CARTESIAN_POINT('',(-0.77880859375,4.09375,6.));
#2147 = CARTESIAN_POINT('',(-0.63720703125,4.0634765625,6.));
#2148 = CARTESIAN_POINT('',(-0.5576171875,3.9677734375,6.));
#2149 = VECTOR('',#2150,1.);
#2150 = DIRECTION('',(-0.,-0.,-1.));
#2151 = DEFINITIONAL_REPRESENTATION('',(#2152),#2156);
#2152 = LINE('',#2153,#2154);
#2153 = CARTESIAN_POINT('',(0.,0.));
#2154 = VECTOR('',#2155,1.);
#2155 = DIRECTION('',(1.,0.));
#2156 = ( GEOMETRIC_REPRESENTATION_CONTEXT(2) 
PARAMETRIC_REPRESENTATION_CONTEXT() REPRESENTATION_CONTEXT('2D SPACE',''
  ) );
#2157 = ORIENTED_EDGE('',*,*,#2158,.T.);
#2158 = EDGE_CURVE('',#2129,#2159,#2161,.T.);
#2159 = VERTEX_POINT('',#2160);
#2160 = CARTESIAN_POINT('',(-0.47802734375,3.7314453125,6.));
#2161 = SURFACE_CURVE('',#2162,(#2166,#2173),.PCURVE_S1.);
#2162 = B_SPLINE_CURVE_WITH_KNOTS('',2,(#2163,#2164,#2165),
  .UNSPECIFIED.,.F.,.F.,(3,3),(0.,1.),.PIECEWISE_BEZIER_KNOTS.);
#2163 = CARTESIAN_POINT('',(-0.5576171875,3.9677734375,6.));
#2164 = CARTESIAN_POINT('',(-0.47802734375,3.8720703125,6.));
#2165 = CARTESIAN_POINT('',(-0.47802734375,3.7314453125,6.));
#2166 = PCURVE('',#152,#2167);
#2167 = DEFINITIONAL_REPRESENTATION('',(#2168),#2172);
#2168 = B_SPLINE_CURVE_WITH_KNOTS('',2,(#2169,#2170,#2171),
  .UNSPECIFIED.,.F.,.F.,(3,3),(0.,1.),.PIECEWISE_BEZIER_KNOTS.);
#2169 = CARTESIAN_POINT('',(19.4423828125,11.4677734375));
#2170 = CARTESIAN_POINT('',(19.52197265625,11.3720703125));
#2171 = CARTESIAN_POINT('',(19.52197265625,11.2314453125));
#2172 = ( GEOMETRIC_REPRESENTATION_CONTEXT(2) 
PARAMETRIC_REPRESENTATION_CONTEXT() REPRESENTATION_CONTEXT('2D SPACE',''
  ) );
#2173 = PCURVE('',#2174,#2181);
#2174 = SURFACE_OF_LINEAR_EXTRUSION('',#2175,#2179);
#2175 = B_SPLINE_CURVE_WITH_KNOTS('',2,(#2176,#2177,#2178),
  .UNSPECIFIED.,.F.,.F.,(3,3),(0.,1.),.PIECEWISE_BEZIER_KNOTS.);
#2176 = CARTESIAN_POINT('',(-0.5576171875,3.9677734375,6.));
#2177 = CARTESIAN_POINT('',(-0.47802734375,3.8720703125,6.));
#2178 = CARTESIAN_POINT('',(-0.47802734375,3.7314453125,6.));
#2179 = VECTOR('',#2180,1.);
#2180 = DIRECTION('',(-0.,-0.,-1.));
#2181 = DEFINITIONAL_REPRESENTATION('',(#2182),#2186);
#2182 = LINE('',#2183,#2184);
#2183 = CARTESIAN_POINT('',(0.,0.));
#2184 = VECTOR('',#2185,1.);
#2185 = DIRECTION('',(1.,0.));
#2186 = ( GEOMETRIC_REPRESENTATION_CONTEXT(2) 
PARAMETRIC_REPRESENTATION_CONTEXT() REPRESENTATION_CONTEXT('2D SPACE',''
  ) );
#2187 = ORIENTED_EDGE('',*,*,#2188,.T.);
#2188 = EDGE_CURVE('',#2159,#2189,#2191,.T.);
#2189 = VERTEX_POINT('',#2190);
#2190 = CARTESIAN_POINT('',(-0.62646484375,3.3974609375,6.));
#2191 = SURFACE_CURVE('',#2192,(#2196,#2203),.PCURVE_S1.);
#2192 = B_SPLINE_CURVE_WITH_KNOTS('',2,(#2193,#2194,#2195),
  .UNSPECIFIED.,.F.,.F.,(3,3),(0.,1.),.PIECEWISE_BEZIER_KNOTS.);
#2193 = CARTESIAN_POINT('',(-0.47802734375,3.7314453125,6.));
#2194 = CARTESIAN_POINT('',(-0.47802734375,3.515625,6.));
#2195 = CARTESIAN_POINT('',(-0.62646484375,3.3974609375,6.));
#2196 = PCURVE('',#152,#2197);
#2197 = DEFINITIONAL_REPRESENTATION('',(#2198),#2202);
#2198 = B_SPLINE_CURVE_WITH_KNOTS('',2,(#2199,#2200,#2201),
  .UNSPECIFIED.,.F.,.F.,(3,3),(0.,1.),.PIECEWISE_BEZIER_KNOTS.);
#2199 = CARTESIAN_POINT('',(19.52197265625,11.2314453125));
#2200 = CARTESIAN_POINT('',(19.52197265625,11.015625));
#2201 = CARTESIAN_POINT('',(19.37353515625,10.8974609375));
#2202 = ( GEOMETRIC_REPRESENTATION_CONTEXT(2) 
PARAMETRIC_REPRESENTATION_CONTEXT() REPRESENTATION_CONTEXT('2D SPACE',''
  ) );
#2203 = PCURVE('',#2204,#2211);
#2204 = SURFACE_OF_LINEAR_EXTRUSION('',#2205,#2209);
#2205 = B_SPLINE_CURVE_WITH_KNOTS('',2,(#2206,#2207,#2208),
  .UNSPECIFIED.,.F.,.F.,(3,3),(0.,1.),.PIECEWISE_BEZIER_KNOTS.);
#2206 = CARTESIAN_POINT('',(-0.47802734375,3.7314453125,6.));
#2207 = CARTESIAN_POINT('',(-0.47802734375,3.515625,6.));
#2208 = CARTESIAN_POINT('',(-0.62646484375,3.3974609375,6.));
#2209 = VECTOR('',#2210,1.);
#2210 = DIRECTION('',(-0.,-0.,-1.));
#2211 = DEFINITIONAL_REPRESENTATION('',(#2212),#2216);
#2212 = LINE('',#2213,#2214);
#2213 = CARTESIAN_POINT('',(0.,0.));
#2214 = VECTOR('',#2215,1.);
#2215 = DIRECTION('',(1.,0.));
#2216 = ( GEOMETRIC_REPRESENTATION_CONTEXT(2) 
PARAMETRIC_REPRESENTATION_CONTEXT() REPRESENTATION_CONTEXT('2D SPACE',''
  ) );
#2217 = ORIENTED_EDGE('',*,*,#2218,.T.);
#2218 = EDGE_CURVE('',#2189,#2219,#2221,.T.);
#2219 = VERTEX_POINT('',#2220);
#2220 = CARTESIAN_POINT('',(-1.04833984375,3.279296875,6.));
#2221 = SURFACE_CURVE('',#2222,(#2226,#2233),.PCURVE_S1.);
#2222 = B_SPLINE_CURVE_WITH_KNOTS('',2,(#2223,#2224,#2225),
  .UNSPECIFIED.,.F.,.F.,(3,3),(0.,1.),.PIECEWISE_BEZIER_KNOTS.);
#2223 = CARTESIAN_POINT('',(-0.62646484375,3.3974609375,6.));
#2224 = CARTESIAN_POINT('',(-0.77490234375,3.279296875,6.));
#2225 = CARTESIAN_POINT('',(-1.04833984375,3.279296875,6.));
#2226 = PCURVE('',#152,#2227);
#2227 = DEFINITIONAL_REPRESENTATION('',(#2228),#2232);
#2228 = B_SPLINE_CURVE_WITH_KNOTS('',2,(#2229,#2230,#2231),
  .UNSPECIFIED.,.F.,.F.,(3,3),(0.,1.),.PIECEWISE_BEZIER_KNOTS.);
#2229 = CARTESIAN_POINT('',(19.37353515625,10.8974609375));
#2230 = CARTESIAN_POINT('',(19.22509765625,10.779296875));
#2231 = CARTESIAN_POINT('',(18.95166015625,10.779296875));
#2232 = ( GEOMETRIC_REPRESENTATION_CONTEXT(2) 
PARAMETRIC_REPRESENTATION_CONTEXT() REPRESENTATION_CONTEXT('2D SPACE',''
  ) );
#2233 = PCURVE('',#2234,#2241);
#2234 = SURFACE_OF_LINEAR_EXTRUSION('',#2235,#2239);
#2235 = B_SPLINE_CURVE_WITH_KNOTS('',2,(#2236,#2237,#2238),
  .UNSPECIFIED.,.F.,.F.,(3,3),(0.,1.),.PIECEWISE_BEZIER_KNOTS.);
#2236 = CARTESIAN_POINT('',(-0.62646484375,3.3974609375,6.));
#2237 = CARTESIAN_POINT('',(-0.77490234375,3.279296875,6.));
#2238 = CARTESIAN_POINT('',(-1.04833984375,3.279296875,6.));
#2239 = VECTOR('',#2240,1.);
#2240 = DIRECTION('',(-0.,-0.,-1.));
#2241 = DEFINITIONAL_REPRESENTATION('',(#2242),#2246);
#2242 = LINE('',#2243,#2244);
#2243 = CARTESIAN_POINT('',(0.,0.));
#2244 = VECTOR('',#2245,1.);
#2245 = DIRECTION('',(1.,0.));
#2246 = ( GEOMETRIC_REPRESENTATION_CONTEXT(2) 
PARAMETRIC_REPRESENTATION_CONTEXT() REPRESENTATION_CONTEXT('2D SPACE',''
  ) );
#2247 = ORIENTED_EDGE('',*,*,#2248,.T.);
#2248 = EDGE_CURVE('',#2219,#2249,#2251,.T.);
#2249 = VERTEX_POINT('',#2250);
#2250 = CARTESIAN_POINT('',(-1.2373046875,3.29736328125,6.));
#2251 = SURFACE_CURVE('',#2252,(#2256,#2263),.PCURVE_S1.);
#2252 = B_SPLINE_CURVE_WITH_KNOTS('',2,(#2253,#2254,#2255),
  .UNSPECIFIED.,.F.,.F.,(3,3),(0.,1.),.PIECEWISE_BEZIER_KNOTS.);
#2253 = CARTESIAN_POINT('',(-1.04833984375,3.279296875,6.));
#2254 = CARTESIAN_POINT('',(-1.14013671875,3.279296875,6.));
#2255 = CARTESIAN_POINT('',(-1.2373046875,3.29736328125,6.));
#2256 = PCURVE('',#152,#2257);
#2257 = DEFINITIONAL_REPRESENTATION('',(#2258),#2262);
#2258 = B_SPLINE_CURVE_WITH_KNOTS('',2,(#2259,#2260,#2261),
  .UNSPECIFIED.,.F.,.F.,(3,3),(0.,1.),.PIECEWISE_BEZIER_KNOTS.);
#2259 = CARTESIAN_POINT('',(18.95166015625,10.779296875));
#2260 = CARTESIAN_POINT('',(18.85986328125,10.779296875));
#2261 = CARTESIAN_POINT('',(18.7626953125,10.79736328125));
#2262 = ( GEOMETRIC_REPRESENTATION_CONTEXT(2) 
PARAMETRIC_REPRESENTATION_CONTEXT() REPRESENTATION_CONTEXT('2D SPACE',''
  ) );
#2263 = PCURVE('',#2264,#2271);
#2264 = SURFACE_OF_LINEAR_EXTRUSION('',#2265,#2269);
#2265 = B_SPLINE_CURVE_WITH_KNOTS('',2,(#2266,#2267,#2268),
  .UNSPECIFIED.,.F.,.F.,(3,3),(0.,1.),.PIECEWISE_BEZIER_KNOTS.);
#2266 = CARTESIAN_POINT('',(-1.04833984375,3.279296875,6.));
#2267 = CARTESIAN_POINT('',(-1.14013671875,3.279296875,6.));
#2268 = CARTESIAN_POINT('',(-1.2373046875,3.29736328125,6.));
#2269 = VECTOR('',#2270,1.);
#2270 = DIRECTION('',(-0.,-0.,-1.));
#2271 = DEFINITIONAL_REPRESENTATION('',(#2272),#2276);
#2272 = LINE('',#2273,#2274);
#2273 = CARTESIAN_POINT('',(0.,0.));
#2274 = VECTOR('',#2275,1.);
#2275 = DIRECTION('',(1.,0.));
#2276 = ( GEOMETRIC_REPRESENTATION_CONTEXT(2) 
PARAMETRIC_REPRESENTATION_CONTEXT() REPRESENTATION_CONTEXT('2D SPACE',''
  ) );
#2277 = ORIENTED_EDGE('',*,*,#2278,.T.);
#2278 = EDGE_CURVE('',#2249,#2279,#2281,.T.);
#2279 = VERTEX_POINT('',#2280);
#2280 = CARTESIAN_POINT('',(-1.43798828125,3.3515625,6.));
#2281 = SURFACE_CURVE('',#2282,(#2286,#2293),.PCURVE_S1.);
#2282 = B_SPLINE_CURVE_WITH_KNOTS('',2,(#2283,#2284,#2285),
  .UNSPECIFIED.,.F.,.F.,(3,3),(0.,1.),.PIECEWISE_BEZIER_KNOTS.);
#2283 = CARTESIAN_POINT('',(-1.2373046875,3.29736328125,6.));
#2284 = CARTESIAN_POINT('',(-1.33447265625,3.3154296875,6.));
#2285 = CARTESIAN_POINT('',(-1.43798828125,3.3515625,6.));
#2286 = PCURVE('',#152,#2287);
#2287 = DEFINITIONAL_REPRESENTATION('',(#2288),#2292);
#2288 = B_SPLINE_CURVE_WITH_KNOTS('',2,(#2289,#2290,#2291),
  .UNSPECIFIED.,.F.,.F.,(3,3),(0.,1.),.PIECEWISE_BEZIER_KNOTS.);
#2289 = CARTESIAN_POINT('',(18.7626953125,10.79736328125));
#2290 = CARTESIAN_POINT('',(18.66552734375,10.8154296875));
#2291 = CARTESIAN_POINT('',(18.56201171875,10.8515625));
#2292 = ( GEOMETRIC_REPRESENTATION_CONTEXT(2) 
PARAMETRIC_REPRESENTATION_CONTEXT() REPRESENTATION_CONTEXT('2D SPACE',''
  ) );
#2293 = PCURVE('',#2294,#2301);
#2294 = SURFACE_OF_LINEAR_EXTRUSION('',#2295,#2299);
#2295 = B_SPLINE_CURVE_WITH_KNOTS('',2,(#2296,#2297,#2298),
  .UNSPECIFIED.,.F.,.F.,(3,3),(0.,1.),.PIECEWISE_BEZIER_KNOTS.);
#2296 = CARTESIAN_POINT('',(-1.2373046875,3.29736328125,6.));
#2297 = CARTESIAN_POINT('',(-1.33447265625,3.3154296875,6.));
#2298 = CARTESIAN_POINT('',(-1.43798828125,3.3515625,6.));
#2299 = VECTOR('',#2300,1.);
#2300 = DIRECTION('',(-0.,-0.,-1.));
#2301 = DEFINITIONAL_REPRESENTATION('',(#2302),#2306);
#2302 = LINE('',#2303,#2304);
#2303 = CARTESIAN_POINT('',(0.,0.));
#2304 = VECTOR('',#2305,1.);
#2305 = DIRECTION('',(1.,0.));
#2306 = ( GEOMETRIC_REPRESENTATION_CONTEXT(2) 
PARAMETRIC_REPRESENTATION_CONTEXT() REPRESENTATION_CONTEXT('2D SPACE',''
  ) );
#2307 = ORIENTED_EDGE('',*,*,#2308,.T.);
#2308 = EDGE_CURVE('',#2279,#2309,#2311,.T.);
#2309 = VERTEX_POINT('',#2310);
#2310 = CARTESIAN_POINT('',(-1.43798828125,3.5419921875,6.));
#2311 = SURFACE_CURVE('',#2312,(#2316,#2323),.PCURVE_S1.);
#2312 = LINE('',#2313,#2314);
#2313 = CARTESIAN_POINT('',(-1.43798828125,3.3515625,6.));
#2314 = VECTOR('',#2315,1.);
#2315 = DIRECTION('',(0.,1.,0.));
#2316 = PCURVE('',#152,#2317);
#2317 = DEFINITIONAL_REPRESENTATION('',(#2318),#2322);
#2318 = LINE('',#2319,#2320);
#2319 = CARTESIAN_POINT('',(18.56201171875,10.8515625));
#2320 = VECTOR('',#2321,1.);
#2321 = DIRECTION('',(0.,1.));
#2322 = ( GEOMETRIC_REPRESENTATION_CONTEXT(2) 
PARAMETRIC_REPRESENTATION_CONTEXT() REPRESENTATION_CONTEXT('2D SPACE',''
  ) );
#2323 = PCURVE('',#2324,#2329);
#2324 = PLANE('',#2325);
#2325 = AXIS2_PLACEMENT_3D('',#2326,#2327,#2328);
#2326 = CARTESIAN_POINT('',(-1.43798828125,3.3515625,6.));
#2327 = DIRECTION('',(-1.,0.,0.));
#2328 = DIRECTION('',(0.,1.,0.));
#2329 = DEFINITIONAL_REPRESENTATION('',(#2330),#2334);
#2330 = LINE('',#2331,#2332);
#2331 = CARTESIAN_POINT('',(0.,0.));
#2332 = VECTOR('',#2333,1.);
#2333 = DIRECTION('',(1.,0.));
#2334 = ( GEOMETRIC_REPRESENTATION_CONTEXT(2) 
PARAMETRIC_REPRESENTATION_CONTEXT() REPRESENTATION_CONTEXT('2D SPACE',''
  ) );
#2335 = ORIENTED_EDGE('',*,*,#2336,.T.);
#2336 = EDGE_CURVE('',#2309,#2337,#2339,.T.);
#2337 = VERTEX_POINT('',#2338);
#2338 = CARTESIAN_POINT('',(-1.25830078125,3.4697265625,6.));
#2339 = SURFACE_CURVE('',#2340,(#2344,#2351),.PCURVE_S1.);
#2340 = B_SPLINE_CURVE_WITH_KNOTS('',2,(#2341,#2342,#2343),
  .UNSPECIFIED.,.F.,.F.,(3,3),(0.,1.),.PIECEWISE_BEZIER_KNOTS.);
#2341 = CARTESIAN_POINT('',(-1.43798828125,3.5419921875,6.));
#2342 = CARTESIAN_POINT('',(-1.35595703125,3.494140625,6.));
#2343 = CARTESIAN_POINT('',(-1.25830078125,3.4697265625,6.));
#2344 = PCURVE('',#152,#2345);
#2345 = DEFINITIONAL_REPRESENTATION('',(#2346),#2350);
#2346 = B_SPLINE_CURVE_WITH_KNOTS('',2,(#2347,#2348,#2349),
  .UNSPECIFIED.,.F.,.F.,(3,3),(0.,1.),.PIECEWISE_BEZIER_KNOTS.);
#2347 = CARTESIAN_POINT('',(18.56201171875,11.0419921875));
#2348 = CARTESIAN_POINT('',(18.64404296875,10.994140625));
#2349 = CARTESIAN_POINT('',(18.74169921875,10.9697265625));
#2350 = ( GEOMETRIC_REPRESENTATION_CONTEXT(2) 
PARAMETRIC_REPRESENTATION_CONTEXT() REPRESENTATION_CONTEXT('2D SPACE',''
  ) );
#2351 = PCURVE('',#2352,#2359);
#2352 = SURFACE_OF_LINEAR_EXTRUSION('',#2353,#2357);
#2353 = B_SPLINE_CURVE_WITH_KNOTS('',2,(#2354,#2355,#2356),
  .UNSPECIFIED.,.F.,.F.,(3,3),(0.,1.),.PIECEWISE_BEZIER_KNOTS.);
#2354 = CARTESIAN_POINT('',(-1.43798828125,3.5419921875,6.));
#2355 = CARTESIAN_POINT('',(-1.35595703125,3.494140625,6.));
#2356 = CARTESIAN_POINT('',(-1.25830078125,3.4697265625,6.));
#2357 = VECTOR('',#2358,1.);
#2358 = DIRECTION('',(-0.,-0.,-1.));
#2359 = DEFINITIONAL_REPRESENTATION('',(#2360),#2364);
#2360 = LINE('',#2361,#2362);
#2361 = CARTESIAN_POINT('',(0.,0.));
#2362 = VECTOR('',#2363,1.);
#2363 = DIRECTION('',(1.,0.));
#2364 = ( GEOMETRIC_REPRESENTATION_CONTEXT(2) 
PARAMETRIC_REPRESENTATION_CONTEXT() REPRESENTATION_CONTEXT('2D SPACE',''
  ) );
#2365 = ORIENTED_EDGE('',*,*,#2366,.T.);
#2366 = EDGE_CURVE('',#2337,#2367,#2369,.T.);
#2367 = VERTEX_POINT('',#2368);
#2368 = CARTESIAN_POINT('',(-1.05419921875,3.4453125,6.));
#2369 = SURFACE_CURVE('',#2370,(#2374,#2381),.PCURVE_S1.);
#2370 = B_SPLINE_CURVE_WITH_KNOTS('',2,(#2371,#2372,#2373),
  .UNSPECIFIED.,.F.,.F.,(3,3),(0.,1.),.PIECEWISE_BEZIER_KNOTS.);
#2371 = CARTESIAN_POINT('',(-1.25830078125,3.4697265625,6.));
#2372 = CARTESIAN_POINT('',(-1.16064453125,3.4453125,6.));
#2373 = CARTESIAN_POINT('',(-1.05419921875,3.4453125,6.));
#2374 = PCURVE('',#152,#2375);
#2375 = DEFINITIONAL_REPRESENTATION('',(#2376),#2380);
#2376 = B_SPLINE_CURVE_WITH_KNOTS('',2,(#2377,#2378,#2379),
  .UNSPECIFIED.,.F.,.F.,(3,3),(0.,1.),.PIECEWISE_BEZIER_KNOTS.);
#2377 = CARTESIAN_POINT('',(18.74169921875,10.9697265625));
#2378 = CARTESIAN_POINT('',(18.83935546875,10.9453125));
#2379 = CARTESIAN_POINT('',(18.94580078125,10.9453125));
#2380 = ( GEOMETRIC_REPRESENTATION_CONTEXT(2) 
PARAMETRIC_REPRESENTATION_CONTEXT() REPRESENTATION_CONTEXT('2D SPACE',''
  ) );
#2381 = PCURVE('',#2382,#2389);
#2382 = SURFACE_OF_LINEAR_EXTRUSION('',#2383,#2387);
#2383 = B_SPLINE_CURVE_WITH_KNOTS('',2,(#2384,#2385,#2386),
  .UNSPECIFIED.,.F.,.F.,(3,3),(0.,1.),.PIECEWISE_BEZIER_KNOTS.);
#2384 = CARTESIAN_POINT('',(-1.25830078125,3.4697265625,6.));
#2385 = CARTESIAN_POINT('',(-1.16064453125,3.4453125,6.));
#2386 = CARTESIAN_POINT('',(-1.05419921875,3.4453125,6.));
#2387 = VECTOR('',#2388,1.);
#2388 = DIRECTION('',(-0.,-0.,-1.));
#2389 = DEFINITIONAL_REPRESENTATION('',(#2390),#2394);
#2390 = LINE('',#2391,#2392);
#2391 = CARTESIAN_POINT('',(0.,0.));
#2392 = VECTOR('',#2393,1.);
#2393 = DIRECTION('',(1.,0.));
#2394 = ( GEOMETRIC_REPRESENTATION_CONTEXT(2) 
PARAMETRIC_REPRESENTATION_CONTEXT() REPRESENTATION_CONTEXT('2D SPACE',''
  ) );
#2395 = ORIENTED_EDGE('',*,*,#2396,.T.);
#2396 = EDGE_CURVE('',#2367,#2397,#2399,.T.);
#2397 = VERTEX_POINT('',#2398);
#2398 = CARTESIAN_POINT('',(-0.771484375,3.5185546875,6.));
#2399 = SURFACE_CURVE('',#2400,(#2404,#2411),.PCURVE_S1.);
#2400 = B_SPLINE_CURVE_WITH_KNOTS('',2,(#2401,#2402,#2403),
  .UNSPECIFIED.,.F.,.F.,(3,3),(0.,1.),.PIECEWISE_BEZIER_KNOTS.);
#2401 = CARTESIAN_POINT('',(-1.05419921875,3.4453125,6.));
#2402 = CARTESIAN_POINT('',(-0.86865234375,3.4453125,6.));
#2403 = CARTESIAN_POINT('',(-0.771484375,3.5185546875,6.));
#2404 = PCURVE('',#152,#2405);
#2405 = DEFINITIONAL_REPRESENTATION('',(#2406),#2410);
#2406 = B_SPLINE_CURVE_WITH_KNOTS('',2,(#2407,#2408,#2409),
  .UNSPECIFIED.,.F.,.F.,(3,3),(0.,1.),.PIECEWISE_BEZIER_KNOTS.);
#2407 = CARTESIAN_POINT('',(18.94580078125,10.9453125));
#2408 = CARTESIAN_POINT('',(19.13134765625,10.9453125));
#2409 = CARTESIAN_POINT('',(19.228515625,11.0185546875));
#2410 = ( GEOMETRIC_REPRESENTATION_CONTEXT(2) 
PARAMETRIC_REPRESENTATION_CONTEXT() REPRESENTATION_CONTEXT('2D SPACE',''
  ) );
#2411 = PCURVE('',#2412,#2419);
#2412 = SURFACE_OF_LINEAR_EXTRUSION('',#2413,#2417);
#2413 = B_SPLINE_CURVE_WITH_KNOTS('',2,(#2414,#2415,#2416),
  .UNSPECIFIED.,.F.,.F.,(3,3),(0.,1.),.PIECEWISE_BEZIER_KNOTS.);
#2414 = CARTESIAN_POINT('',(-1.05419921875,3.4453125,6.));
#2415 = CARTESIAN_POINT('',(-0.86865234375,3.4453125,6.));
#2416 = CARTESIAN_POINT('',(-0.771484375,3.5185546875,6.));
#2417 = VECTOR('',#2418,1.);
#2418 = DIRECTION('',(-0.,-0.,-1.));
#2419 = DEFINITIONAL_REPRESENTATION('',(#2420),#2424);
#2420 = LINE('',#2421,#2422);
#2421 = CARTESIAN_POINT('',(0.,0.));
#2422 = VECTOR('',#2423,1.);
#2423 = DIRECTION('',(1.,0.));
#2424 = ( GEOMETRIC_REPRESENTATION_CONTEXT(2) 
PARAMETRIC_REPRESENTATION_CONTEXT() REPRESENTATION_CONTEXT('2D SPACE',''
  ) );
#2425 = ORIENTED_EDGE('',*,*,#2426,.T.);
#2426 = EDGE_CURVE('',#2397,#2427,#2429,.T.);
#2427 = VERTEX_POINT('',#2428);
#2428 = CARTESIAN_POINT('',(-0.67431640625,3.7314453125,6.));
#2429 = SURFACE_CURVE('',#2430,(#2434,#2441),.PCURVE_S1.);
#2430 = B_SPLINE_CURVE_WITH_KNOTS('',2,(#2431,#2432,#2433),
  .UNSPECIFIED.,.F.,.F.,(3,3),(0.,1.),.PIECEWISE_BEZIER_KNOTS.);
#2431 = CARTESIAN_POINT('',(-0.771484375,3.5185546875,6.));
#2432 = CARTESIAN_POINT('',(-0.67431640625,3.591796875,6.));
#2433 = CARTESIAN_POINT('',(-0.67431640625,3.7314453125,6.));
#2434 = PCURVE('',#152,#2435);
#2435 = DEFINITIONAL_REPRESENTATION('',(#2436),#2440);
#2436 = B_SPLINE_CURVE_WITH_KNOTS('',2,(#2437,#2438,#2439),
  .UNSPECIFIED.,.F.,.F.,(3,3),(0.,1.),.PIECEWISE_BEZIER_KNOTS.);
#2437 = CARTESIAN_POINT('',(19.228515625,11.0185546875));
#2438 = CARTESIAN_POINT('',(19.32568359375,11.091796875));
#2439 = CARTESIAN_POINT('',(19.32568359375,11.2314453125));
#2440 = ( GEOMETRIC_REPRESENTATION_CONTEXT(2) 
PARAMETRIC_REPRESENTATION_CONTEXT() REPRESENTATION_CONTEXT('2D SPACE',''
  ) );
#2441 = PCURVE('',#2442,#2449);
#2442 = SURFACE_OF_LINEAR_EXTRUSION('',#2443,#2447);
#2443 = B_SPLINE_CURVE_WITH_KNOTS('',2,(#2444,#2445,#2446),
  .UNSPECIFIED.,.F.,.F.,(3,3),(0.,1.),.PIECEWISE_BEZIER_KNOTS.);
#2444 = CARTESIAN_POINT('',(-0.771484375,3.5185546875,6.));
#2445 = CARTESIAN_POINT('',(-0.67431640625,3.591796875,6.));
#2446 = CARTESIAN_POINT('',(-0.67431640625,3.7314453125,6.));
#2447 = VECTOR('',#2448,1.);
#2448 = DIRECTION('',(-0.,-0.,-1.));
#2449 = DEFINITIONAL_REPRESENTATION('',(#2450),#2454);
#2450 = LINE('',#2451,#2452);
#2451 = CARTESIAN_POINT('',(0.,0.));
#2452 = VECTOR('',#2453,1.);
#2453 = DIRECTION('',(1.,0.));
#2454 = ( GEOMETRIC_REPRESENTATION_CONTEXT(2) 
PARAMETRIC_REPRESENTATION_CONTEXT() REPRESENTATION_CONTEXT('2D SPACE',''
  ) );
#2455 = ORIENTED_EDGE('',*,*,#2456,.T.);
#2456 = EDGE_CURVE('',#2427,#2457,#2459,.T.);
#2457 = VERTEX_POINT('',#2458);
#2458 = CARTESIAN_POINT('',(-0.7646484375,3.93310546875,6.));
#2459 = SURFACE_CURVE('',#2460,(#2464,#2471),.PCURVE_S1.);
#2460 = B_SPLINE_CURVE_WITH_KNOTS('',2,(#2461,#2462,#2463),
  .UNSPECIFIED.,.F.,.F.,(3,3),(0.,1.),.PIECEWISE_BEZIER_KNOTS.);
#2461 = CARTESIAN_POINT('',(-0.67431640625,3.7314453125,6.));
#2462 = CARTESIAN_POINT('',(-0.67431640625,3.8603515625,6.));
#2463 = CARTESIAN_POINT('',(-0.7646484375,3.93310546875,6.));
#2464 = PCURVE('',#152,#2465);
#2465 = DEFINITIONAL_REPRESENTATION('',(#2466),#2470);
#2466 = B_SPLINE_CURVE_WITH_KNOTS('',2,(#2467,#2468,#2469),
  .UNSPECIFIED.,.F.,.F.,(3,3),(0.,1.),.PIECEWISE_BEZIER_KNOTS.);
#2467 = CARTESIAN_POINT('',(19.32568359375,11.2314453125));
#2468 = CARTESIAN_POINT('',(19.32568359375,11.3603515625));
#2469 = CARTESIAN_POINT('',(19.2353515625,11.43310546875));
#2470 = ( GEOMETRIC_REPRESENTATION_CONTEXT(2) 
PARAMETRIC_REPRESENTATION_CONTEXT() REPRESENTATION_CONTEXT('2D SPACE',''
  ) );
#2471 = PCURVE('',#2472,#2479);
#2472 = SURFACE_OF_LINEAR_EXTRUSION('',#2473,#2477);
#2473 = B_SPLINE_CURVE_WITH_KNOTS('',2,(#2474,#2475,#2476),
  .UNSPECIFIED.,.F.,.F.,(3,3),(0.,1.),.PIECEWISE_BEZIER_KNOTS.);
#2474 = CARTESIAN_POINT('',(-0.67431640625,3.7314453125,6.));
#2475 = CARTESIAN_POINT('',(-0.67431640625,3.8603515625,6.));
#2476 = CARTESIAN_POINT('',(-0.7646484375,3.93310546875,6.));
#2477 = VECTOR('',#2478,1.);
#2478 = DIRECTION('',(-0.,-0.,-1.));
#2479 = DEFINITIONAL_REPRESENTATION('',(#2480),#2484);
#2480 = LINE('',#2481,#2482);
#2481 = CARTESIAN_POINT('',(0.,0.));
#2482 = VECTOR('',#2483,1.);
#2483 = DIRECTION('',(1.,0.));
#2484 = ( GEOMETRIC_REPRESENTATION_CONTEXT(2) 
PARAMETRIC_REPRESENTATION_CONTEXT() REPRESENTATION_CONTEXT('2D SPACE',''
  ) );
#2485 = ORIENTED_EDGE('',*,*,#2486,.T.);
#2486 = EDGE_CURVE('',#2457,#2487,#2489,.T.);
#2487 = VERTEX_POINT('',#2488);
#2488 = CARTESIAN_POINT('',(-1.01611328125,4.005859375,6.));
#2489 = SURFACE_CURVE('',#2490,(#2494,#2501),.PCURVE_S1.);
#2490 = B_SPLINE_CURVE_WITH_KNOTS('',2,(#2491,#2492,#2493),
  .UNSPECIFIED.,.F.,.F.,(3,3),(0.,1.),.PIECEWISE_BEZIER_KNOTS.);
#2491 = CARTESIAN_POINT('',(-0.7646484375,3.93310546875,6.));
#2492 = CARTESIAN_POINT('',(-0.85498046875,4.005859375,6.));
#2493 = CARTESIAN_POINT('',(-1.01611328125,4.005859375,6.));
#2494 = PCURVE('',#152,#2495);
#2495 = DEFINITIONAL_REPRESENTATION('',(#2496),#2500);
#2496 = B_SPLINE_CURVE_WITH_KNOTS('',2,(#2497,#2498,#2499),
  .UNSPECIFIED.,.F.,.F.,(3,3),(0.,1.),.PIECEWISE_BEZIER_KNOTS.);
#2497 = CARTESIAN_POINT('',(19.2353515625,11.43310546875));
#2498 = CARTESIAN_POINT('',(19.14501953125,11.505859375));
#2499 = CARTESIAN_POINT('',(18.98388671875,11.505859375));
#2500 = ( GEOMETRIC_REPRESENTATION_CONTEXT(2) 
PARAMETRIC_REPRESENTATION_CONTEXT() REPRESENTATION_CONTEXT('2D SPACE',''
  ) );
#2501 = PCURVE('',#2502,#2509);
#2502 = SURFACE_OF_LINEAR_EXTRUSION('',#2503,#2507);
#2503 = B_SPLINE_CURVE_WITH_KNOTS('',2,(#2504,#2505,#2506),
  .UNSPECIFIED.,.F.,.F.,(3,3),(0.,1.),.PIECEWISE_BEZIER_KNOTS.);
#2504 = CARTESIAN_POINT('',(-0.7646484375,3.93310546875,6.));
#2505 = CARTESIAN_POINT('',(-0.85498046875,4.005859375,6.));
#2506 = CARTESIAN_POINT('',(-1.01611328125,4.005859375,6.));
#2507 = VECTOR('',#2508,1.);
#2508 = DIRECTION('',(-0.,-0.,-1.));
#2509 = DEFINITIONAL_REPRESENTATION('',(#2510),#2514);
#2510 = LINE('',#2511,#2512);
#2511 = CARTESIAN_POINT('',(0.,0.));
#2512 = VECTOR('',#2513,1.);
#2513 = DIRECTION('',(1.,0.));
#2514 = ( GEOMETRIC_REPRESENTATION_CONTEXT(2) 
PARAMETRIC_REPRESENTATION_CONTEXT() REPRESENTATION_CONTEXT('2D SPACE',''
  ) );
#2515 = ORIENTED_EDGE('',*,*,#2516,.T.);
#2516 = EDGE_CURVE('',#2487,#2517,#2519,.T.);
#2517 = VERTEX_POINT('',#2518);
#2518 = CARTESIAN_POINT('',(-1.18603515625,4.005859375,6.));
#2519 = SURFACE_CURVE('',#2520,(#2524,#2531),.PCURVE_S1.);
#2520 = LINE('',#2521,#2522);
#2521 = CARTESIAN_POINT('',(-1.01611328125,4.005859375,6.));
#2522 = VECTOR('',#2523,1.);
#2523 = DIRECTION('',(-1.,0.,0.));
#2524 = PCURVE('',#152,#2525);
#2525 = DEFINITIONAL_REPRESENTATION('',(#2526),#2530);
#2526 = LINE('',#2527,#2528);
#2527 = CARTESIAN_POINT('',(18.98388671875,11.505859375));
#2528 = VECTOR('',#2529,1.);
#2529 = DIRECTION('',(-1.,0.));
#2530 = ( GEOMETRIC_REPRESENTATION_CONTEXT(2) 
PARAMETRIC_REPRESENTATION_CONTEXT() REPRESENTATION_CONTEXT('2D SPACE',''
  ) );
#2531 = PCURVE('',#2532,#2537);
#2532 = PLANE('',#2533);
#2533 = AXIS2_PLACEMENT_3D('',#2534,#2535,#2536);
#2534 = CARTESIAN_POINT('',(-1.01611328125,4.005859375,6.));
#2535 = DIRECTION('',(0.,-1.,0.));
#2536 = DIRECTION('',(-1.,0.,0.));
#2537 = DEFINITIONAL_REPRESENTATION('',(#2538),#2542);
#2538 = LINE('',#2539,#2540);
#2539 = CARTESIAN_POINT('',(0.,-0.));
#2540 = VECTOR('',#2541,1.);
#2541 = DIRECTION('',(1.,0.));
#2542 = ( GEOMETRIC_REPRESENTATION_CONTEXT(2) 
PARAMETRIC_REPRESENTATION_CONTEXT() REPRESENTATION_CONTEXT('2D SPACE',''
  ) );
#2543 = ORIENTED_EDGE('',*,*,#2544,.T.);
#2544 = EDGE_CURVE('',#2517,#2545,#2547,.T.);
#2545 = VERTEX_POINT('',#2546);
#2546 = CARTESIAN_POINT('',(-1.18603515625,4.16796875,6.));
#2547 = SURFACE_CURVE('',#2548,(#2552,#2559),.PCURVE_S1.);
#2548 = LINE('',#2549,#2550);
#2549 = CARTESIAN_POINT('',(-1.18603515625,4.005859375,6.));
#2550 = VECTOR('',#2551,1.);
#2551 = DIRECTION('',(0.,1.,0.));
#2552 = PCURVE('',#152,#2553);
#2553 = DEFINITIONAL_REPRESENTATION('',(#2554),#2558);
#2554 = LINE('',#2555,#2556);
#2555 = CARTESIAN_POINT('',(18.81396484375,11.505859375));
#2556 = VECTOR('',#2557,1.);
#2557 = DIRECTION('',(0.,1.));
#2558 = ( GEOMETRIC_REPRESENTATION_CONTEXT(2) 
PARAMETRIC_REPRESENTATION_CONTEXT() REPRESENTATION_CONTEXT('2D SPACE',''
  ) );
#2559 = PCURVE('',#2560,#2565);
#2560 = PLANE('',#2561);
#2561 = AXIS2_PLACEMENT_3D('',#2562,#2563,#2564);
#2562 = CARTESIAN_POINT('',(-1.18603515625,4.005859375,6.));
#2563 = DIRECTION('',(-1.,0.,0.));
#2564 = DIRECTION('',(0.,1.,0.));
#2565 = DEFINITIONAL_REPRESENTATION('',(#2566),#2570);
#2566 = LINE('',#2567,#2568);
#2567 = CARTESIAN_POINT('',(0.,0.));
#2568 = VECTOR('',#2569,1.);
#2569 = DIRECTION('',(1.,0.));
#2570 = ( GEOMETRIC_REPRESENTATION_CONTEXT(2) 
PARAMETRIC_REPRESENTATION_CONTEXT() REPRESENTATION_CONTEXT('2D SPACE',''
  ) );
#2571 = ORIENTED_EDGE('',*,*,#2572,.T.);
#2572 = EDGE_CURVE('',#2545,#2573,#2575,.T.);
#2573 = VERTEX_POINT('',#2574);
#2574 = CARTESIAN_POINT('',(-1.00830078125,4.16796875,6.));
#2575 = SURFACE_CURVE('',#2576,(#2580,#2587),.PCURVE_S1.);
#2576 = LINE('',#2577,#2578);
#2577 = CARTESIAN_POINT('',(-1.18603515625,4.16796875,6.));
#2578 = VECTOR('',#2579,1.);
#2579 = DIRECTION('',(1.,0.,0.));
#2580 = PCURVE('',#152,#2581);
#2581 = DEFINITIONAL_REPRESENTATION('',(#2582),#2586);
#2582 = LINE('',#2583,#2584);
#2583 = CARTESIAN_POINT('',(18.81396484375,11.66796875));
#2584 = VECTOR('',#2585,1.);
#2585 = DIRECTION('',(1.,0.));
#2586 = ( GEOMETRIC_REPRESENTATION_CONTEXT(2) 
PARAMETRIC_REPRESENTATION_CONTEXT() REPRESENTATION_CONTEXT('2D SPACE',''
  ) );
#2587 = PCURVE('',#2588,#2593);
#2588 = PLANE('',#2589);
#2589 = AXIS2_PLACEMENT_3D('',#2590,#2591,#2592);
#2590 = CARTESIAN_POINT('',(-1.18603515625,4.16796875,6.));
#2591 = DIRECTION('',(0.,1.,0.));
#2592 = DIRECTION('',(1.,0.,0.));
#2593 = DEFINITIONAL_REPRESENTATION('',(#2594),#2598);
#2594 = LINE('',#2595,#2596);
#2595 = CARTESIAN_POINT('',(0.,0.));
#2596 = VECTOR('',#2597,1.);
#2597 = DIRECTION('',(1.,0.));
#2598 = ( GEOMETRIC_REPRESENTATION_CONTEXT(2) 
PARAMETRIC_REPRESENTATION_CONTEXT() REPRESENTATION_CONTEXT('2D SPACE',''
  ) );
#2599 = ORIENTED_EDGE('',*,*,#2600,.T.);
#2600 = EDGE_CURVE('',#2573,#2601,#2603,.T.);
#2601 = VERTEX_POINT('',#2602);
#2602 = CARTESIAN_POINT('',(-0.78564453125,4.22607421875,6.));
#2603 = SURFACE_CURVE('',#2604,(#2608,#2615),.PCURVE_S1.);
#2604 = B_SPLINE_CURVE_WITH_KNOTS('',2,(#2605,#2606,#2607),
  .UNSPECIFIED.,.F.,.F.,(3,3),(0.,1.),.PIECEWISE_BEZIER_KNOTS.);
#2605 = CARTESIAN_POINT('',(-1.00830078125,4.16796875,6.));
#2606 = CARTESIAN_POINT('',(-0.86279296875,4.16796875,6.));
#2607 = CARTESIAN_POINT('',(-0.78564453125,4.22607421875,6.));
#2608 = PCURVE('',#152,#2609);
#2609 = DEFINITIONAL_REPRESENTATION('',(#2610),#2614);
#2610 = B_SPLINE_CURVE_WITH_KNOTS('',2,(#2611,#2612,#2613),
  .UNSPECIFIED.,.F.,.F.,(3,3),(0.,1.),.PIECEWISE_BEZIER_KNOTS.);
#2611 = CARTESIAN_POINT('',(18.99169921875,11.66796875));
#2612 = CARTESIAN_POINT('',(19.13720703125,11.66796875));
#2613 = CARTESIAN_POINT('',(19.21435546875,11.72607421875));
#2614 = ( GEOMETRIC_REPRESENTATION_CONTEXT(2) 
PARAMETRIC_REPRESENTATION_CONTEXT() REPRESENTATION_CONTEXT('2D SPACE',''
  ) );
#2615 = PCURVE('',#2616,#2623);
#2616 = SURFACE_OF_LINEAR_EXTRUSION('',#2617,#2621);
#2617 = B_SPLINE_CURVE_WITH_KNOTS('',2,(#2618,#2619,#2620),
  .UNSPECIFIED.,.F.,.F.,(3,3),(0.,1.),.PIECEWISE_BEZIER_KNOTS.);
#2618 = CARTESIAN_POINT('',(-1.00830078125,4.16796875,6.));
#2619 = CARTESIAN_POINT('',(-0.86279296875,4.16796875,6.));
#2620 = CARTESIAN_POINT('',(-0.78564453125,4.22607421875,6.));
#2621 = VECTOR('',#2622,1.);
#2622 = DIRECTION('',(-0.,-0.,-1.));
#2623 = DEFINITIONAL_REPRESENTATION('',(#2624),#2628);
#2624 = LINE('',#2625,#2626);
#2625 = CARTESIAN_POINT('',(0.,0.));
#2626 = VECTOR('',#2627,1.);
#2627 = DIRECTION('',(1.,0.));
#2628 = ( GEOMETRIC_REPRESENTATION_CONTEXT(2) 
PARAMETRIC_REPRESENTATION_CONTEXT() REPRESENTATION_CONTEXT('2D SPACE',''
  ) );
#2629 = ORIENTED_EDGE('',*,*,#2630,.T.);
#2630 = EDGE_CURVE('',#2601,#2631,#2633,.T.);
#2631 = VERTEX_POINT('',#2632);
#2632 = CARTESIAN_POINT('',(-0.70849609375,4.3935546875,6.));
#2633 = SURFACE_CURVE('',#2634,(#2638,#2645),.PCURVE_S1.);
#2634 = B_SPLINE_CURVE_WITH_KNOTS('',2,(#2635,#2636,#2637),
  .UNSPECIFIED.,.F.,.F.,(3,3),(0.,1.),.PIECEWISE_BEZIER_KNOTS.);
#2635 = CARTESIAN_POINT('',(-0.78564453125,4.22607421875,6.));
#2636 = CARTESIAN_POINT('',(-0.70849609375,4.2841796875,6.));
#2637 = CARTESIAN_POINT('',(-0.70849609375,4.3935546875,6.));
#2638 = PCURVE('',#152,#2639);
#2639 = DEFINITIONAL_REPRESENTATION('',(#2640),#2644);
#2640 = B_SPLINE_CURVE_WITH_KNOTS('',2,(#2641,#2642,#2643),
  .UNSPECIFIED.,.F.,.F.,(3,3),(0.,1.),.PIECEWISE_BEZIER_KNOTS.);
#2641 = CARTESIAN_POINT('',(19.21435546875,11.72607421875));
#2642 = CARTESIAN_POINT('',(19.29150390625,11.7841796875));
#2643 = CARTESIAN_POINT('',(19.29150390625,11.8935546875));
#2644 = ( GEOMETRIC_REPRESENTATION_CONTEXT(2) 
PARAMETRIC_REPRESENTATION_CONTEXT() REPRESENTATION_CONTEXT('2D SPACE',''
  ) );
#2645 = PCURVE('',#2646,#2653);
#2646 = SURFACE_OF_LINEAR_EXTRUSION('',#2647,#2651);
#2647 = B_SPLINE_CURVE_WITH_KNOTS('',2,(#2648,#2649,#2650),
  .UNSPECIFIED.,.F.,.F.,(3,3),(0.,1.),.PIECEWISE_BEZIER_KNOTS.);
#2648 = CARTESIAN_POINT('',(-0.78564453125,4.22607421875,6.));
#2649 = CARTESIAN_POINT('',(-0.70849609375,4.2841796875,6.));
#2650 = CARTESIAN_POINT('',(-0.70849609375,4.3935546875,6.));
#2651 = VECTOR('',#2652,1.);
#2652 = DIRECTION('',(-0.,-0.,-1.));
#2653 = DEFINITIONAL_REPRESENTATION('',(#2654),#2658);
#2654 = LINE('',#2655,#2656);
#2655 = CARTESIAN_POINT('',(0.,0.));
#2656 = VECTOR('',#2657,1.);
#2657 = DIRECTION('',(1.,0.));
#2658 = ( GEOMETRIC_REPRESENTATION_CONTEXT(2) 
PARAMETRIC_REPRESENTATION_CONTEXT() REPRESENTATION_CONTEXT('2D SPACE',''
  ) );
#2659 = ORIENTED_EDGE('',*,*,#2660,.T.);
#2660 = EDGE_CURVE('',#2631,#2661,#2663,.T.);
#2661 = VERTEX_POINT('',#2662);
#2662 = CARTESIAN_POINT('',(-0.7880859375,4.56591796875,6.));
#2663 = SURFACE_CURVE('',#2664,(#2668,#2675),.PCURVE_S1.);
#2664 = B_SPLINE_CURVE_WITH_KNOTS('',2,(#2665,#2666,#2667),
  .UNSPECIFIED.,.F.,.F.,(3,3),(0.,1.),.PIECEWISE_BEZIER_KNOTS.);
#2665 = CARTESIAN_POINT('',(-0.70849609375,4.3935546875,6.));
#2666 = CARTESIAN_POINT('',(-0.70849609375,4.505859375,6.));
#2667 = CARTESIAN_POINT('',(-0.7880859375,4.56591796875,6.));
#2668 = PCURVE('',#152,#2669);
#2669 = DEFINITIONAL_REPRESENTATION('',(#2670),#2674);
#2670 = B_SPLINE_CURVE_WITH_KNOTS('',2,(#2671,#2672,#2673),
  .UNSPECIFIED.,.F.,.F.,(3,3),(0.,1.),.PIECEWISE_BEZIER_KNOTS.);
#2671 = CARTESIAN_POINT('',(19.29150390625,11.8935546875));
#2672 = CARTESIAN_POINT('',(19.29150390625,12.005859375));
#2673 = CARTESIAN_POINT('',(19.2119140625,12.06591796875));
#2674 = ( GEOMETRIC_REPRESENTATION_CONTEXT(2) 
PARAMETRIC_REPRESENTATION_CONTEXT() REPRESENTATION_CONTEXT('2D SPACE',''
  ) );
#2675 = PCURVE('',#2676,#2683);
#2676 = SURFACE_OF_LINEAR_EXTRUSION('',#2677,#2681);
#2677 = B_SPLINE_CURVE_WITH_KNOTS('',2,(#2678,#2679,#2680),
  .UNSPECIFIED.,.F.,.F.,(3,3),(0.,1.),.PIECEWISE_BEZIER_KNOTS.);
#2678 = CARTESIAN_POINT('',(-0.70849609375,4.3935546875,6.));
#2679 = CARTESIAN_POINT('',(-0.70849609375,4.505859375,6.));
#2680 = CARTESIAN_POINT('',(-0.7880859375,4.56591796875,6.));
#2681 = VECTOR('',#2682,1.);
#2682 = DIRECTION('',(-0.,-0.,-1.));
#2683 = DEFINITIONAL_REPRESENTATION('',(#2684),#2688);
#2684 = LINE('',#2685,#2686);
#2685 = CARTESIAN_POINT('',(0.,0.));
#2686 = VECTOR('',#2687,1.);
#2687 = DIRECTION('',(1.,0.));
#2688 = ( GEOMETRIC_REPRESENTATION_CONTEXT(2) 
PARAMETRIC_REPRESENTATION_CONTEXT() REPRESENTATION_CONTEXT('2D SPACE',''
  ) );
#2689 = ORIENTED_EDGE('',*,*,#2690,.T.);
#2690 = EDGE_CURVE('',#2661,#2691,#2693,.T.);
#2691 = VERTEX_POINT('',#2692);
#2692 = CARTESIAN_POINT('',(-1.01611328125,4.6259765625,6.));
#2693 = SURFACE_CURVE('',#2694,(#2698,#2705),.PCURVE_S1.);
#2694 = B_SPLINE_CURVE_WITH_KNOTS('',2,(#2695,#2696,#2697),
  .UNSPECIFIED.,.F.,.F.,(3,3),(0.,1.),.PIECEWISE_BEZIER_KNOTS.);
#2695 = CARTESIAN_POINT('',(-0.7880859375,4.56591796875,6.));
#2696 = CARTESIAN_POINT('',(-0.86767578125,4.6259765625,6.));
#2697 = CARTESIAN_POINT('',(-1.01611328125,4.6259765625,6.));
#2698 = PCURVE('',#152,#2699);
#2699 = DEFINITIONAL_REPRESENTATION('',(#2700),#2704);
#2700 = B_SPLINE_CURVE_WITH_KNOTS('',2,(#2701,#2702,#2703),
  .UNSPECIFIED.,.F.,.F.,(3,3),(0.,1.),.PIECEWISE_BEZIER_KNOTS.);
#2701 = CARTESIAN_POINT('',(19.2119140625,12.06591796875));
#2702 = CARTESIAN_POINT('',(19.13232421875,12.1259765625));
#2703 = CARTESIAN_POINT('',(18.98388671875,12.1259765625));
#2704 = ( GEOMETRIC_REPRESENTATION_CONTEXT(2) 
PARAMETRIC_REPRESENTATION_CONTEXT() REPRESENTATION_CONTEXT('2D SPACE',''
  ) );
#2705 = PCURVE('',#2706,#2713);
#2706 = SURFACE_OF_LINEAR_EXTRUSION('',#2707,#2711);
#2707 = B_SPLINE_CURVE_WITH_KNOTS('',2,(#2708,#2709,#2710),
  .UNSPECIFIED.,.F.,.F.,(3,3),(0.,1.),.PIECEWISE_BEZIER_KNOTS.);
#2708 = CARTESIAN_POINT('',(-0.7880859375,4.56591796875,6.));
#2709 = CARTESIAN_POINT('',(-0.86767578125,4.6259765625,6.));
#2710 = CARTESIAN_POINT('',(-1.01611328125,4.6259765625,6.));
#2711 = VECTOR('',#2712,1.);
#2712 = DIRECTION('',(-0.,-0.,-1.));
#2713 = DEFINITIONAL_REPRESENTATION('',(#2714),#2718);
#2714 = LINE('',#2715,#2716);
#2715 = CARTESIAN_POINT('',(0.,0.));
#2716 = VECTOR('',#2717,1.);
#2717 = DIRECTION('',(1.,0.));
#2718 = ( GEOMETRIC_REPRESENTATION_CONTEXT(2) 
PARAMETRIC_REPRESENTATION_CONTEXT() REPRESENTATION_CONTEXT('2D SPACE',''
  ) );
#2719 = ORIENTED_EDGE('',*,*,#2720,.T.);
#2720 = EDGE_CURVE('',#2691,#2721,#2723,.T.);
#2721 = VERTEX_POINT('',#2722);
#2722 = CARTESIAN_POINT('',(-1.18994140625,4.6083984375,6.));
#2723 = SURFACE_CURVE('',#2724,(#2728,#2735),.PCURVE_S1.);
#2724 = B_SPLINE_CURVE_WITH_KNOTS('',2,(#2725,#2726,#2727),
  .UNSPECIFIED.,.F.,.F.,(3,3),(0.,1.),.PIECEWISE_BEZIER_KNOTS.);
#2725 = CARTESIAN_POINT('',(-1.01611328125,4.6259765625,6.));
#2726 = CARTESIAN_POINT('',(-1.09716796875,4.6259765625,6.));
#2727 = CARTESIAN_POINT('',(-1.18994140625,4.6083984375,6.));
#2728 = PCURVE('',#152,#2729);
#2729 = DEFINITIONAL_REPRESENTATION('',(#2730),#2734);
#2730 = B_SPLINE_CURVE_WITH_KNOTS('',2,(#2731,#2732,#2733),
  .UNSPECIFIED.,.F.,.F.,(3,3),(0.,1.),.PIECEWISE_BEZIER_KNOTS.);
#2731 = CARTESIAN_POINT('',(18.98388671875,12.1259765625));
#2732 = CARTESIAN_POINT('',(18.90283203125,12.1259765625));
#2733 = CARTESIAN_POINT('',(18.81005859375,12.1083984375));
#2734 = ( GEOMETRIC_REPRESENTATION_CONTEXT(2) 
PARAMETRIC_REPRESENTATION_CONTEXT() REPRESENTATION_CONTEXT('2D SPACE',''
  ) );
#2735 = PCURVE('',#2736,#2743);
#2736 = SURFACE_OF_LINEAR_EXTRUSION('',#2737,#2741);
#2737 = B_SPLINE_CURVE_WITH_KNOTS('',2,(#2738,#2739,#2740),
  .UNSPECIFIED.,.F.,.F.,(3,3),(0.,1.),.PIECEWISE_BEZIER_KNOTS.);
#2738 = CARTESIAN_POINT('',(-1.01611328125,4.6259765625,6.));
#2739 = CARTESIAN_POINT('',(-1.09716796875,4.6259765625,6.));
#2740 = CARTESIAN_POINT('',(-1.18994140625,4.6083984375,6.));
#2741 = VECTOR('',#2742,1.);
#2742 = DIRECTION('',(-0.,-0.,-1.));
#2743 = DEFINITIONAL_REPRESENTATION('',(#2744),#2748);
#2744 = LINE('',#2745,#2746);
#2745 = CARTESIAN_POINT('',(0.,0.));
#2746 = VECTOR('',#2747,1.);
#2747 = DIRECTION('',(1.,0.));
#2748 = ( GEOMETRIC_REPRESENTATION_CONTEXT(2) 
PARAMETRIC_REPRESENTATION_CONTEXT() REPRESENTATION_CONTEXT('2D SPACE',''
  ) );
#2749 = ORIENTED_EDGE('',*,*,#2750,.T.);
#2750 = EDGE_CURVE('',#2721,#2751,#2753,.T.);
#2751 = VERTEX_POINT('',#2752);
#2752 = CARTESIAN_POINT('',(-1.39404296875,4.5537109375,6.));
#2753 = SURFACE_CURVE('',#2754,(#2758,#2765),.PCURVE_S1.);
#2754 = B_SPLINE_CURVE_WITH_KNOTS('',2,(#2755,#2756,#2757),
  .UNSPECIFIED.,.F.,.F.,(3,3),(0.,1.),.PIECEWISE_BEZIER_KNOTS.);
#2755 = CARTESIAN_POINT('',(-1.18994140625,4.6083984375,6.));
#2756 = CARTESIAN_POINT('',(-1.28271484375,4.5908203125,6.));
#2757 = CARTESIAN_POINT('',(-1.39404296875,4.5537109375,6.));
#2758 = PCURVE('',#152,#2759);
#2759 = DEFINITIONAL_REPRESENTATION('',(#2760),#2764);
#2760 = B_SPLINE_CURVE_WITH_KNOTS('',2,(#2761,#2762,#2763),
  .UNSPECIFIED.,.F.,.F.,(3,3),(0.,1.),.PIECEWISE_BEZIER_KNOTS.);
#2761 = CARTESIAN_POINT('',(18.81005859375,12.1083984375));
#2762 = CARTESIAN_POINT('',(18.71728515625,12.0908203125));
#2763 = CARTESIAN_POINT('',(18.60595703125,12.0537109375));
#2764 = ( GEOMETRIC_REPRESENTATION_CONTEXT(2) 
PARAMETRIC_REPRESENTATION_CONTEXT() REPRESENTATION_CONTEXT('2D SPACE',''
  ) );
#2765 = PCURVE('',#2766,#2773);
#2766 = SURFACE_OF_LINEAR_EXTRUSION('',#2767,#2771);
#2767 = B_SPLINE_CURVE_WITH_KNOTS('',2,(#2768,#2769,#2770),
  .UNSPECIFIED.,.F.,.F.,(3,3),(0.,1.),.PIECEWISE_BEZIER_KNOTS.);
#2768 = CARTESIAN_POINT('',(-1.18994140625,4.6083984375,6.));
#2769 = CARTESIAN_POINT('',(-1.28271484375,4.5908203125,6.));
#2770 = CARTESIAN_POINT('',(-1.39404296875,4.5537109375,6.));
#2771 = VECTOR('',#2772,1.);
#2772 = DIRECTION('',(-0.,-0.,-1.));
#2773 = DEFINITIONAL_REPRESENTATION('',(#2774),#2778);
#2774 = LINE('',#2775,#2776);
#2775 = CARTESIAN_POINT('',(0.,0.));
#2776 = VECTOR('',#2777,1.);
#2777 = DIRECTION('',(1.,0.));
#2778 = ( GEOMETRIC_REPRESENTATION_CONTEXT(2) 
PARAMETRIC_REPRESENTATION_CONTEXT() REPRESENTATION_CONTEXT('2D SPACE',''
  ) );
#2779 = ORIENTED_EDGE('',*,*,#2780,.T.);
#2780 = EDGE_CURVE('',#2751,#2781,#2783,.T.);
#2781 = VERTEX_POINT('',#2782);
#2782 = CARTESIAN_POINT('',(-1.39404296875,4.7294921875,6.));
#2783 = SURFACE_CURVE('',#2784,(#2788,#2795),.PCURVE_S1.);
#2784 = LINE('',#2785,#2786);
#2785 = CARTESIAN_POINT('',(-1.39404296875,4.5537109375,6.));
#2786 = VECTOR('',#2787,1.);
#2787 = DIRECTION('',(0.,1.,0.));
#2788 = PCURVE('',#152,#2789);
#2789 = DEFINITIONAL_REPRESENTATION('',(#2790),#2794);
#2790 = LINE('',#2791,#2792);
#2791 = CARTESIAN_POINT('',(18.60595703125,12.0537109375));
#2792 = VECTOR('',#2793,1.);
#2793 = DIRECTION('',(0.,1.));
#2794 = ( GEOMETRIC_REPRESENTATION_CONTEXT(2) 
PARAMETRIC_REPRESENTATION_CONTEXT() REPRESENTATION_CONTEXT('2D SPACE',''
  ) );
#2795 = PCURVE('',#2796,#2801);
#2796 = PLANE('',#2797);
#2797 = AXIS2_PLACEMENT_3D('',#2798,#2799,#2800);
#2798 = CARTESIAN_POINT('',(-1.39404296875,4.5537109375,6.));
#2799 = DIRECTION('',(-1.,0.,0.));
#2800 = DIRECTION('',(0.,1.,0.));
#2801 = DEFINITIONAL_REPRESENTATION('',(#2802),#2806);
#2802 = LINE('',#2803,#2804);
#2803 = CARTESIAN_POINT('',(0.,0.));
#2804 = VECTOR('',#2805,1.);
#2805 = DIRECTION('',(1.,0.));
#2806 = ( GEOMETRIC_REPRESENTATION_CONTEXT(2) 
PARAMETRIC_REPRESENTATION_CONTEXT() REPRESENTATION_CONTEXT('2D SPACE',''
  ) );
#2807 = ORIENTED_EDGE('',*,*,#2808,.T.);
#2808 = EDGE_CURVE('',#2781,#2809,#2811,.T.);
#2809 = VERTEX_POINT('',#2810);
#2810 = CARTESIAN_POINT('',(-1.18359375,4.7763671875,6.));
#2811 = SURFACE_CURVE('',#2812,(#2816,#2823),.PCURVE_S1.);
#2812 = B_SPLINE_CURVE_WITH_KNOTS('',2,(#2813,#2814,#2815),
  .UNSPECIFIED.,.F.,.F.,(3,3),(0.,1.),.PIECEWISE_BEZIER_KNOTS.);
#2813 = CARTESIAN_POINT('',(-1.39404296875,4.7294921875,6.));
#2814 = CARTESIAN_POINT('',(-1.28173828125,4.7607421875,6.));
#2815 = CARTESIAN_POINT('',(-1.18359375,4.7763671875,6.));
#2816 = PCURVE('',#152,#2817);
#2817 = DEFINITIONAL_REPRESENTATION('',(#2818),#2822);
#2818 = B_SPLINE_CURVE_WITH_KNOTS('',2,(#2819,#2820,#2821),
  .UNSPECIFIED.,.F.,.F.,(3,3),(0.,1.),.PIECEWISE_BEZIER_KNOTS.);
#2819 = CARTESIAN_POINT('',(18.60595703125,12.2294921875));
#2820 = CARTESIAN_POINT('',(18.71826171875,12.2607421875));
#2821 = CARTESIAN_POINT('',(18.81640625,12.2763671875));
#2822 = ( GEOMETRIC_REPRESENTATION_CONTEXT(2) 
PARAMETRIC_REPRESENTATION_CONTEXT() REPRESENTATION_CONTEXT('2D SPACE',''
  ) );
#2823 = PCURVE('',#2824,#2831);
#2824 = SURFACE_OF_LINEAR_EXTRUSION('',#2825,#2829);
#2825 = B_SPLINE_CURVE_WITH_KNOTS('',2,(#2826,#2827,#2828),
  .UNSPECIFIED.,.F.,.F.,(3,3),(0.,1.),.PIECEWISE_BEZIER_KNOTS.);
#2826 = CARTESIAN_POINT('',(-1.39404296875,4.7294921875,6.));
#2827 = CARTESIAN_POINT('',(-1.28173828125,4.7607421875,6.));
#2828 = CARTESIAN_POINT('',(-1.18359375,4.7763671875,6.));
#2829 = VECTOR('',#2830,1.);
#2830 = DIRECTION('',(-0.,-0.,-1.));
#2831 = DEFINITIONAL_REPRESENTATION('',(#2832),#2836);
#2832 = LINE('',#2833,#2834);
#2833 = CARTESIAN_POINT('',(0.,0.));
#2834 = VECTOR('',#2835,1.);
#2835 = DIRECTION('',(1.,0.));
#2836 = ( GEOMETRIC_REPRESENTATION_CONTEXT(2) 
PARAMETRIC_REPRESENTATION_CONTEXT() REPRESENTATION_CONTEXT('2D SPACE',''
  ) );
#2837 = ORIENTED_EDGE('',*,*,#2838,.T.);
#2838 = EDGE_CURVE('',#2809,#2839,#2841,.T.);
#2839 = VERTEX_POINT('',#2840);
#2840 = CARTESIAN_POINT('',(-0.99853515625,4.7919921875,6.));
#2841 = SURFACE_CURVE('',#2842,(#2846,#2853),.PCURVE_S1.);
#2842 = B_SPLINE_CURVE_WITH_KNOTS('',2,(#2843,#2844,#2845),
  .UNSPECIFIED.,.F.,.F.,(3,3),(0.,1.),.PIECEWISE_BEZIER_KNOTS.);
#2843 = CARTESIAN_POINT('',(-1.18359375,4.7763671875,6.));
#2844 = CARTESIAN_POINT('',(-1.08544921875,4.7919921875,6.));
#2845 = CARTESIAN_POINT('',(-0.99853515625,4.7919921875,6.));
#2846 = PCURVE('',#152,#2847);
#2847 = DEFINITIONAL_REPRESENTATION('',(#2848),#2852);
#2848 = B_SPLINE_CURVE_WITH_KNOTS('',2,(#2849,#2850,#2851),
  .UNSPECIFIED.,.F.,.F.,(3,3),(0.,1.),.PIECEWISE_BEZIER_KNOTS.);
#2849 = CARTESIAN_POINT('',(18.81640625,12.2763671875));
#2850 = CARTESIAN_POINT('',(18.91455078125,12.2919921875));
#2851 = CARTESIAN_POINT('',(19.00146484375,12.2919921875));
#2852 = ( GEOMETRIC_REPRESENTATION_CONTEXT(2) 
PARAMETRIC_REPRESENTATION_CONTEXT() REPRESENTATION_CONTEXT('2D SPACE',''
  ) );
#2853 = PCURVE('',#2854,#2861);
#2854 = SURFACE_OF_LINEAR_EXTRUSION('',#2855,#2859);
#2855 = B_SPLINE_CURVE_WITH_KNOTS('',2,(#2856,#2857,#2858),
  .UNSPECIFIED.,.F.,.F.,(3,3),(0.,1.),.PIECEWISE_BEZIER_KNOTS.);
#2856 = CARTESIAN_POINT('',(-1.18359375,4.7763671875,6.));
#2857 = CARTESIAN_POINT('',(-1.08544921875,4.7919921875,6.));
#2858 = CARTESIAN_POINT('',(-0.99853515625,4.7919921875,6.));
#2859 = VECTOR('',#2860,1.);
#2860 = DIRECTION('',(-0.,-0.,-1.));
#2861 = DEFINITIONAL_REPRESENTATION('',(#2862),#2866);
#2862 = LINE('',#2863,#2864);
#2863 = CARTESIAN_POINT('',(0.,0.));
#2864 = VECTOR('',#2865,1.);
#2865 = DIRECTION('',(1.,0.));
#2866 = ( GEOMETRIC_REPRESENTATION_CONTEXT(2) 
PARAMETRIC_REPRESENTATION_CONTEXT() REPRESENTATION_CONTEXT('2D SPACE',''
  ) );
#2867 = ORIENTED_EDGE('',*,*,#2868,.T.);
#2868 = EDGE_CURVE('',#2839,#2869,#2871,.T.);
#2869 = VERTEX_POINT('',#2870);
#2870 = CARTESIAN_POINT('',(-0.64306640625,4.68994140625,6.));
#2871 = SURFACE_CURVE('',#2872,(#2876,#2883),.PCURVE_S1.);
#2872 = B_SPLINE_CURVE_WITH_KNOTS('',2,(#2873,#2874,#2875),
  .UNSPECIFIED.,.F.,.F.,(3,3),(0.,1.),.PIECEWISE_BEZIER_KNOTS.);
#2873 = CARTESIAN_POINT('',(-0.99853515625,4.7919921875,6.));
#2874 = CARTESIAN_POINT('',(-0.77392578125,4.7919921875,6.));
#2875 = CARTESIAN_POINT('',(-0.64306640625,4.68994140625,6.));
#2876 = PCURVE('',#152,#2877);
#2877 = DEFINITIONAL_REPRESENTATION('',(#2878),#2882);
#2878 = B_SPLINE_CURVE_WITH_KNOTS('',2,(#2879,#2880,#2881),
  .UNSPECIFIED.,.F.,.F.,(3,3),(0.,1.),.PIECEWISE_BEZIER_KNOTS.);
#2879 = CARTESIAN_POINT('',(19.00146484375,12.2919921875));
#2880 = CARTESIAN_POINT('',(19.22607421875,12.2919921875));
#2881 = CARTESIAN_POINT('',(19.35693359375,12.18994140625));
#2882 = ( GEOMETRIC_REPRESENTATION_CONTEXT(2) 
PARAMETRIC_REPRESENTATION_CONTEXT() REPRESENTATION_CONTEXT('2D SPACE',''
  ) );
#2883 = PCURVE('',#2884,#2891);
#2884 = SURFACE_OF_LINEAR_EXTRUSION('',#2885,#2889);
#2885 = B_SPLINE_CURVE_WITH_KNOTS('',2,(#2886,#2887,#2888),
  .UNSPECIFIED.,.F.,.F.,(3,3),(0.,1.),.PIECEWISE_BEZIER_KNOTS.);
#2886 = CARTESIAN_POINT('',(-0.99853515625,4.7919921875,6.));
#2887 = CARTESIAN_POINT('',(-0.77392578125,4.7919921875,6.));
#2888 = CARTESIAN_POINT('',(-0.64306640625,4.68994140625,6.));
#2889 = VECTOR('',#2890,1.);
#2890 = DIRECTION('',(-0.,-0.,-1.));
#2891 = DEFINITIONAL_REPRESENTATION('',(#2892),#2896);
#2892 = LINE('',#2893,#2894);
#2893 = CARTESIAN_POINT('',(0.,0.));
#2894 = VECTOR('',#2895,1.);
#2895 = DIRECTION('',(1.,0.));
#2896 = ( GEOMETRIC_REPRESENTATION_CONTEXT(2) 
PARAMETRIC_REPRESENTATION_CONTEXT() REPRESENTATION_CONTEXT('2D SPACE',''
  ) );
#2897 = ORIENTED_EDGE('',*,*,#2898,.T.);
#2898 = EDGE_CURVE('',#2869,#2899,#2901,.T.);
#2899 = VERTEX_POINT('',#2900);
#2900 = CARTESIAN_POINT('',(-0.51220703125,4.4140625,6.));
#2901 = SURFACE_CURVE('',#2902,(#2906,#2913),.PCURVE_S1.);
#2902 = B_SPLINE_CURVE_WITH_KNOTS('',2,(#2903,#2904,#2905),
  .UNSPECIFIED.,.F.,.F.,(3,3),(0.,1.),.PIECEWISE_BEZIER_KNOTS.);
#2903 = CARTESIAN_POINT('',(-0.64306640625,4.68994140625,6.));
#2904 = CARTESIAN_POINT('',(-0.51220703125,4.587890625,6.));
#2905 = CARTESIAN_POINT('',(-0.51220703125,4.4140625,6.));
#2906 = PCURVE('',#152,#2907);
#2907 = DEFINITIONAL_REPRESENTATION('',(#2908),#2912);
#2908 = B_SPLINE_CURVE_WITH_KNOTS('',2,(#2909,#2910,#2911),
  .UNSPECIFIED.,.F.,.F.,(3,3),(0.,1.),.PIECEWISE_BEZIER_KNOTS.);
#2909 = CARTESIAN_POINT('',(19.35693359375,12.18994140625));
#2910 = CARTESIAN_POINT('',(19.48779296875,12.087890625));
#2911 = CARTESIAN_POINT('',(19.48779296875,11.9140625));
#2912 = ( GEOMETRIC_REPRESENTATION_CONTEXT(2) 
PARAMETRIC_REPRESENTATION_CONTEXT() REPRESENTATION_CONTEXT('2D SPACE',''
  ) );
#2913 = PCURVE('',#2914,#2921);
#2914 = SURFACE_OF_LINEAR_EXTRUSION('',#2915,#2919);
#2915 = B_SPLINE_CURVE_WITH_KNOTS('',2,(#2916,#2917,#2918),
  .UNSPECIFIED.,.F.,.F.,(3,3),(0.,1.),.PIECEWISE_BEZIER_KNOTS.);
#2916 = CARTESIAN_POINT('',(-0.64306640625,4.68994140625,6.));
#2917 = CARTESIAN_POINT('',(-0.51220703125,4.587890625,6.));
#2918 = CARTESIAN_POINT('',(-0.51220703125,4.4140625,6.));
#2919 = VECTOR('',#2920,1.);
#2920 = DIRECTION('',(-0.,-0.,-1.));
#2921 = DEFINITIONAL_REPRESENTATION('',(#2922),#2926);
#2922 = LINE('',#2923,#2924);
#2923 = CARTESIAN_POINT('',(0.,0.));
#2924 = VECTOR('',#2925,1.);
#2925 = DIRECTION('',(1.,0.));
#2926 = ( GEOMETRIC_REPRESENTATION_CONTEXT(2) 
PARAMETRIC_REPRESENTATION_CONTEXT() REPRESENTATION_CONTEXT('2D SPACE',''
  ) );
#2927 = ORIENTED_EDGE('',*,*,#2928,.T.);
#2928 = EDGE_CURVE('',#2899,#2097,#2929,.T.);
#2929 = SURFACE_CURVE('',#2930,(#2934,#2941),.PCURVE_S1.);
#2930 = B_SPLINE_CURVE_WITH_KNOTS('',2,(#2931,#2932,#2933),
  .UNSPECIFIED.,.F.,.F.,(3,3),(0.,1.),.PIECEWISE_BEZIER_KNOTS.);
#2931 = CARTESIAN_POINT('',(-0.51220703125,4.4140625,6.));
#2932 = CARTESIAN_POINT('',(-0.51220703125,4.29296875,6.));
#2933 = CARTESIAN_POINT('',(-0.58154296875,4.20947265625,6.));
#2934 = PCURVE('',#152,#2935);
#2935 = DEFINITIONAL_REPRESENTATION('',(#2936),#2940);
#2936 = B_SPLINE_CURVE_WITH_KNOTS('',2,(#2937,#2938,#2939),
  .UNSPECIFIED.,.F.,.F.,(3,3),(0.,1.),.PIECEWISE_BEZIER_KNOTS.);
#2937 = CARTESIAN_POINT('',(19.48779296875,11.9140625));
#2938 = CARTESIAN_POINT('',(19.48779296875,11.79296875));
#2939 = CARTESIAN_POINT('',(19.41845703125,11.70947265625));
#2940 = ( GEOMETRIC_REPRESENTATION_CONTEXT(2) 
PARAMETRIC_REPRESENTATION_CONTEXT() REPRESENTATION_CONTEXT('2D SPACE',''
  ) );
#2941 = PCURVE('',#2942,#2949);
#2942 = SURFACE_OF_LINEAR_EXTRUSION('',#2943,#2947);
#2943 = B_SPLINE_CURVE_WITH_KNOTS('',2,(#2944,#2945,#2946),
  .UNSPECIFIED.,.F.,.F.,(3,3),(0.,1.),.PIECEWISE_BEZIER_KNOTS.);
#2944 = CARTESIAN_POINT('',(-0.51220703125,4.4140625,6.));
#2945 = CARTESIAN_POINT('',(-0.51220703125,4.29296875,6.));
#2946 = CARTESIAN_POINT('',(-0.58154296875,4.20947265625,6.));
#2947 = VECTOR('',#2948,1.);
#2948 = DIRECTION('',(-0.,-0.,-1.));
#2949 = DEFINITIONAL_REPRESENTATION('',(#2950),#2954);
#2950 = LINE('',#2951,#2952);
#2951 = CARTESIAN_POINT('',(0.,0.));
#2952 = VECTOR('',#2953,1.);
#2953 = DIRECTION('',(1.,0.));
#2954 = ( GEOMETRIC_REPRESENTATION_CONTEXT(2) 
PARAMETRIC_REPRESENTATION_CONTEXT() REPRESENTATION_CONTEXT('2D SPACE',''
  ) );
#2955 = FACE_BOUND('',#2956,.T.);
#2956 = EDGE_LOOP('',(#2957,#2989,#3019,#3049,#3079,#3109,#3139,#3169,
    #3197,#3227,#3257,#3287,#3317,#3347,#3377,#3405,#3433,#3461,#3491,
    #3521,#3551,#3581,#3611,#3641,#3669,#3699,#3729,#3759,#3789));
#2957 = ORIENTED_EDGE('',*,*,#2958,.T.);
#2958 = EDGE_CURVE('',#2959,#2961,#2963,.T.);
#2959 = VERTEX_POINT('',#2960);
#2960 = CARTESIAN_POINT('',(1.32666015625,4.20947265625,6.));
#2961 = VERTEX_POINT('',#2962);
#2962 = CARTESIAN_POINT('',(1.12939453125,4.09375,6.));
#2963 = SURFACE_CURVE('',#2964,(#2968,#2975),.PCURVE_S1.);
#2964 = B_SPLINE_CURVE_WITH_KNOTS('',2,(#2965,#2966,#2967),
  .UNSPECIFIED.,.F.,.F.,(3,3),(0.,1.),.PIECEWISE_BEZIER_KNOTS.);
#2965 = CARTESIAN_POINT('',(1.32666015625,4.20947265625,6.));
#2966 = CARTESIAN_POINT('',(1.25732421875,4.1259765625,6.));
#2967 = CARTESIAN_POINT('',(1.12939453125,4.09375,6.));
#2968 = PCURVE('',#152,#2969);
#2969 = DEFINITIONAL_REPRESENTATION('',(#2970),#2974);
#2970 = B_SPLINE_CURVE_WITH_KNOTS('',2,(#2971,#2972,#2973),
  .UNSPECIFIED.,.F.,.F.,(3,3),(0.,1.),.PIECEWISE_BEZIER_KNOTS.);
#2971 = CARTESIAN_POINT('',(21.32666015625,11.70947265625));
#2972 = CARTESIAN_POINT('',(21.25732421875,11.6259765625));
#2973 = CARTESIAN_POINT('',(21.12939453125,11.59375));
#2974 = ( GEOMETRIC_REPRESENTATION_CONTEXT(2) 
PARAMETRIC_REPRESENTATION_CONTEXT() REPRESENTATION_CONTEXT('2D SPACE',''
  ) );
#2975 = PCURVE('',#2976,#2983);
#2976 = SURFACE_OF_LINEAR_EXTRUSION('',#2977,#2981);
#2977 = B_SPLINE_CURVE_WITH_KNOTS('',2,(#2978,#2979,#2980),
  .UNSPECIFIED.,.F.,.F.,(3,3),(0.,1.),.PIECEWISE_BEZIER_KNOTS.);
#2978 = CARTESIAN_POINT('',(1.32666015625,4.20947265625,6.));
#2979 = CARTESIAN_POINT('',(1.25732421875,4.1259765625,6.));
#2980 = CARTESIAN_POINT('',(1.12939453125,4.09375,6.));
#2981 = VECTOR('',#2982,1.);
#2982 = DIRECTION('',(-0.,-0.,-1.));
#2983 = DEFINITIONAL_REPRESENTATION('',(#2984),#2988);
#2984 = LINE('',#2985,#2986);
#2985 = CARTESIAN_POINT('',(0.,0.));
#2986 = VECTOR('',#2987,1.);
#2987 = DIRECTION('',(1.,0.));
#2988 = ( GEOMETRIC_REPRESENTATION_CONTEXT(2) 
PARAMETRIC_REPRESENTATION_CONTEXT() REPRESENTATION_CONTEXT('2D SPACE',''
  ) );
#2989 = ORIENTED_EDGE('',*,*,#2990,.T.);
#2990 = EDGE_CURVE('',#2961,#2991,#2993,.T.);
#2991 = VERTEX_POINT('',#2992);
#2992 = CARTESIAN_POINT('',(1.3505859375,3.9677734375,6.));
#2993 = SURFACE_CURVE('',#2994,(#2998,#3005),.PCURVE_S1.);
#2994 = B_SPLINE_CURVE_WITH_KNOTS('',2,(#2995,#2996,#2997),
  .UNSPECIFIED.,.F.,.F.,(3,3),(0.,1.),.PIECEWISE_BEZIER_KNOTS.);
#2995 = CARTESIAN_POINT('',(1.12939453125,4.09375,6.));
#2996 = CARTESIAN_POINT('',(1.27099609375,4.0634765625,6.));
#2997 = CARTESIAN_POINT('',(1.3505859375,3.9677734375,6.));
#2998 = PCURVE('',#152,#2999);
#2999 = DEFINITIONAL_REPRESENTATION('',(#3000),#3004);
#3000 = B_SPLINE_CURVE_WITH_KNOTS('',2,(#3001,#3002,#3003),
  .UNSPECIFIED.,.F.,.F.,(3,3),(0.,1.),.PIECEWISE_BEZIER_KNOTS.);
#3001 = CARTESIAN_POINT('',(21.12939453125,11.59375));
#3002 = CARTESIAN_POINT('',(21.27099609375,11.5634765625));
#3003 = CARTESIAN_POINT('',(21.3505859375,11.4677734375));
#3004 = ( GEOMETRIC_REPRESENTATION_CONTEXT(2) 
PARAMETRIC_REPRESENTATION_CONTEXT() REPRESENTATION_CONTEXT('2D SPACE',''
  ) );
#3005 = PCURVE('',#3006,#3013);
#3006 = SURFACE_OF_LINEAR_EXTRUSION('',#3007,#3011);
#3007 = B_SPLINE_CURVE_WITH_KNOTS('',2,(#3008,#3009,#3010),
  .UNSPECIFIED.,.F.,.F.,(3,3),(0.,1.),.PIECEWISE_BEZIER_KNOTS.);
#3008 = CARTESIAN_POINT('',(1.12939453125,4.09375,6.));
#3009 = CARTESIAN_POINT('',(1.27099609375,4.0634765625,6.));
#3010 = CARTESIAN_POINT('',(1.3505859375,3.9677734375,6.));
#3011 = VECTOR('',#3012,1.);
#3012 = DIRECTION('',(-0.,-0.,-1.));
#3013 = DEFINITIONAL_REPRESENTATION('',(#3014),#3018);
#3014 = LINE('',#3015,#3016);
#3015 = CARTESIAN_POINT('',(0.,0.));
#3016 = VECTOR('',#3017,1.);
#3017 = DIRECTION('',(1.,0.));
#3018 = ( GEOMETRIC_REPRESENTATION_CONTEXT(2) 
PARAMETRIC_REPRESENTATION_CONTEXT() REPRESENTATION_CONTEXT('2D SPACE',''
  ) );
#3019 = ORIENTED_EDGE('',*,*,#3020,.T.);
#3020 = EDGE_CURVE('',#2991,#3021,#3023,.T.);
#3021 = VERTEX_POINT('',#3022);
#3022 = CARTESIAN_POINT('',(1.43017578125,3.7314453125,6.));
#3023 = SURFACE_CURVE('',#3024,(#3028,#3035),.PCURVE_S1.);
#3024 = B_SPLINE_CURVE_WITH_KNOTS('',2,(#3025,#3026,#3027),
  .UNSPECIFIED.,.F.,.F.,(3,3),(0.,1.),.PIECEWISE_BEZIER_KNOTS.);
#3025 = CARTESIAN_POINT('',(1.3505859375,3.9677734375,6.));
#3026 = CARTESIAN_POINT('',(1.43017578125,3.8720703125,6.));
#3027 = CARTESIAN_POINT('',(1.43017578125,3.7314453125,6.));
#3028 = PCURVE('',#152,#3029);
#3029 = DEFINITIONAL_REPRESENTATION('',(#3030),#3034);
#3030 = B_SPLINE_CURVE_WITH_KNOTS('',2,(#3031,#3032,#3033),
  .UNSPECIFIED.,.F.,.F.,(3,3),(0.,1.),.PIECEWISE_BEZIER_KNOTS.);
#3031 = CARTESIAN_POINT('',(21.3505859375,11.4677734375));
#3032 = CARTESIAN_POINT('',(21.43017578125,11.3720703125));
#3033 = CARTESIAN_POINT('',(21.43017578125,11.2314453125));
#3034 = ( GEOMETRIC_REPRESENTATION_CONTEXT(2) 
PARAMETRIC_REPRESENTATION_CONTEXT() REPRESENTATION_CONTEXT('2D SPACE',''
  ) );
#3035 = PCURVE('',#3036,#3043);
#3036 = SURFACE_OF_LINEAR_EXTRUSION('',#3037,#3041);
#3037 = B_SPLINE_CURVE_WITH_KNOTS('',2,(#3038,#3039,#3040),
  .UNSPECIFIED.,.F.,.F.,(3,3),(0.,1.),.PIECEWISE_BEZIER_KNOTS.);
#3038 = CARTESIAN_POINT('',(1.3505859375,3.9677734375,6.));
#3039 = CARTESIAN_POINT('',(1.43017578125,3.8720703125,6.));
#3040 = CARTESIAN_POINT('',(1.43017578125,3.7314453125,6.));
#3041 = VECTOR('',#3042,1.);
#3042 = DIRECTION('',(-0.,-0.,-1.));
#3043 = DEFINITIONAL_REPRESENTATION('',(#3044),#3048);
#3044 = LINE('',#3045,#3046);
#3045 = CARTESIAN_POINT('',(0.,0.));
#3046 = VECTOR('',#3047,1.);
#3047 = DIRECTION('',(1.,0.));
#3048 = ( GEOMETRIC_REPRESENTATION_CONTEXT(2) 
PARAMETRIC_REPRESENTATION_CONTEXT() REPRESENTATION_CONTEXT('2D SPACE',''
  ) );
#3049 = ORIENTED_EDGE('',*,*,#3050,.T.);
#3050 = EDGE_CURVE('',#3021,#3051,#3053,.T.);
#3051 = VERTEX_POINT('',#3052);
#3052 = CARTESIAN_POINT('',(1.28173828125,3.3974609375,6.));
#3053 = SURFACE_CURVE('',#3054,(#3058,#3065),.PCURVE_S1.);
#3054 = B_SPLINE_CURVE_WITH_KNOTS('',2,(#3055,#3056,#3057),
  .UNSPECIFIED.,.F.,.F.,(3,3),(0.,1.),.PIECEWISE_BEZIER_KNOTS.);
#3055 = CARTESIAN_POINT('',(1.43017578125,3.7314453125,6.));
#3056 = CARTESIAN_POINT('',(1.43017578125,3.515625,6.));
#3057 = CARTESIAN_POINT('',(1.28173828125,3.3974609375,6.));
#3058 = PCURVE('',#152,#3059);
#3059 = DEFINITIONAL_REPRESENTATION('',(#3060),#3064);
#3060 = B_SPLINE_CURVE_WITH_KNOTS('',2,(#3061,#3062,#3063),
  .UNSPECIFIED.,.F.,.F.,(3,3),(0.,1.),.PIECEWISE_BEZIER_KNOTS.);
#3061 = CARTESIAN_POINT('',(21.43017578125,11.2314453125));
#3062 = CARTESIAN_POINT('',(21.43017578125,11.015625));
#3063 = CARTESIAN_POINT('',(21.28173828125,10.8974609375));
#3064 = ( GEOMETRIC_REPRESENTATION_CONTEXT(2) 
PARAMETRIC_REPRESENTATION_CONTEXT() REPRESENTATION_CONTEXT('2D SPACE',''
  ) );
#3065 = PCURVE('',#3066,#3073);
#3066 = SURFACE_OF_LINEAR_EXTRUSION('',#3067,#3071);
#3067 = B_SPLINE_CURVE_WITH_KNOTS('',2,(#3068,#3069,#3070),
  .UNSPECIFIED.,.F.,.F.,(3,3),(0.,1.),.PIECEWISE_BEZIER_KNOTS.);
#3068 = CARTESIAN_POINT('',(1.43017578125,3.7314453125,6.));
#3069 = CARTESIAN_POINT('',(1.43017578125,3.515625,6.));
#3070 = CARTESIAN_POINT('',(1.28173828125,3.3974609375,6.));
#3071 = VECTOR('',#3072,1.);
#3072 = DIRECTION('',(-0.,-0.,-1.));
#3073 = DEFINITIONAL_REPRESENTATION('',(#3074),#3078);
#3074 = LINE('',#3075,#3076);
#3075 = CARTESIAN_POINT('',(0.,0.));
#3076 = VECTOR('',#3077,1.);
#3077 = DIRECTION('',(1.,0.));
#3078 = ( GEOMETRIC_REPRESENTATION_CONTEXT(2) 
PARAMETRIC_REPRESENTATION_CONTEXT() REPRESENTATION_CONTEXT('2D SPACE',''
  ) );
#3079 = ORIENTED_EDGE('',*,*,#3080,.T.);
#3080 = EDGE_CURVE('',#3051,#3081,#3083,.T.);
#3081 = VERTEX_POINT('',#3082);
#3082 = CARTESIAN_POINT('',(0.85986328125,3.279296875,6.));
#3083 = SURFACE_CURVE('',#3084,(#3088,#3095),.PCURVE_S1.);
#3084 = B_SPLINE_CURVE_WITH_KNOTS('',2,(#3085,#3086,#3087),
  .UNSPECIFIED.,.F.,.F.,(3,3),(0.,1.),.PIECEWISE_BEZIER_KNOTS.);
#3085 = CARTESIAN_POINT('',(1.28173828125,3.3974609375,6.));
#3086 = CARTESIAN_POINT('',(1.13330078125,3.279296875,6.));
#3087 = CARTESIAN_POINT('',(0.85986328125,3.279296875,6.));
#3088 = PCURVE('',#152,#3089);
#3089 = DEFINITIONAL_REPRESENTATION('',(#3090),#3094);
#3090 = B_SPLINE_CURVE_WITH_KNOTS('',2,(#3091,#3092,#3093),
  .UNSPECIFIED.,.F.,.F.,(3,3),(0.,1.),.PIECEWISE_BEZIER_KNOTS.);
#3091 = CARTESIAN_POINT('',(21.28173828125,10.8974609375));
#3092 = CARTESIAN_POINT('',(21.13330078125,10.779296875));
#3093 = CARTESIAN_POINT('',(20.85986328125,10.779296875));
#3094 = ( GEOMETRIC_REPRESENTATION_CONTEXT(2) 
PARAMETRIC_REPRESENTATION_CONTEXT() REPRESENTATION_CONTEXT('2D SPACE',''
  ) );
#3095 = PCURVE('',#3096,#3103);
#3096 = SURFACE_OF_LINEAR_EXTRUSION('',#3097,#3101);
#3097 = B_SPLINE_CURVE_WITH_KNOTS('',2,(#3098,#3099,#3100),
  .UNSPECIFIED.,.F.,.F.,(3,3),(0.,1.),.PIECEWISE_BEZIER_KNOTS.);
#3098 = CARTESIAN_POINT('',(1.28173828125,3.3974609375,6.));
#3099 = CARTESIAN_POINT('',(1.13330078125,3.279296875,6.));
#3100 = CARTESIAN_POINT('',(0.85986328125,3.279296875,6.));
#3101 = VECTOR('',#3102,1.);
#3102 = DIRECTION('',(-0.,-0.,-1.));
#3103 = DEFINITIONAL_REPRESENTATION('',(#3104),#3108);
#3104 = LINE('',#3105,#3106);
#3105 = CARTESIAN_POINT('',(0.,0.));
#3106 = VECTOR('',#3107,1.);
#3107 = DIRECTION('',(1.,0.));
#3108 = ( GEOMETRIC_REPRESENTATION_CONTEXT(2) 
PARAMETRIC_REPRESENTATION_CONTEXT() REPRESENTATION_CONTEXT('2D SPACE',''
  ) );
#3109 = ORIENTED_EDGE('',*,*,#3110,.T.);
#3110 = EDGE_CURVE('',#3081,#3111,#3113,.T.);
#3111 = VERTEX_POINT('',#3112);
#3112 = CARTESIAN_POINT('',(0.6708984375,3.29736328125,6.));
#3113 = SURFACE_CURVE('',#3114,(#3118,#3125),.PCURVE_S1.);
#3114 = B_SPLINE_CURVE_WITH_KNOTS('',2,(#3115,#3116,#3117),
  .UNSPECIFIED.,.F.,.F.,(3,3),(0.,1.),.PIECEWISE_BEZIER_KNOTS.);
#3115 = CARTESIAN_POINT('',(0.85986328125,3.279296875,6.));
#3116 = CARTESIAN_POINT('',(0.76806640625,3.279296875,6.));
#3117 = CARTESIAN_POINT('',(0.6708984375,3.29736328125,6.));
#3118 = PCURVE('',#152,#3119);
#3119 = DEFINITIONAL_REPRESENTATION('',(#3120),#3124);
#3120 = B_SPLINE_CURVE_WITH_KNOTS('',2,(#3121,#3122,#3123),
  .UNSPECIFIED.,.F.,.F.,(3,3),(0.,1.),.PIECEWISE_BEZIER_KNOTS.);
#3121 = CARTESIAN_POINT('',(20.85986328125,10.779296875));
#3122 = CARTESIAN_POINT('',(20.76806640625,10.779296875));
#3123 = CARTESIAN_POINT('',(20.6708984375,10.79736328125));
#3124 = ( GEOMETRIC_REPRESENTATION_CONTEXT(2) 
PARAMETRIC_REPRESENTATION_CONTEXT() REPRESENTATION_CONTEXT('2D SPACE',''
  ) );
#3125 = PCURVE('',#3126,#3133);
#3126 = SURFACE_OF_LINEAR_EXTRUSION('',#3127,#3131);
#3127 = B_SPLINE_CURVE_WITH_KNOTS('',2,(#3128,#3129,#3130),
  .UNSPECIFIED.,.F.,.F.,(3,3),(0.,1.),.PIECEWISE_BEZIER_KNOTS.);
#3128 = CARTESIAN_POINT('',(0.85986328125,3.279296875,6.));
#3129 = CARTESIAN_POINT('',(0.76806640625,3.279296875,6.));
#3130 = CARTESIAN_POINT('',(0.6708984375,3.29736328125,6.));
#3131 = VECTOR('',#3132,1.);
#3132 = DIRECTION('',(-0.,-0.,-1.));
#3133 = DEFINITIONAL_REPRESENTATION('',(#3134),#3138);
#3134 = LINE('',#3135,#3136);
#3135 = CARTESIAN_POINT('',(0.,0.));
#3136 = VECTOR('',#3137,1.);
#3137 = DIRECTION('',(1.,0.));
#3138 = ( GEOMETRIC_REPRESENTATION_CONTEXT(2) 
PARAMETRIC_REPRESENTATION_CONTEXT() REPRESENTATION_CONTEXT('2D SPACE',''
  ) );
#3139 = ORIENTED_EDGE('',*,*,#3140,.T.);
#3140 = EDGE_CURVE('',#3111,#3141,#3143,.T.);
#3141 = VERTEX_POINT('',#3142);
#3142 = CARTESIAN_POINT('',(0.47021484375,3.3515625,6.));
#3143 = SURFACE_CURVE('',#3144,(#3148,#3155),.PCURVE_S1.);
#3144 = B_SPLINE_CURVE_WITH_KNOTS('',2,(#3145,#3146,#3147),
  .UNSPECIFIED.,.F.,.F.,(3,3),(0.,1.),.PIECEWISE_BEZIER_KNOTS.);
#3145 = CARTESIAN_POINT('',(0.6708984375,3.29736328125,6.));
#3146 = CARTESIAN_POINT('',(0.57373046875,3.3154296875,6.));
#3147 = CARTESIAN_POINT('',(0.47021484375,3.3515625,6.));
#3148 = PCURVE('',#152,#3149);
#3149 = DEFINITIONAL_REPRESENTATION('',(#3150),#3154);
#3150 = B_SPLINE_CURVE_WITH_KNOTS('',2,(#3151,#3152,#3153),
  .UNSPECIFIED.,.F.,.F.,(3,3),(0.,1.),.PIECEWISE_BEZIER_KNOTS.);
#3151 = CARTESIAN_POINT('',(20.6708984375,10.79736328125));
#3152 = CARTESIAN_POINT('',(20.57373046875,10.8154296875));
#3153 = CARTESIAN_POINT('',(20.47021484375,10.8515625));
#3154 = ( GEOMETRIC_REPRESENTATION_CONTEXT(2) 
PARAMETRIC_REPRESENTATION_CONTEXT() REPRESENTATION_CONTEXT('2D SPACE',''
  ) );
#3155 = PCURVE('',#3156,#3163);
#3156 = SURFACE_OF_LINEAR_EXTRUSION('',#3157,#3161);
#3157 = B_SPLINE_CURVE_WITH_KNOTS('',2,(#3158,#3159,#3160),
  .UNSPECIFIED.,.F.,.F.,(3,3),(0.,1.),.PIECEWISE_BEZIER_KNOTS.);
#3158 = CARTESIAN_POINT('',(0.6708984375,3.29736328125,6.));
#3159 = CARTESIAN_POINT('',(0.57373046875,3.3154296875,6.));
#3160 = CARTESIAN_POINT('',(0.47021484375,3.3515625,6.));
#3161 = VECTOR('',#3162,1.);
#3162 = DIRECTION('',(-0.,-0.,-1.));
#3163 = DEFINITIONAL_REPRESENTATION('',(#3164),#3168);
#3164 = LINE('',#3165,#3166);
#3165 = CARTESIAN_POINT('',(0.,0.));
#3166 = VECTOR('',#3167,1.);
#3167 = DIRECTION('',(1.,0.));
#3168 = ( GEOMETRIC_REPRESENTATION_CONTEXT(2) 
PARAMETRIC_REPRESENTATION_CONTEXT() REPRESENTATION_CONTEXT('2D SPACE',''
  ) );
#3169 = ORIENTED_EDGE('',*,*,#3170,.T.);
#3170 = EDGE_CURVE('',#3141,#3171,#3173,.T.);
#3171 = VERTEX_POINT('',#3172);
#3172 = CARTESIAN_POINT('',(0.47021484375,3.5419921875,6.));
#3173 = SURFACE_CURVE('',#3174,(#3178,#3185),.PCURVE_S1.);
#3174 = LINE('',#3175,#3176);
#3175 = CARTESIAN_POINT('',(0.47021484375,3.3515625,6.));
#3176 = VECTOR('',#3177,1.);
#3177 = DIRECTION('',(0.,1.,0.));
#3178 = PCURVE('',#152,#3179);
#3179 = DEFINITIONAL_REPRESENTATION('',(#3180),#3184);
#3180 = LINE('',#3181,#3182);
#3181 = CARTESIAN_POINT('',(20.47021484375,10.8515625));
#3182 = VECTOR('',#3183,1.);
#3183 = DIRECTION('',(0.,1.));
#3184 = ( GEOMETRIC_REPRESENTATION_CONTEXT(2) 
PARAMETRIC_REPRESENTATION_CONTEXT() REPRESENTATION_CONTEXT('2D SPACE',''
  ) );
#3185 = PCURVE('',#3186,#3191);
#3186 = PLANE('',#3187);
#3187 = AXIS2_PLACEMENT_3D('',#3188,#3189,#3190);
#3188 = CARTESIAN_POINT('',(0.47021484375,3.3515625,6.));
#3189 = DIRECTION('',(-1.,0.,0.));
#3190 = DIRECTION('',(0.,1.,0.));
#3191 = DEFINITIONAL_REPRESENTATION('',(#3192),#3196);
#3192 = LINE('',#3193,#3194);
#3193 = CARTESIAN_POINT('',(0.,0.));
#3194 = VECTOR('',#3195,1.);
#3195 = DIRECTION('',(1.,0.));
#3196 = ( GEOMETRIC_REPRESENTATION_CONTEXT(2) 
PARAMETRIC_REPRESENTATION_CONTEXT() REPRESENTATION_CONTEXT('2D SPACE',''
  ) );
#3197 = ORIENTED_EDGE('',*,*,#3198,.T.);
#3198 = EDGE_CURVE('',#3171,#3199,#3201,.T.);
#3199 = VERTEX_POINT('',#3200);
#3200 = CARTESIAN_POINT('',(0.64990234375,3.4697265625,6.));
#3201 = SURFACE_CURVE('',#3202,(#3206,#3213),.PCURVE_S1.);
#3202 = B_SPLINE_CURVE_WITH_KNOTS('',2,(#3203,#3204,#3205),
  .UNSPECIFIED.,.F.,.F.,(3,3),(0.,1.),.PIECEWISE_BEZIER_KNOTS.);
#3203 = CARTESIAN_POINT('',(0.47021484375,3.5419921875,6.));
#3204 = CARTESIAN_POINT('',(0.55224609375,3.494140625,6.));
#3205 = CARTESIAN_POINT('',(0.64990234375,3.4697265625,6.));
#3206 = PCURVE('',#152,#3207);
#3207 = DEFINITIONAL_REPRESENTATION('',(#3208),#3212);
#3208 = B_SPLINE_CURVE_WITH_KNOTS('',2,(#3209,#3210,#3211),
  .UNSPECIFIED.,.F.,.F.,(3,3),(0.,1.),.PIECEWISE_BEZIER_KNOTS.);
#3209 = CARTESIAN_POINT('',(20.47021484375,11.0419921875));
#3210 = CARTESIAN_POINT('',(20.55224609375,10.994140625));
#3211 = CARTESIAN_POINT('',(20.64990234375,10.9697265625));
#3212 = ( GEOMETRIC_REPRESENTATION_CONTEXT(2) 
PARAMETRIC_REPRESENTATION_CONTEXT() REPRESENTATION_CONTEXT('2D SPACE',''
  ) );
#3213 = PCURVE('',#3214,#3221);
#3214 = SURFACE_OF_LINEAR_EXTRUSION('',#3215,#3219);
#3215 = B_SPLINE_CURVE_WITH_KNOTS('',2,(#3216,#3217,#3218),
  .UNSPECIFIED.,.F.,.F.,(3,3),(0.,1.),.PIECEWISE_BEZIER_KNOTS.);
#3216 = CARTESIAN_POINT('',(0.47021484375,3.5419921875,6.));
#3217 = CARTESIAN_POINT('',(0.55224609375,3.494140625,6.));
#3218 = CARTESIAN_POINT('',(0.64990234375,3.4697265625,6.));
#3219 = VECTOR('',#3220,1.);
#3220 = DIRECTION('',(-0.,-0.,-1.));
#3221 = DEFINITIONAL_REPRESENTATION('',(#3222),#3226);
#3222 = LINE('',#3223,#3224);
#3223 = CARTESIAN_POINT('',(0.,0.));
#3224 = VECTOR('',#3225,1.);
#3225 = DIRECTION('',(1.,0.));
#3226 = ( GEOMETRIC_REPRESENTATION_CONTEXT(2) 
PARAMETRIC_REPRESENTATION_CONTEXT() REPRESENTATION_CONTEXT('2D SPACE',''
  ) );
#3227 = ORIENTED_EDGE('',*,*,#3228,.T.);
#3228 = EDGE_CURVE('',#3199,#3229,#3231,.T.);
#3229 = VERTEX_POINT('',#3230);
#3230 = CARTESIAN_POINT('',(0.85400390625,3.4453125,6.));
#3231 = SURFACE_CURVE('',#3232,(#3236,#3243),.PCURVE_S1.);
#3232 = B_SPLINE_CURVE_WITH_KNOTS('',2,(#3233,#3234,#3235),
  .UNSPECIFIED.,.F.,.F.,(3,3),(0.,1.),.PIECEWISE_BEZIER_KNOTS.);
#3233 = CARTESIAN_POINT('',(0.64990234375,3.4697265625,6.));
#3234 = CARTESIAN_POINT('',(0.74755859375,3.4453125,6.));
#3235 = CARTESIAN_POINT('',(0.85400390625,3.4453125,6.));
#3236 = PCURVE('',#152,#3237);
#3237 = DEFINITIONAL_REPRESENTATION('',(#3238),#3242);
#3238 = B_SPLINE_CURVE_WITH_KNOTS('',2,(#3239,#3240,#3241),
  .UNSPECIFIED.,.F.,.F.,(3,3),(0.,1.),.PIECEWISE_BEZIER_KNOTS.);
#3239 = CARTESIAN_POINT('',(20.64990234375,10.9697265625));
#3240 = CARTESIAN_POINT('',(20.74755859375,10.9453125));
#3241 = CARTESIAN_POINT('',(20.85400390625,10.9453125));
#3242 = ( GEOMETRIC_REPRESENTATION_CONTEXT(2) 
PARAMETRIC_REPRESENTATION_CONTEXT() REPRESENTATION_CONTEXT('2D SPACE',''
  ) );
#3243 = PCURVE('',#3244,#3251);
#3244 = SURFACE_OF_LINEAR_EXTRUSION('',#3245,#3249);
#3245 = B_SPLINE_CURVE_WITH_KNOTS('',2,(#3246,#3247,#3248),
  .UNSPECIFIED.,.F.,.F.,(3,3),(0.,1.),.PIECEWISE_BEZIER_KNOTS.);
#3246 = CARTESIAN_POINT('',(0.64990234375,3.4697265625,6.));
#3247 = CARTESIAN_POINT('',(0.74755859375,3.4453125,6.));
#3248 = CARTESIAN_POINT('',(0.85400390625,3.4453125,6.));
#3249 = VECTOR('',#3250,1.);
#3250 = DIRECTION('',(-0.,-0.,-1.));
#3251 = DEFINITIONAL_REPRESENTATION('',(#3252),#3256);
#3252 = LINE('',#3253,#3254);
#3253 = CARTESIAN_POINT('',(0.,0.));
#3254 = VECTOR('',#3255,1.);
#3255 = DIRECTION('',(1.,0.));
#3256 = ( GEOMETRIC_REPRESENTATION_CONTEXT(2) 
PARAMETRIC_REPRESENTATION_CONTEXT() REPRESENTATION_CONTEXT('2D SPACE',''
  ) );
#3257 = ORIENTED_EDGE('',*,*,#3258,.T.);
#3258 = EDGE_CURVE('',#3229,#3259,#3261,.T.);
#3259 = VERTEX_POINT('',#3260);
#3260 = CARTESIAN_POINT('',(1.13671875,3.5185546875,6.));
#3261 = SURFACE_CURVE('',#3262,(#3266,#3273),.PCURVE_S1.);
#3262 = B_SPLINE_CURVE_WITH_KNOTS('',2,(#3263,#3264,#3265),
  .UNSPECIFIED.,.F.,.F.,(3,3),(0.,1.),.PIECEWISE_BEZIER_KNOTS.);
#3263 = CARTESIAN_POINT('',(0.85400390625,3.4453125,6.));
#3264 = CARTESIAN_POINT('',(1.03955078125,3.4453125,6.));
#3265 = CARTESIAN_POINT('',(1.13671875,3.5185546875,6.));
#3266 = PCURVE('',#152,#3267);
#3267 = DEFINITIONAL_REPRESENTATION('',(#3268),#3272);
#3268 = B_SPLINE_CURVE_WITH_KNOTS('',2,(#3269,#3270,#3271),
  .UNSPECIFIED.,.F.,.F.,(3,3),(0.,1.),.PIECEWISE_BEZIER_KNOTS.);
#3269 = CARTESIAN_POINT('',(20.85400390625,10.9453125));
#3270 = CARTESIAN_POINT('',(21.03955078125,10.9453125));
#3271 = CARTESIAN_POINT('',(21.13671875,11.0185546875));
#3272 = ( GEOMETRIC_REPRESENTATION_CONTEXT(2) 
PARAMETRIC_REPRESENTATION_CONTEXT() REPRESENTATION_CONTEXT('2D SPACE',''
  ) );
#3273 = PCURVE('',#3274,#3281);
#3274 = SURFACE_OF_LINEAR_EXTRUSION('',#3275,#3279);
#3275 = B_SPLINE_CURVE_WITH_KNOTS('',2,(#3276,#3277,#3278),
  .UNSPECIFIED.,.F.,.F.,(3,3),(0.,1.),.PIECEWISE_BEZIER_KNOTS.);
#3276 = CARTESIAN_POINT('',(0.85400390625,3.4453125,6.));
#3277 = CARTESIAN_POINT('',(1.03955078125,3.4453125,6.));
#3278 = CARTESIAN_POINT('',(1.13671875,3.5185546875,6.));
#3279 = VECTOR('',#3280,1.);
#3280 = DIRECTION('',(-0.,-0.,-1.));
#3281 = DEFINITIONAL_REPRESENTATION('',(#3282),#3286);
#3282 = LINE('',#3283,#3284);
#3283 = CARTESIAN_POINT('',(0.,0.));
#3284 = VECTOR('',#3285,1.);
#3285 = DIRECTION('',(1.,0.));
#3286 = ( GEOMETRIC_REPRESENTATION_CONTEXT(2) 
PARAMETRIC_REPRESENTATION_CONTEXT() REPRESENTATION_CONTEXT('2D SPACE',''
  ) );
#3287 = ORIENTED_EDGE('',*,*,#3288,.T.);
#3288 = EDGE_CURVE('',#3259,#3289,#3291,.T.);
#3289 = VERTEX_POINT('',#3290);
#3290 = CARTESIAN_POINT('',(1.23388671875,3.7314453125,6.));
#3291 = SURFACE_CURVE('',#3292,(#3296,#3303),.PCURVE_S1.);
#3292 = B_SPLINE_CURVE_WITH_KNOTS('',2,(#3293,#3294,#3295),
  .UNSPECIFIED.,.F.,.F.,(3,3),(0.,1.),.PIECEWISE_BEZIER_KNOTS.);
#3293 = CARTESIAN_POINT('',(1.13671875,3.5185546875,6.));
#3294 = CARTESIAN_POINT('',(1.23388671875,3.591796875,6.));
#3295 = CARTESIAN_POINT('',(1.23388671875,3.7314453125,6.));
#3296 = PCURVE('',#152,#3297);
#3297 = DEFINITIONAL_REPRESENTATION('',(#3298),#3302);
#3298 = B_SPLINE_CURVE_WITH_KNOTS('',2,(#3299,#3300,#3301),
  .UNSPECIFIED.,.F.,.F.,(3,3),(0.,1.),.PIECEWISE_BEZIER_KNOTS.);
#3299 = CARTESIAN_POINT('',(21.13671875,11.0185546875));
#3300 = CARTESIAN_POINT('',(21.23388671875,11.091796875));
#3301 = CARTESIAN_POINT('',(21.23388671875,11.2314453125));
#3302 = ( GEOMETRIC_REPRESENTATION_CONTEXT(2) 
PARAMETRIC_REPRESENTATION_CONTEXT() REPRESENTATION_CONTEXT('2D SPACE',''
  ) );
#3303 = PCURVE('',#3304,#3311);
#3304 = SURFACE_OF_LINEAR_EXTRUSION('',#3305,#3309);
#3305 = B_SPLINE_CURVE_WITH_KNOTS('',2,(#3306,#3307,#3308),
  .UNSPECIFIED.,.F.,.F.,(3,3),(0.,1.),.PIECEWISE_BEZIER_KNOTS.);
#3306 = CARTESIAN_POINT('',(1.13671875,3.5185546875,6.));
#3307 = CARTESIAN_POINT('',(1.23388671875,3.591796875,6.));
#3308 = CARTESIAN_POINT('',(1.23388671875,3.7314453125,6.));
#3309 = VECTOR('',#3310,1.);
#3310 = DIRECTION('',(-0.,-0.,-1.));
#3311 = DEFINITIONAL_REPRESENTATION('',(#3312),#3316);
#3312 = LINE('',#3313,#3314);
#3313 = CARTESIAN_POINT('',(0.,0.));
#3314 = VECTOR('',#3315,1.);
#3315 = DIRECTION('',(1.,0.));
#3316 = ( GEOMETRIC_REPRESENTATION_CONTEXT(2) 
PARAMETRIC_REPRESENTATION_CONTEXT() REPRESENTATION_CONTEXT('2D SPACE',''
  ) );
#3317 = ORIENTED_EDGE('',*,*,#3318,.T.);
#3318 = EDGE_CURVE('',#3289,#3319,#3321,.T.);
#3319 = VERTEX_POINT('',#3320);
#3320 = CARTESIAN_POINT('',(1.1435546875,3.93310546875,6.));
#3321 = SURFACE_CURVE('',#3322,(#3326,#3333),.PCURVE_S1.);
#3322 = B_SPLINE_CURVE_WITH_KNOTS('',2,(#3323,#3324,#3325),
  .UNSPECIFIED.,.F.,.F.,(3,3),(0.,1.),.PIECEWISE_BEZIER_KNOTS.);
#3323 = CARTESIAN_POINT('',(1.23388671875,3.7314453125,6.));
#3324 = CARTESIAN_POINT('',(1.23388671875,3.8603515625,6.));
#3325 = CARTESIAN_POINT('',(1.1435546875,3.93310546875,6.));
#3326 = PCURVE('',#152,#3327);
#3327 = DEFINITIONAL_REPRESENTATION('',(#3328),#3332);
#3328 = B_SPLINE_CURVE_WITH_KNOTS('',2,(#3329,#3330,#3331),
  .UNSPECIFIED.,.F.,.F.,(3,3),(0.,1.),.PIECEWISE_BEZIER_KNOTS.);
#3329 = CARTESIAN_POINT('',(21.23388671875,11.2314453125));
#3330 = CARTESIAN_POINT('',(21.23388671875,11.3603515625));
#3331 = CARTESIAN_POINT('',(21.1435546875,11.43310546875));
#3332 = ( GEOMETRIC_REPRESENTATION_CONTEXT(2) 
PARAMETRIC_REPRESENTATION_CONTEXT() REPRESENTATION_CONTEXT('2D SPACE',''
  ) );
#3333 = PCURVE('',#3334,#3341);
#3334 = SURFACE_OF_LINEAR_EXTRUSION('',#3335,#3339);
#3335 = B_SPLINE_CURVE_WITH_KNOTS('',2,(#3336,#3337,#3338),
  .UNSPECIFIED.,.F.,.F.,(3,3),(0.,1.),.PIECEWISE_BEZIER_KNOTS.);
#3336 = CARTESIAN_POINT('',(1.23388671875,3.7314453125,6.));
#3337 = CARTESIAN_POINT('',(1.23388671875,3.8603515625,6.));
#3338 = CARTESIAN_POINT('',(1.1435546875,3.93310546875,6.));
#3339 = VECTOR('',#3340,1.);
#3340 = DIRECTION('',(-0.,-0.,-1.));
#3341 = DEFINITIONAL_REPRESENTATION('',(#3342),#3346);
#3342 = LINE('',#3343,#3344);
#3343 = CARTESIAN_POINT('',(0.,0.));
#3344 = VECTOR('',#3345,1.);
#3345 = DIRECTION('',(1.,0.));
#3346 = ( GEOMETRIC_REPRESENTATION_CONTEXT(2) 
PARAMETRIC_REPRESENTATION_CONTEXT() REPRESENTATION_CONTEXT('2D SPACE',''
  ) );
#3347 = ORIENTED_EDGE('',*,*,#3348,.T.);
#3348 = EDGE_CURVE('',#3319,#3349,#3351,.T.);
#3349 = VERTEX_POINT('',#3350);
#3350 = CARTESIAN_POINT('',(0.89208984375,4.005859375,6.));
#3351 = SURFACE_CURVE('',#3352,(#3356,#3363),.PCURVE_S1.);
#3352 = B_SPLINE_CURVE_WITH_KNOTS('',2,(#3353,#3354,#3355),
  .UNSPECIFIED.,.F.,.F.,(3,3),(0.,1.),.PIECEWISE_BEZIER_KNOTS.);
#3353 = CARTESIAN_POINT('',(1.1435546875,3.93310546875,6.));
#3354 = CARTESIAN_POINT('',(1.05322265625,4.005859375,6.));
#3355 = CARTESIAN_POINT('',(0.89208984375,4.005859375,6.));
#3356 = PCURVE('',#152,#3357);
#3357 = DEFINITIONAL_REPRESENTATION('',(#3358),#3362);
#3358 = B_SPLINE_CURVE_WITH_KNOTS('',2,(#3359,#3360,#3361),
  .UNSPECIFIED.,.F.,.F.,(3,3),(0.,1.),.PIECEWISE_BEZIER_KNOTS.);
#3359 = CARTESIAN_POINT('',(21.1435546875,11.43310546875));
#3360 = CARTESIAN_POINT('',(21.05322265625,11.505859375));
#3361 = CARTESIAN_POINT('',(20.89208984375,11.505859375));
#3362 = ( GEOMETRIC_REPRESENTATION_CONTEXT(2) 
PARAMETRIC_REPRESENTATION_CONTEXT() REPRESENTATION_CONTEXT('2D SPACE',''
  ) );
#3363 = PCURVE('',#3364,#3371);
#3364 = SURFACE_OF_LINEAR_EXTRUSION('',#3365,#3369);
#3365 = B_SPLINE_CURVE_WITH_KNOTS('',2,(#3366,#3367,#3368),
  .UNSPECIFIED.,.F.,.F.,(3,3),(0.,1.),.PIECEWISE_BEZIER_KNOTS.);
#3366 = CARTESIAN_POINT('',(1.1435546875,3.93310546875,6.));
#3367 = CARTESIAN_POINT('',(1.05322265625,4.005859375,6.));
#3368 = CARTESIAN_POINT('',(0.89208984375,4.005859375,6.));
#3369 = VECTOR('',#3370,1.);
#3370 = DIRECTION('',(-0.,-0.,-1.));
#3371 = DEFINITIONAL_REPRESENTATION('',(#3372),#3376);
#3372 = LINE('',#3373,#3374);
#3373 = CARTESIAN_POINT('',(0.,0.));
#3374 = VECTOR('',#3375,1.);
#3375 = DIRECTION('',(1.,0.));
#3376 = ( GEOMETRIC_REPRESENTATION_CONTEXT(2) 
PARAMETRIC_REPRESENTATION_CONTEXT() REPRESENTATION_CONTEXT('2D SPACE',''
  ) );
#3377 = ORIENTED_EDGE('',*,*,#3378,.T.);
#3378 = EDGE_CURVE('',#3349,#3379,#3381,.T.);
#3379 = VERTEX_POINT('',#3380);
#3380 = CARTESIAN_POINT('',(0.72216796875,4.005859375,6.));
#3381 = SURFACE_CURVE('',#3382,(#3386,#3393),.PCURVE_S1.);
#3382 = LINE('',#3383,#3384);
#3383 = CARTESIAN_POINT('',(0.89208984375,4.005859375,6.));
#3384 = VECTOR('',#3385,1.);
#3385 = DIRECTION('',(-1.,0.,0.));
#3386 = PCURVE('',#152,#3387);
#3387 = DEFINITIONAL_REPRESENTATION('',(#3388),#3392);
#3388 = LINE('',#3389,#3390);
#3389 = CARTESIAN_POINT('',(20.89208984375,11.505859375));
#3390 = VECTOR('',#3391,1.);
#3391 = DIRECTION('',(-1.,0.));
#3392 = ( GEOMETRIC_REPRESENTATION_CONTEXT(2) 
PARAMETRIC_REPRESENTATION_CONTEXT() REPRESENTATION_CONTEXT('2D SPACE',''
  ) );
#3393 = PCURVE('',#3394,#3399);
#3394 = PLANE('',#3395);
#3395 = AXIS2_PLACEMENT_3D('',#3396,#3397,#3398);
#3396 = CARTESIAN_POINT('',(0.89208984375,4.005859375,6.));
#3397 = DIRECTION('',(0.,-1.,0.));
#3398 = DIRECTION('',(-1.,0.,0.));
#3399 = DEFINITIONAL_REPRESENTATION('',(#3400),#3404);
#3400 = LINE('',#3401,#3402);
#3401 = CARTESIAN_POINT('',(0.,-0.));
#3402 = VECTOR('',#3403,1.);
#3403 = DIRECTION('',(1.,0.));
#3404 = ( GEOMETRIC_REPRESENTATION_CONTEXT(2) 
PARAMETRIC_REPRESENTATION_CONTEXT() REPRESENTATION_CONTEXT('2D SPACE',''
  ) );
#3405 = ORIENTED_EDGE('',*,*,#3406,.T.);
#3406 = EDGE_CURVE('',#3379,#3407,#3409,.T.);
#3407 = VERTEX_POINT('',#3408);
#3408 = CARTESIAN_POINT('',(0.72216796875,4.16796875,6.));
#3409 = SURFACE_CURVE('',#3410,(#3414,#3421),.PCURVE_S1.);
#3410 = LINE('',#3411,#3412);
#3411 = CARTESIAN_POINT('',(0.72216796875,4.005859375,6.));
#3412 = VECTOR('',#3413,1.);
#3413 = DIRECTION('',(0.,1.,0.));
#3414 = PCURVE('',#152,#3415);
#3415 = DEFINITIONAL_REPRESENTATION('',(#3416),#3420);
#3416 = LINE('',#3417,#3418);
#3417 = CARTESIAN_POINT('',(20.72216796875,11.505859375));
#3418 = VECTOR('',#3419,1.);
#3419 = DIRECTION('',(0.,1.));
#3420 = ( GEOMETRIC_REPRESENTATION_CONTEXT(2) 
PARAMETRIC_REPRESENTATION_CONTEXT() REPRESENTATION_CONTEXT('2D SPACE',''
  ) );
#3421 = PCURVE('',#3422,#3427);
#3422 = PLANE('',#3423);
#3423 = AXIS2_PLACEMENT_3D('',#3424,#3425,#3426);
#3424 = CARTESIAN_POINT('',(0.72216796875,4.005859375,6.));
#3425 = DIRECTION('',(-1.,0.,0.));
#3426 = DIRECTION('',(0.,1.,0.));
#3427 = DEFINITIONAL_REPRESENTATION('',(#3428),#3432);
#3428 = LINE('',#3429,#3430);
#3429 = CARTESIAN_POINT('',(0.,0.));
#3430 = VECTOR('',#3431,1.);
#3431 = DIRECTION('',(1.,0.));
#3432 = ( GEOMETRIC_REPRESENTATION_CONTEXT(2) 
PARAMETRIC_REPRESENTATION_CONTEXT() REPRESENTATION_CONTEXT('2D SPACE',''
  ) );
#3433 = ORIENTED_EDGE('',*,*,#3434,.T.);
#3434 = EDGE_CURVE('',#3407,#3435,#3437,.T.);
#3435 = VERTEX_POINT('',#3436);
#3436 = CARTESIAN_POINT('',(0.89990234375,4.16796875,6.));
#3437 = SURFACE_CURVE('',#3438,(#3442,#3449),.PCURVE_S1.);
#3438 = LINE('',#3439,#3440);
#3439 = CARTESIAN_POINT('',(0.72216796875,4.16796875,6.));
#3440 = VECTOR('',#3441,1.);
#3441 = DIRECTION('',(1.,0.,0.));
#3442 = PCURVE('',#152,#3443);
#3443 = DEFINITIONAL_REPRESENTATION('',(#3444),#3448);
#3444 = LINE('',#3445,#3446);
#3445 = CARTESIAN_POINT('',(20.72216796875,11.66796875));
#3446 = VECTOR('',#3447,1.);
#3447 = DIRECTION('',(1.,0.));
#3448 = ( GEOMETRIC_REPRESENTATION_CONTEXT(2) 
PARAMETRIC_REPRESENTATION_CONTEXT() REPRESENTATION_CONTEXT('2D SPACE',''
  ) );
#3449 = PCURVE('',#3450,#3455);
#3450 = PLANE('',#3451);
#3451 = AXIS2_PLACEMENT_3D('',#3452,#3453,#3454);
#3452 = CARTESIAN_POINT('',(0.72216796875,4.16796875,6.));
#3453 = DIRECTION('',(0.,1.,0.));
#3454 = DIRECTION('',(1.,0.,0.));
#3455 = DEFINITIONAL_REPRESENTATION('',(#3456),#3460);
#3456 = LINE('',#3457,#3458);
#3457 = CARTESIAN_POINT('',(0.,0.));
#3458 = VECTOR('',#3459,1.);
#3459 = DIRECTION('',(1.,0.));
#3460 = ( GEOMETRIC_REPRESENTATION_CONTEXT(2) 
PARAMETRIC_REPRESENTATION_CONTEXT() REPRESENTATION_CONTEXT('2D SPACE',''
  ) );
#3461 = ORIENTED_EDGE('',*,*,#3462,.T.);
#3462 = EDGE_CURVE('',#3435,#3463,#3465,.T.);
#3463 = VERTEX_POINT('',#3464);
#3464 = CARTESIAN_POINT('',(1.12255859375,4.22607421875,6.));
#3465 = SURFACE_CURVE('',#3466,(#3470,#3477),.PCURVE_S1.);
#3466 = B_SPLINE_CURVE_WITH_KNOTS('',2,(#3467,#3468,#3469),
  .UNSPECIFIED.,.F.,.F.,(3,3),(0.,1.),.PIECEWISE_BEZIER_KNOTS.);
#3467 = CARTESIAN_POINT('',(0.89990234375,4.16796875,6.));
#3468 = CARTESIAN_POINT('',(1.04541015625,4.16796875,6.));
#3469 = CARTESIAN_POINT('',(1.12255859375,4.22607421875,6.));
#3470 = PCURVE('',#152,#3471);
#3471 = DEFINITIONAL_REPRESENTATION('',(#3472),#3476);
#3472 = B_SPLINE_CURVE_WITH_KNOTS('',2,(#3473,#3474,#3475),
  .UNSPECIFIED.,.F.,.F.,(3,3),(0.,1.),.PIECEWISE_BEZIER_KNOTS.);
#3473 = CARTESIAN_POINT('',(20.89990234375,11.66796875));
#3474 = CARTESIAN_POINT('',(21.04541015625,11.66796875));
#3475 = CARTESIAN_POINT('',(21.12255859375,11.72607421875));
#3476 = ( GEOMETRIC_REPRESENTATION_CONTEXT(2) 
PARAMETRIC_REPRESENTATION_CONTEXT() REPRESENTATION_CONTEXT('2D SPACE',''
  ) );
#3477 = PCURVE('',#3478,#3485);
#3478 = SURFACE_OF_LINEAR_EXTRUSION('',#3479,#3483);
#3479 = B_SPLINE_CURVE_WITH_KNOTS('',2,(#3480,#3481,#3482),
  .UNSPECIFIED.,.F.,.F.,(3,3),(0.,1.),.PIECEWISE_BEZIER_KNOTS.);
#3480 = CARTESIAN_POINT('',(0.89990234375,4.16796875,6.));
#3481 = CARTESIAN_POINT('',(1.04541015625,4.16796875,6.));
#3482 = CARTESIAN_POINT('',(1.12255859375,4.22607421875,6.));
#3483 = VECTOR('',#3484,1.);
#3484 = DIRECTION('',(-0.,-0.,-1.));
#3485 = DEFINITIONAL_REPRESENTATION('',(#3486),#3490);
#3486 = LINE('',#3487,#3488);
#3487 = CARTESIAN_POINT('',(0.,0.));
#3488 = VECTOR('',#3489,1.);
#3489 = DIRECTION('',(1.,0.));
#3490 = ( GEOMETRIC_REPRESENTATION_CONTEXT(2) 
PARAMETRIC_REPRESENTATION_CONTEXT() REPRESENTATION_CONTEXT('2D SPACE',''
  ) );
#3491 = ORIENTED_EDGE('',*,*,#3492,.T.);
#3492 = EDGE_CURVE('',#3463,#3493,#3495,.T.);
#3493 = VERTEX_POINT('',#3494);
#3494 = CARTESIAN_POINT('',(1.19970703125,4.3935546875,6.));
#3495 = SURFACE_CURVE('',#3496,(#3500,#3507),.PCURVE_S1.);
#3496 = B_SPLINE_CURVE_WITH_KNOTS('',2,(#3497,#3498,#3499),
  .UNSPECIFIED.,.F.,.F.,(3,3),(0.,1.),.PIECEWISE_BEZIER_KNOTS.);
#3497 = CARTESIAN_POINT('',(1.12255859375,4.22607421875,6.));
#3498 = CARTESIAN_POINT('',(1.19970703125,4.2841796875,6.));
#3499 = CARTESIAN_POINT('',(1.19970703125,4.3935546875,6.));
#3500 = PCURVE('',#152,#3501);
#3501 = DEFINITIONAL_REPRESENTATION('',(#3502),#3506);
#3502 = B_SPLINE_CURVE_WITH_KNOTS('',2,(#3503,#3504,#3505),
  .UNSPECIFIED.,.F.,.F.,(3,3),(0.,1.),.PIECEWISE_BEZIER_KNOTS.);
#3503 = CARTESIAN_POINT('',(21.12255859375,11.72607421875));
#3504 = CARTESIAN_POINT('',(21.19970703125,11.7841796875));
#3505 = CARTESIAN_POINT('',(21.19970703125,11.8935546875));
#3506 = ( GEOMETRIC_REPRESENTATION_CONTEXT(2) 
PARAMETRIC_REPRESENTATION_CONTEXT() REPRESENTATION_CONTEXT('2D SPACE',''
  ) );
#3507 = PCURVE('',#3508,#3515);
#3508 = SURFACE_OF_LINEAR_EXTRUSION('',#3509,#3513);
#3509 = B_SPLINE_CURVE_WITH_KNOTS('',2,(#3510,#3511,#3512),
  .UNSPECIFIED.,.F.,.F.,(3,3),(0.,1.),.PIECEWISE_BEZIER_KNOTS.);
#3510 = CARTESIAN_POINT('',(1.12255859375,4.22607421875,6.));
#3511 = CARTESIAN_POINT('',(1.19970703125,4.2841796875,6.));
#3512 = CARTESIAN_POINT('',(1.19970703125,4.3935546875,6.));
#3513 = VECTOR('',#3514,1.);
#3514 = DIRECTION('',(-0.,-0.,-1.));
#3515 = DEFINITIONAL_REPRESENTATION('',(#3516),#3520);
#3516 = LINE('',#3517,#3518);
#3517 = CARTESIAN_POINT('',(0.,0.));
#3518 = VECTOR('',#3519,1.);
#3519 = DIRECTION('',(1.,0.));
#3520 = ( GEOMETRIC_REPRESENTATION_CONTEXT(2) 
PARAMETRIC_REPRESENTATION_CONTEXT() REPRESENTATION_CONTEXT('2D SPACE',''
  ) );
#3521 = ORIENTED_EDGE('',*,*,#3522,.T.);
#3522 = EDGE_CURVE('',#3493,#3523,#3525,.T.);
#3523 = VERTEX_POINT('',#3524);
#3524 = CARTESIAN_POINT('',(1.1201171875,4.56591796875,6.));
#3525 = SURFACE_CURVE('',#3526,(#3530,#3537),.PCURVE_S1.);
#3526 = B_SPLINE_CURVE_WITH_KNOTS('',2,(#3527,#3528,#3529),
  .UNSPECIFIED.,.F.,.F.,(3,3),(0.,1.),.PIECEWISE_BEZIER_KNOTS.);
#3527 = CARTESIAN_POINT('',(1.19970703125,4.3935546875,6.));
#3528 = CARTESIAN_POINT('',(1.19970703125,4.505859375,6.));
#3529 = CARTESIAN_POINT('',(1.1201171875,4.56591796875,6.));
#3530 = PCURVE('',#152,#3531);
#3531 = DEFINITIONAL_REPRESENTATION('',(#3532),#3536);
#3532 = B_SPLINE_CURVE_WITH_KNOTS('',2,(#3533,#3534,#3535),
  .UNSPECIFIED.,.F.,.F.,(3,3),(0.,1.),.PIECEWISE_BEZIER_KNOTS.);
#3533 = CARTESIAN_POINT('',(21.19970703125,11.8935546875));
#3534 = CARTESIAN_POINT('',(21.19970703125,12.005859375));
#3535 = CARTESIAN_POINT('',(21.1201171875,12.06591796875));
#3536 = ( GEOMETRIC_REPRESENTATION_CONTEXT(2) 
PARAMETRIC_REPRESENTATION_CONTEXT() REPRESENTATION_CONTEXT('2D SPACE',''
  ) );
#3537 = PCURVE('',#3538,#3545);
#3538 = SURFACE_OF_LINEAR_EXTRUSION('',#3539,#3543);
#3539 = B_SPLINE_CURVE_WITH_KNOTS('',2,(#3540,#3541,#3542),
  .UNSPECIFIED.,.F.,.F.,(3,3),(0.,1.),.PIECEWISE_BEZIER_KNOTS.);
#3540 = CARTESIAN_POINT('',(1.19970703125,4.3935546875,6.));
#3541 = CARTESIAN_POINT('',(1.19970703125,4.505859375,6.));
#3542 = CARTESIAN_POINT('',(1.1201171875,4.56591796875,6.));
#3543 = VECTOR('',#3544,1.);
#3544 = DIRECTION('',(-0.,-0.,-1.));
#3545 = DEFINITIONAL_REPRESENTATION('',(#3546),#3550);
#3546 = LINE('',#3547,#3548);
#3547 = CARTESIAN_POINT('',(0.,0.));
#3548 = VECTOR('',#3549,1.);
#3549 = DIRECTION('',(1.,0.));
#3550 = ( GEOMETRIC_REPRESENTATION_CONTEXT(2) 
PARAMETRIC_REPRESENTATION_CONTEXT() REPRESENTATION_CONTEXT('2D SPACE',''
  ) );
#3551 = ORIENTED_EDGE('',*,*,#3552,.T.);
#3552 = EDGE_CURVE('',#3523,#3553,#3555,.T.);
#3553 = VERTEX_POINT('',#3554);
#3554 = CARTESIAN_POINT('',(0.89208984375,4.6259765625,6.));
#3555 = SURFACE_CURVE('',#3556,(#3560,#3567),.PCURVE_S1.);
#3556 = B_SPLINE_CURVE_WITH_KNOTS('',2,(#3557,#3558,#3559),
  .UNSPECIFIED.,.F.,.F.,(3,3),(0.,1.),.PIECEWISE_BEZIER_KNOTS.);
#3557 = CARTESIAN_POINT('',(1.1201171875,4.56591796875,6.));
#3558 = CARTESIAN_POINT('',(1.04052734375,4.6259765625,6.));
#3559 = CARTESIAN_POINT('',(0.89208984375,4.6259765625,6.));
#3560 = PCURVE('',#152,#3561);
#3561 = DEFINITIONAL_REPRESENTATION('',(#3562),#3566);
#3562 = B_SPLINE_CURVE_WITH_KNOTS('',2,(#3563,#3564,#3565),
  .UNSPECIFIED.,.F.,.F.,(3,3),(0.,1.),.PIECEWISE_BEZIER_KNOTS.);
#3563 = CARTESIAN_POINT('',(21.1201171875,12.06591796875));
#3564 = CARTESIAN_POINT('',(21.04052734375,12.1259765625));
#3565 = CARTESIAN_POINT('',(20.89208984375,12.1259765625));
#3566 = ( GEOMETRIC_REPRESENTATION_CONTEXT(2) 
PARAMETRIC_REPRESENTATION_CONTEXT() REPRESENTATION_CONTEXT('2D SPACE',''
  ) );
#3567 = PCURVE('',#3568,#3575);
#3568 = SURFACE_OF_LINEAR_EXTRUSION('',#3569,#3573);
#3569 = B_SPLINE_CURVE_WITH_KNOTS('',2,(#3570,#3571,#3572),
  .UNSPECIFIED.,.F.,.F.,(3,3),(0.,1.),.PIECEWISE_BEZIER_KNOTS.);
#3570 = CARTESIAN_POINT('',(1.1201171875,4.56591796875,6.));
#3571 = CARTESIAN_POINT('',(1.04052734375,4.6259765625,6.));
#3572 = CARTESIAN_POINT('',(0.89208984375,4.6259765625,6.));
#3573 = VECTOR('',#3574,1.);
#3574 = DIRECTION('',(-0.,-0.,-1.));
#3575 = DEFINITIONAL_REPRESENTATION('',(#3576),#3580);
#3576 = LINE('',#3577,#3578);
#3577 = CARTESIAN_POINT('',(0.,0.));
#3578 = VECTOR('',#3579,1.);
#3579 = DIRECTION('',(1.,0.));
#3580 = ( GEOMETRIC_REPRESENTATION_CONTEXT(2) 
PARAMETRIC_REPRESENTATION_CONTEXT() REPRESENTATION_CONTEXT('2D SPACE',''
  ) );
#3581 = ORIENTED_EDGE('',*,*,#3582,.T.);
#3582 = EDGE_CURVE('',#3553,#3583,#3585,.T.);
#3583 = VERTEX_POINT('',#3584);
#3584 = CARTESIAN_POINT('',(0.71826171875,4.6083984375,6.));
#3585 = SURFACE_CURVE('',#3586,(#3590,#3597),.PCURVE_S1.);
#3586 = B_SPLINE_CURVE_WITH_KNOTS('',2,(#3587,#3588,#3589),
  .UNSPECIFIED.,.F.,.F.,(3,3),(0.,1.),.PIECEWISE_BEZIER_KNOTS.);
#3587 = CARTESIAN_POINT('',(0.89208984375,4.6259765625,6.));
#3588 = CARTESIAN_POINT('',(0.81103515625,4.6259765625,6.));
#3589 = CARTESIAN_POINT('',(0.71826171875,4.6083984375,6.));
#3590 = PCURVE('',#152,#3591);
#3591 = DEFINITIONAL_REPRESENTATION('',(#3592),#3596);
#3592 = B_SPLINE_CURVE_WITH_KNOTS('',2,(#3593,#3594,#3595),
  .UNSPECIFIED.,.F.,.F.,(3,3),(0.,1.),.PIECEWISE_BEZIER_KNOTS.);
#3593 = CARTESIAN_POINT('',(20.89208984375,12.1259765625));
#3594 = CARTESIAN_POINT('',(20.81103515625,12.1259765625));
#3595 = CARTESIAN_POINT('',(20.71826171875,12.1083984375));
#3596 = ( GEOMETRIC_REPRESENTATION_CONTEXT(2) 
PARAMETRIC_REPRESENTATION_CONTEXT() REPRESENTATION_CONTEXT('2D SPACE',''
  ) );
#3597 = PCURVE('',#3598,#3605);
#3598 = SURFACE_OF_LINEAR_EXTRUSION('',#3599,#3603);
#3599 = B_SPLINE_CURVE_WITH_KNOTS('',2,(#3600,#3601,#3602),
  .UNSPECIFIED.,.F.,.F.,(3,3),(0.,1.),.PIECEWISE_BEZIER_KNOTS.);
#3600 = CARTESIAN_POINT('',(0.89208984375,4.6259765625,6.));
#3601 = CARTESIAN_POINT('',(0.81103515625,4.6259765625,6.));
#3602 = CARTESIAN_POINT('',(0.71826171875,4.6083984375,6.));
#3603 = VECTOR('',#3604,1.);
#3604 = DIRECTION('',(-0.,-0.,-1.));
#3605 = DEFINITIONAL_REPRESENTATION('',(#3606),#3610);
#3606 = LINE('',#3607,#3608);
#3607 = CARTESIAN_POINT('',(0.,0.));
#3608 = VECTOR('',#3609,1.);
#3609 = DIRECTION('',(1.,0.));
#3610 = ( GEOMETRIC_REPRESENTATION_CONTEXT(2) 
PARAMETRIC_REPRESENTATION_CONTEXT() REPRESENTATION_CONTEXT('2D SPACE',''
  ) );
#3611 = ORIENTED_EDGE('',*,*,#3612,.T.);
#3612 = EDGE_CURVE('',#3583,#3613,#3615,.T.);
#3613 = VERTEX_POINT('',#3614);
#3614 = CARTESIAN_POINT('',(0.51416015625,4.5537109375,6.));
#3615 = SURFACE_CURVE('',#3616,(#3620,#3627),.PCURVE_S1.);
#3616 = B_SPLINE_CURVE_WITH_KNOTS('',2,(#3617,#3618,#3619),
  .UNSPECIFIED.,.F.,.F.,(3,3),(0.,1.),.PIECEWISE_BEZIER_KNOTS.);
#3617 = CARTESIAN_POINT('',(0.71826171875,4.6083984375,6.));
#3618 = CARTESIAN_POINT('',(0.62548828125,4.5908203125,6.));
#3619 = CARTESIAN_POINT('',(0.51416015625,4.5537109375,6.));
#3620 = PCURVE('',#152,#3621);
#3621 = DEFINITIONAL_REPRESENTATION('',(#3622),#3626);
#3622 = B_SPLINE_CURVE_WITH_KNOTS('',2,(#3623,#3624,#3625),
  .UNSPECIFIED.,.F.,.F.,(3,3),(0.,1.),.PIECEWISE_BEZIER_KNOTS.);
#3623 = CARTESIAN_POINT('',(20.71826171875,12.1083984375));
#3624 = CARTESIAN_POINT('',(20.62548828125,12.0908203125));
#3625 = CARTESIAN_POINT('',(20.51416015625,12.0537109375));
#3626 = ( GEOMETRIC_REPRESENTATION_CONTEXT(2) 
PARAMETRIC_REPRESENTATION_CONTEXT() REPRESENTATION_CONTEXT('2D SPACE',''
  ) );
#3627 = PCURVE('',#3628,#3635);
#3628 = SURFACE_OF_LINEAR_EXTRUSION('',#3629,#3633);
#3629 = B_SPLINE_CURVE_WITH_KNOTS('',2,(#3630,#3631,#3632),
  .UNSPECIFIED.,.F.,.F.,(3,3),(0.,1.),.PIECEWISE_BEZIER_KNOTS.);
#3630 = CARTESIAN_POINT('',(0.71826171875,4.6083984375,6.));
#3631 = CARTESIAN_POINT('',(0.62548828125,4.5908203125,6.));
#3632 = CARTESIAN_POINT('',(0.51416015625,4.5537109375,6.));
#3633 = VECTOR('',#3634,1.);
#3634 = DIRECTION('',(-0.,-0.,-1.));
#3635 = DEFINITIONAL_REPRESENTATION('',(#3636),#3640);
#3636 = LINE('',#3637,#3638);
#3637 = CARTESIAN_POINT('',(0.,0.));
#3638 = VECTOR('',#3639,1.);
#3639 = DIRECTION('',(1.,0.));
#3640 = ( GEOMETRIC_REPRESENTATION_CONTEXT(2) 
PARAMETRIC_REPRESENTATION_CONTEXT() REPRESENTATION_CONTEXT('2D SPACE',''
  ) );
#3641 = ORIENTED_EDGE('',*,*,#3642,.T.);
#3642 = EDGE_CURVE('',#3613,#3643,#3645,.T.);
#3643 = VERTEX_POINT('',#3644);
#3644 = CARTESIAN_POINT('',(0.51416015625,4.7294921875,6.));
#3645 = SURFACE_CURVE('',#3646,(#3650,#3657),.PCURVE_S1.);
#3646 = LINE('',#3647,#3648);
#3647 = CARTESIAN_POINT('',(0.51416015625,4.5537109375,6.));
#3648 = VECTOR('',#3649,1.);
#3649 = DIRECTION('',(0.,1.,0.));
#3650 = PCURVE('',#152,#3651);
#3651 = DEFINITIONAL_REPRESENTATION('',(#3652),#3656);
#3652 = LINE('',#3653,#3654);
#3653 = CARTESIAN_POINT('',(20.51416015625,12.0537109375));
#3654 = VECTOR('',#3655,1.);
#3655 = DIRECTION('',(0.,1.));
#3656 = ( GEOMETRIC_REPRESENTATION_CONTEXT(2) 
PARAMETRIC_REPRESENTATION_CONTEXT() REPRESENTATION_CONTEXT('2D SPACE',''
  ) );
#3657 = PCURVE('',#3658,#3663);
#3658 = PLANE('',#3659);
#3659 = AXIS2_PLACEMENT_3D('',#3660,#3661,#3662);
#3660 = CARTESIAN_POINT('',(0.51416015625,4.5537109375,6.));
#3661 = DIRECTION('',(-1.,0.,0.));
#3662 = DIRECTION('',(0.,1.,0.));
#3663 = DEFINITIONAL_REPRESENTATION('',(#3664),#3668);
#3664 = LINE('',#3665,#3666);
#3665 = CARTESIAN_POINT('',(0.,0.));
#3666 = VECTOR('',#3667,1.);
#3667 = DIRECTION('',(1.,0.));
#3668 = ( GEOMETRIC_REPRESENTATION_CONTEXT(2) 
PARAMETRIC_REPRESENTATION_CONTEXT() REPRESENTATION_CONTEXT('2D SPACE',''
  ) );
#3669 = ORIENTED_EDGE('',*,*,#3670,.T.);
#3670 = EDGE_CURVE('',#3643,#3671,#3673,.T.);
#3671 = VERTEX_POINT('',#3672);
#3672 = CARTESIAN_POINT('',(0.724609375,4.7763671875,6.));
#3673 = SURFACE_CURVE('',#3674,(#3678,#3685),.PCURVE_S1.);
#3674 = B_SPLINE_CURVE_WITH_KNOTS('',2,(#3675,#3676,#3677),
  .UNSPECIFIED.,.F.,.F.,(3,3),(0.,1.),.PIECEWISE_BEZIER_KNOTS.);
#3675 = CARTESIAN_POINT('',(0.51416015625,4.7294921875,6.));
#3676 = CARTESIAN_POINT('',(0.62646484375,4.7607421875,6.));
#3677 = CARTESIAN_POINT('',(0.724609375,4.7763671875,6.));
#3678 = PCURVE('',#152,#3679);
#3679 = DEFINITIONAL_REPRESENTATION('',(#3680),#3684);
#3680 = B_SPLINE_CURVE_WITH_KNOTS('',2,(#3681,#3682,#3683),
  .UNSPECIFIED.,.F.,.F.,(3,3),(0.,1.),.PIECEWISE_BEZIER_KNOTS.);
#3681 = CARTESIAN_POINT('',(20.51416015625,12.2294921875));
#3682 = CARTESIAN_POINT('',(20.62646484375,12.2607421875));
#3683 = CARTESIAN_POINT('',(20.724609375,12.2763671875));
#3684 = ( GEOMETRIC_REPRESENTATION_CONTEXT(2) 
PARAMETRIC_REPRESENTATION_CONTEXT() REPRESENTATION_CONTEXT('2D SPACE',''
  ) );
#3685 = PCURVE('',#3686,#3693);
#3686 = SURFACE_OF_LINEAR_EXTRUSION('',#3687,#3691);
#3687 = B_SPLINE_CURVE_WITH_KNOTS('',2,(#3688,#3689,#3690),
  .UNSPECIFIED.,.F.,.F.,(3,3),(0.,1.),.PIECEWISE_BEZIER_KNOTS.);
#3688 = CARTESIAN_POINT('',(0.51416015625,4.7294921875,6.));
#3689 = CARTESIAN_POINT('',(0.62646484375,4.7607421875,6.));
#3690 = CARTESIAN_POINT('',(0.724609375,4.7763671875,6.));
#3691 = VECTOR('',#3692,1.);
#3692 = DIRECTION('',(-0.,-0.,-1.));
#3693 = DEFINITIONAL_REPRESENTATION('',(#3694),#3698);
#3694 = LINE('',#3695,#3696);
#3695 = CARTESIAN_POINT('',(0.,0.));
#3696 = VECTOR('',#3697,1.);
#3697 = DIRECTION('',(1.,0.));
#3698 = ( GEOMETRIC_REPRESENTATION_CONTEXT(2) 
PARAMETRIC_REPRESENTATION_CONTEXT() REPRESENTATION_CONTEXT('2D SPACE',''
  ) );
#3699 = ORIENTED_EDGE('',*,*,#3700,.T.);
#3700 = EDGE_CURVE('',#3671,#3701,#3703,.T.);
#3701 = VERTEX_POINT('',#3702);
#3702 = CARTESIAN_POINT('',(0.90966796875,4.7919921875,6.));
#3703 = SURFACE_CURVE('',#3704,(#3708,#3715),.PCURVE_S1.);
#3704 = B_SPLINE_CURVE_WITH_KNOTS('',2,(#3705,#3706,#3707),
  .UNSPECIFIED.,.F.,.F.,(3,3),(0.,1.),.PIECEWISE_BEZIER_KNOTS.);
#3705 = CARTESIAN_POINT('',(0.724609375,4.7763671875,6.));
#3706 = CARTESIAN_POINT('',(0.82275390625,4.7919921875,6.));
#3707 = CARTESIAN_POINT('',(0.90966796875,4.7919921875,6.));
#3708 = PCURVE('',#152,#3709);
#3709 = DEFINITIONAL_REPRESENTATION('',(#3710),#3714);
#3710 = B_SPLINE_CURVE_WITH_KNOTS('',2,(#3711,#3712,#3713),
  .UNSPECIFIED.,.F.,.F.,(3,3),(0.,1.),.PIECEWISE_BEZIER_KNOTS.);
#3711 = CARTESIAN_POINT('',(20.724609375,12.2763671875));
#3712 = CARTESIAN_POINT('',(20.82275390625,12.2919921875));
#3713 = CARTESIAN_POINT('',(20.90966796875,12.2919921875));
#3714 = ( GEOMETRIC_REPRESENTATION_CONTEXT(2) 
PARAMETRIC_REPRESENTATION_CONTEXT() REPRESENTATION_CONTEXT('2D SPACE',''
  ) );
#3715 = PCURVE('',#3716,#3723);
#3716 = SURFACE_OF_LINEAR_EXTRUSION('',#3717,#3721);
#3717 = B_SPLINE_CURVE_WITH_KNOTS('',2,(#3718,#3719,#3720),
  .UNSPECIFIED.,.F.,.F.,(3,3),(0.,1.),.PIECEWISE_BEZIER_KNOTS.);
#3718 = CARTESIAN_POINT('',(0.724609375,4.7763671875,6.));
#3719 = CARTESIAN_POINT('',(0.82275390625,4.7919921875,6.));
#3720 = CARTESIAN_POINT('',(0.90966796875,4.7919921875,6.));
#3721 = VECTOR('',#3722,1.);
#3722 = DIRECTION('',(-0.,-0.,-1.));
#3723 = DEFINITIONAL_REPRESENTATION('',(#3724),#3728);
#3724 = LINE('',#3725,#3726);
#3725 = CARTESIAN_POINT('',(0.,0.));
#3726 = VECTOR('',#3727,1.);
#3727 = DIRECTION('',(1.,0.));
#3728 = ( GEOMETRIC_REPRESENTATION_CONTEXT(2) 
PARAMETRIC_REPRESENTATION_CONTEXT() REPRESENTATION_CONTEXT('2D SPACE',''
  ) );
#3729 = ORIENTED_EDGE('',*,*,#3730,.T.);
#3730 = EDGE_CURVE('',#3701,#3731,#3733,.T.);
#3731 = VERTEX_POINT('',#3732);
#3732 = CARTESIAN_POINT('',(1.26513671875,4.68994140625,6.));
#3733 = SURFACE_CURVE('',#3734,(#3738,#3745),.PCURVE_S1.);
#3734 = B_SPLINE_CURVE_WITH_KNOTS('',2,(#3735,#3736,#3737),
  .UNSPECIFIED.,.F.,.F.,(3,3),(0.,1.),.PIECEWISE_BEZIER_KNOTS.);
#3735 = CARTESIAN_POINT('',(0.90966796875,4.7919921875,6.));
#3736 = CARTESIAN_POINT('',(1.13427734375,4.7919921875,6.));
#3737 = CARTESIAN_POINT('',(1.26513671875,4.68994140625,6.));
#3738 = PCURVE('',#152,#3739);
#3739 = DEFINITIONAL_REPRESENTATION('',(#3740),#3744);
#3740 = B_SPLINE_CURVE_WITH_KNOTS('',2,(#3741,#3742,#3743),
  .UNSPECIFIED.,.F.,.F.,(3,3),(0.,1.),.PIECEWISE_BEZIER_KNOTS.);
#3741 = CARTESIAN_POINT('',(20.90966796875,12.2919921875));
#3742 = CARTESIAN_POINT('',(21.13427734375,12.2919921875));
#3743 = CARTESIAN_POINT('',(21.26513671875,12.18994140625));
#3744 = ( GEOMETRIC_REPRESENTATION_CONTEXT(2) 
PARAMETRIC_REPRESENTATION_CONTEXT() REPRESENTATION_CONTEXT('2D SPACE',''
  ) );
#3745 = PCURVE('',#3746,#3753);
#3746 = SURFACE_OF_LINEAR_EXTRUSION('',#3747,#3751);
#3747 = B_SPLINE_CURVE_WITH_KNOTS('',2,(#3748,#3749,#3750),
  .UNSPECIFIED.,.F.,.F.,(3,3),(0.,1.),.PIECEWISE_BEZIER_KNOTS.);
#3748 = CARTESIAN_POINT('',(0.90966796875,4.7919921875,6.));
#3749 = CARTESIAN_POINT('',(1.13427734375,4.7919921875,6.));
#3750 = CARTESIAN_POINT('',(1.26513671875,4.68994140625,6.));
#3751 = VECTOR('',#3752,1.);
#3752 = DIRECTION('',(-0.,-0.,-1.));
#3753 = DEFINITIONAL_REPRESENTATION('',(#3754),#3758);
#3754 = LINE('',#3755,#3756);
#3755 = CARTESIAN_POINT('',(0.,0.));
#3756 = VECTOR('',#3757,1.);
#3757 = DIRECTION('',(1.,0.));
#3758 = ( GEOMETRIC_REPRESENTATION_CONTEXT(2) 
PARAMETRIC_REPRESENTATION_CONTEXT() REPRESENTATION_CONTEXT('2D SPACE',''
  ) );
#3759 = ORIENTED_EDGE('',*,*,#3760,.T.);
#3760 = EDGE_CURVE('',#3731,#3761,#3763,.T.);
#3761 = VERTEX_POINT('',#3762);
#3762 = CARTESIAN_POINT('',(1.39599609375,4.4140625,6.));
#3763 = SURFACE_CURVE('',#3764,(#3768,#3775),.PCURVE_S1.);
#3764 = B_SPLINE_CURVE_WITH_KNOTS('',2,(#3765,#3766,#3767),
  .UNSPECIFIED.,.F.,.F.,(3,3),(0.,1.),.PIECEWISE_BEZIER_KNOTS.);
#3765 = CARTESIAN_POINT('',(1.26513671875,4.68994140625,6.));
#3766 = CARTESIAN_POINT('',(1.39599609375,4.587890625,6.));
#3767 = CARTESIAN_POINT('',(1.39599609375,4.4140625,6.));
#3768 = PCURVE('',#152,#3769);
#3769 = DEFINITIONAL_REPRESENTATION('',(#3770),#3774);
#3770 = B_SPLINE_CURVE_WITH_KNOTS('',2,(#3771,#3772,#3773),
  .UNSPECIFIED.,.F.,.F.,(3,3),(0.,1.),.PIECEWISE_BEZIER_KNOTS.);
#3771 = CARTESIAN_POINT('',(21.26513671875,12.18994140625));
#3772 = CARTESIAN_POINT('',(21.39599609375,12.087890625));
#3773 = CARTESIAN_POINT('',(21.39599609375,11.9140625));
#3774 = ( GEOMETRIC_REPRESENTATION_CONTEXT(2) 
PARAMETRIC_REPRESENTATION_CONTEXT() REPRESENTATION_CONTEXT('2D SPACE',''
  ) );
#3775 = PCURVE('',#3776,#3783);
#3776 = SURFACE_OF_LINEAR_EXTRUSION('',#3777,#3781);
#3777 = B_SPLINE_CURVE_WITH_KNOTS('',2,(#3778,#3779,#3780),
  .UNSPECIFIED.,.F.,.F.,(3,3),(0.,1.),.PIECEWISE_BEZIER_KNOTS.);
#3778 = CARTESIAN_POINT('',(1.26513671875,4.68994140625,6.));
#3779 = CARTESIAN_POINT('',(1.39599609375,4.587890625,6.));
#3780 = CARTESIAN_POINT('',(1.39599609375,4.4140625,6.));
#3781 = VECTOR('',#3782,1.);
#3782 = DIRECTION('',(-0.,-0.,-1.));
#3783 = DEFINITIONAL_REPRESENTATION('',(#3784),#3788);
#3784 = LINE('',#3785,#3786);
#3785 = CARTESIAN_POINT('',(0.,0.));
#3786 = VECTOR('',#3787,1.);
#3787 = DIRECTION('',(1.,0.));
#3788 = ( GEOMETRIC_REPRESENTATION_CONTEXT(2) 
PARAMETRIC_REPRESENTATION_CONTEXT() REPRESENTATION_CONTEXT('2D SPACE',''
  ) );
#3789 = ORIENTED_EDGE('',*,*,#3790,.T.);
#3790 = EDGE_CURVE('',#3761,#2959,#3791,.T.);
#3791 = SURFACE_CURVE('',#3792,(#3796,#3803),.PCURVE_S1.);
#3792 = B_SPLINE_CURVE_WITH_KNOTS('',2,(#3793,#3794,#3795),
  .UNSPECIFIED.,.F.,.F.,(3,3),(0.,1.),.PIECEWISE_BEZIER_KNOTS.);
#3793 = CARTESIAN_POINT('',(1.39599609375,4.4140625,6.));
#3794 = CARTESIAN_POINT('',(1.39599609375,4.29296875,6.));
#3795 = CARTESIAN_POINT('',(1.32666015625,4.20947265625,6.));
#3796 = PCURVE('',#152,#3797);
#3797 = DEFINITIONAL_REPRESENTATION('',(#3798),#3802);
#3798 = B_SPLINE_CURVE_WITH_KNOTS('',2,(#3799,#3800,#3801),
  .UNSPECIFIED.,.F.,.F.,(3,3),(0.,1.),.PIECEWISE_BEZIER_KNOTS.);
#3799 = CARTESIAN_POINT('',(21.39599609375,11.9140625));
#3800 = CARTESIAN_POINT('',(21.39599609375,11.79296875));
#3801 = CARTESIAN_POINT('',(21.32666015625,11.70947265625));
#3802 = ( GEOMETRIC_REPRESENTATION_CONTEXT(2) 
PARAMETRIC_REPRESENTATION_CONTEXT() REPRESENTATION_CONTEXT('2D SPACE',''
  ) );
#3803 = PCURVE('',#3804,#3811);
#3804 = SURFACE_OF_LINEAR_EXTRUSION('',#3805,#3809);
#3805 = B_SPLINE_CURVE_WITH_KNOTS('',2,(#3806,#3807,#3808),
  .UNSPECIFIED.,.F.,.F.,(3,3),(0.,1.),.PIECEWISE_BEZIER_KNOTS.);
#3806 = CARTESIAN_POINT('',(1.39599609375,4.4140625,6.));
#3807 = CARTESIAN_POINT('',(1.39599609375,4.29296875,6.));
#3808 = CARTESIAN_POINT('',(1.32666015625,4.20947265625,6.));
#3809 = VECTOR('',#3810,1.);
#3810 = DIRECTION('',(-0.,-0.,-1.));
#3811 = DEFINITIONAL_REPRESENTATION('',(#3812),#3816);
#3812 = LINE('',#3813,#3814);
#3813 = CARTESIAN_POINT('',(0.,0.));
#3814 = VECTOR('',#3815,1.);
#3815 = DIRECTION('',(1.,0.));
#3816 = ( GEOMETRIC_REPRESENTATION_CONTEXT(2) 
PARAMETRIC_REPRESENTATION_CONTEXT() REPRESENTATION_CONTEXT('2D SPACE',''
  ) );
#3817 = FACE_BOUND('',#3818,.T.);
#3818 = EDGE_LOOP('',(#3819,#3849,#3877,#3905));
#3819 = ORIENTED_EDGE('',*,*,#3820,.T.);
#3820 = EDGE_CURVE('',#3821,#3823,#3825,.T.);
#3821 = VERTEX_POINT('',#3822);
#3822 = CARTESIAN_POINT('',(12.10205078125,3.3076171875,6.));
#3823 = VERTEX_POINT('',#3824);
#3824 = CARTESIAN_POINT('',(11.89599609375,3.3076171875,6.));
#3825 = SURFACE_CURVE('',#3826,(#3830,#3837),.PCURVE_S1.);
#3826 = LINE('',#3827,#3828);
#3827 = CARTESIAN_POINT('',(12.10205078125,3.3076171875,6.));
#3828 = VECTOR('',#3829,1.);
#3829 = DIRECTION('',(-1.,0.,0.));
#3830 = PCURVE('',#152,#3831);
#3831 = DEFINITIONAL_REPRESENTATION('',(#3832),#3836);
#3832 = LINE('',#3833,#3834);
#3833 = CARTESIAN_POINT('',(32.10205078125,10.8076171875));
#3834 = VECTOR('',#3835,1.);
#3835 = DIRECTION('',(-1.,0.));
#3836 = ( GEOMETRIC_REPRESENTATION_CONTEXT(2) 
PARAMETRIC_REPRESENTATION_CONTEXT() REPRESENTATION_CONTEXT('2D SPACE',''
  ) );
#3837 = PCURVE('',#3838,#3843);
#3838 = PLANE('',#3839);
#3839 = AXIS2_PLACEMENT_3D('',#3840,#3841,#3842);
#3840 = CARTESIAN_POINT('',(12.10205078125,3.3076171875,6.));
#3841 = DIRECTION('',(0.,-1.,0.));
#3842 = DIRECTION('',(-1.,0.,0.));
#3843 = DEFINITIONAL_REPRESENTATION('',(#3844),#3848);
#3844 = LINE('',#3845,#3846);
#3845 = CARTESIAN_POINT('',(0.,-0.));
#3846 = VECTOR('',#3847,1.);
#3847 = DIRECTION('',(1.,0.));
#3848 = ( GEOMETRIC_REPRESENTATION_CONTEXT(2) 
PARAMETRIC_REPRESENTATION_CONTEXT() REPRESENTATION_CONTEXT('2D SPACE',''
  ) );
#3849 = ORIENTED_EDGE('',*,*,#3850,.T.);
#3850 = EDGE_CURVE('',#3823,#3851,#3853,.T.);
#3851 = VERTEX_POINT('',#3852);
#3852 = CARTESIAN_POINT('',(11.89599609375,3.5556640625,6.));
#3853 = SURFACE_CURVE('',#3854,(#3858,#3865),.PCURVE_S1.);
#3854 = LINE('',#3855,#3856);
#3855 = CARTESIAN_POINT('',(11.89599609375,3.3076171875,6.));
#3856 = VECTOR('',#3857,1.);
#3857 = DIRECTION('',(0.,1.,0.));
#3858 = PCURVE('',#152,#3859);
#3859 = DEFINITIONAL_REPRESENTATION('',(#3860),#3864);
#3860 = LINE('',#3861,#3862);
#3861 = CARTESIAN_POINT('',(31.89599609375,10.8076171875));
#3862 = VECTOR('',#3863,1.);
#3863 = DIRECTION('',(0.,1.));
#3864 = ( GEOMETRIC_REPRESENTATION_CONTEXT(2) 
PARAMETRIC_REPRESENTATION_CONTEXT() REPRESENTATION_CONTEXT('2D SPACE',''
  ) );
#3865 = PCURVE('',#3866,#3871);
#3866 = PLANE('',#3867);
#3867 = AXIS2_PLACEMENT_3D('',#3868,#3869,#3870);
#3868 = CARTESIAN_POINT('',(11.89599609375,3.3076171875,6.));
#3869 = DIRECTION('',(-1.,0.,0.));
#3870 = DIRECTION('',(0.,1.,0.));
#3871 = DEFINITIONAL_REPRESENTATION('',(#3872),#3876);
#3872 = LINE('',#3873,#3874);
#3873 = CARTESIAN_POINT('',(0.,0.));
#3874 = VECTOR('',#3875,1.);
#3875 = DIRECTION('',(1.,0.));
#3876 = ( GEOMETRIC_REPRESENTATION_CONTEXT(2) 
PARAMETRIC_REPRESENTATION_CONTEXT() REPRESENTATION_CONTEXT('2D SPACE',''
  ) );
#3877 = ORIENTED_EDGE('',*,*,#3878,.T.);
#3878 = EDGE_CURVE('',#3851,#3879,#3881,.T.);
#3879 = VERTEX_POINT('',#3880);
#3880 = CARTESIAN_POINT('',(12.10205078125,3.5556640625,6.));
#3881 = SURFACE_CURVE('',#3882,(#3886,#3893),.PCURVE_S1.);
#3882 = LINE('',#3883,#3884);
#3883 = CARTESIAN_POINT('',(11.89599609375,3.5556640625,6.));
#3884 = VECTOR('',#3885,1.);
#3885 = DIRECTION('',(1.,0.,0.));
#3886 = PCURVE('',#152,#3887);
#3887 = DEFINITIONAL_REPRESENTATION('',(#3888),#3892);
#3888 = LINE('',#3889,#3890);
#3889 = CARTESIAN_POINT('',(31.89599609375,11.0556640625));
#3890 = VECTOR('',#3891,1.);
#3891 = DIRECTION('',(1.,0.));
#3892 = ( GEOMETRIC_REPRESENTATION_CONTEXT(2) 
PARAMETRIC_REPRESENTATION_CONTEXT() REPRESENTATION_CONTEXT('2D SPACE',''
  ) );
#3893 = PCURVE('',#3894,#3899);
#3894 = PLANE('',#3895);
#3895 = AXIS2_PLACEMENT_3D('',#3896,#3897,#3898);
#3896 = CARTESIAN_POINT('',(11.89599609375,3.5556640625,6.));
#3897 = DIRECTION('',(0.,1.,0.));
#3898 = DIRECTION('',(1.,0.,0.));
#3899 = DEFINITIONAL_REPRESENTATION('',(#3900),#3904);
#3900 = LINE('',#3901,#3902);
#3901 = CARTESIAN_POINT('',(0.,0.));
#3902 = VECTOR('',#3903,1.);
#3903 = DIRECTION('',(1.,0.));
#3904 = ( GEOMETRIC_REPRESENTATION_CONTEXT(2) 
PARAMETRIC_REPRESENTATION_CONTEXT() REPRESENTATION_CONTEXT('2D SPACE',''
  ) );
#3905 = ORIENTED_EDGE('',*,*,#3906,.T.);
#3906 = EDGE_CURVE('',#3879,#3821,#3907,.T.);
#3907 = SURFACE_CURVE('',#3908,(#3912,#3919),.PCURVE_S1.);
#3908 = LINE('',#3909,#3910);
#3909 = CARTESIAN_POINT('',(12.10205078125,3.5556640625,6.));
#3910 = VECTOR('',#3911,1.);
#3911 = DIRECTION('',(0.,-1.,0.));
#3912 = PCURVE('',#152,#3913);
#3913 = DEFINITIONAL_REPRESENTATION('',(#3914),#3918);
#3914 = LINE('',#3915,#3916);
#3915 = CARTESIAN_POINT('',(32.10205078125,11.0556640625));
#3916 = VECTOR('',#3917,1.);
#3917 = DIRECTION('',(0.,-1.));
#3918 = ( GEOMETRIC_REPRESENTATION_CONTEXT(2) 
PARAMETRIC_REPRESENTATION_CONTEXT() REPRESENTATION_CONTEXT('2D SPACE',''
  ) );
#3919 = PCURVE('',#3920,#3925);
#3920 = PLANE('',#3921);
#3921 = AXIS2_PLACEMENT_3D('',#3922,#3923,#3924);
#3922 = CARTESIAN_POINT('',(12.10205078125,3.5556640625,6.));
#3923 = DIRECTION('',(1.,0.,0.));
#3924 = DIRECTION('',(0.,-1.,0.));
#3925 = DEFINITIONAL_REPRESENTATION('',(#3926),#3930);
#3926 = LINE('',#3927,#3928);
#3927 = CARTESIAN_POINT('',(0.,0.));
#3928 = VECTOR('',#3929,1.);
#3929 = DIRECTION('',(1.,0.));
#3930 = ( GEOMETRIC_REPRESENTATION_CONTEXT(2) 
PARAMETRIC_REPRESENTATION_CONTEXT() REPRESENTATION_CONTEXT('2D SPACE',''
  ) );
#3931 = FACE_BOUND('',#3932,.T.);
#3932 = EDGE_LOOP('',(#3933,#3965,#3995,#4025,#4055,#4085,#4115,#4145,
    #4173,#4203,#4233,#4263,#4293,#4323,#4353,#4381,#4409,#4437,#4467,
    #4497,#4527,#4557,#4587,#4617,#4645,#4675,#4705,#4735,#4765));
#3933 = ORIENTED_EDGE('',*,*,#3934,.T.);
#3934 = EDGE_CURVE('',#3935,#3937,#3939,.T.);
#3935 = VERTEX_POINT('',#3936);
#3936 = CARTESIAN_POINT('',(11.41845703125,4.20947265625,6.));
#3937 = VERTEX_POINT('',#3938);
#3938 = CARTESIAN_POINT('',(11.22119140625,4.09375,6.));
#3939 = SURFACE_CURVE('',#3940,(#3944,#3951),.PCURVE_S1.);
#3940 = B_SPLINE_CURVE_WITH_KNOTS('',2,(#3941,#3942,#3943),
  .UNSPECIFIED.,.F.,.F.,(3,3),(0.,1.),.PIECEWISE_BEZIER_KNOTS.);
#3941 = CARTESIAN_POINT('',(11.41845703125,4.20947265625,6.));
#3942 = CARTESIAN_POINT('',(11.34912109375,4.1259765625,6.));
#3943 = CARTESIAN_POINT('',(11.22119140625,4.09375,6.));
#3944 = PCURVE('',#152,#3945);
#3945 = DEFINITIONAL_REPRESENTATION('',(#3946),#3950);
#3946 = B_SPLINE_CURVE_WITH_KNOTS('',2,(#3947,#3948,#3949),
  .UNSPECIFIED.,.F.,.F.,(3,3),(0.,1.),.PIECEWISE_BEZIER_KNOTS.);
#3947 = CARTESIAN_POINT('',(31.41845703125,11.70947265625));
#3948 = CARTESIAN_POINT('',(31.34912109375,11.6259765625));
#3949 = CARTESIAN_POINT('',(31.22119140625,11.59375));
#3950 = ( GEOMETRIC_REPRESENTATION_CONTEXT(2) 
PARAMETRIC_REPRESENTATION_CONTEXT() REPRESENTATION_CONTEXT('2D SPACE',''
  ) );
#3951 = PCURVE('',#3952,#3959);
#3952 = SURFACE_OF_LINEAR_EXTRUSION('',#3953,#3957);
#3953 = B_SPLINE_CURVE_WITH_KNOTS('',2,(#3954,#3955,#3956),
  .UNSPECIFIED.,.F.,.F.,(3,3),(0.,1.),.PIECEWISE_BEZIER_KNOTS.);
#3954 = CARTESIAN_POINT('',(11.41845703125,4.20947265625,6.));
#3955 = CARTESIAN_POINT('',(11.34912109375,4.1259765625,6.));
#3956 = CARTESIAN_POINT('',(11.22119140625,4.09375,6.));
#3957 = VECTOR('',#3958,1.);
#3958 = DIRECTION('',(-0.,-0.,-1.));
#3959 = DEFINITIONAL_REPRESENTATION('',(#3960),#3964);
#3960 = LINE('',#3961,#3962);
#3961 = CARTESIAN_POINT('',(0.,0.));
#3962 = VECTOR('',#3963,1.);
#3963 = DIRECTION('',(1.,0.));
#3964 = ( GEOMETRIC_REPRESENTATION_CONTEXT(2) 
PARAMETRIC_REPRESENTATION_CONTEXT() REPRESENTATION_CONTEXT('2D SPACE',''
  ) );
#3965 = ORIENTED_EDGE('',*,*,#3966,.T.);
#3966 = EDGE_CURVE('',#3937,#3967,#3969,.T.);
#3967 = VERTEX_POINT('',#3968);
#3968 = CARTESIAN_POINT('',(11.4423828125,3.9677734375,6.));
#3969 = SURFACE_CURVE('',#3970,(#3974,#3981),.PCURVE_S1.);
#3970 = B_SPLINE_CURVE_WITH_KNOTS('',2,(#3971,#3972,#3973),
  .UNSPECIFIED.,.F.,.F.,(3,3),(0.,1.),.PIECEWISE_BEZIER_KNOTS.);
#3971 = CARTESIAN_POINT('',(11.22119140625,4.09375,6.));
#3972 = CARTESIAN_POINT('',(11.36279296875,4.0634765625,6.));
#3973 = CARTESIAN_POINT('',(11.4423828125,3.9677734375,6.));
#3974 = PCURVE('',#152,#3975);
#3975 = DEFINITIONAL_REPRESENTATION('',(#3976),#3980);
#3976 = B_SPLINE_CURVE_WITH_KNOTS('',2,(#3977,#3978,#3979),
  .UNSPECIFIED.,.F.,.F.,(3,3),(0.,1.),.PIECEWISE_BEZIER_KNOTS.);
#3977 = CARTESIAN_POINT('',(31.22119140625,11.59375));
#3978 = CARTESIAN_POINT('',(31.36279296875,11.5634765625));
#3979 = CARTESIAN_POINT('',(31.4423828125,11.4677734375));
#3980 = ( GEOMETRIC_REPRESENTATION_CONTEXT(2) 
PARAMETRIC_REPRESENTATION_CONTEXT() REPRESENTATION_CONTEXT('2D SPACE',''
  ) );
#3981 = PCURVE('',#3982,#3989);
#3982 = SURFACE_OF_LINEAR_EXTRUSION('',#3983,#3987);
#3983 = B_SPLINE_CURVE_WITH_KNOTS('',2,(#3984,#3985,#3986),
  .UNSPECIFIED.,.F.,.F.,(3,3),(0.,1.),.PIECEWISE_BEZIER_KNOTS.);
#3984 = CARTESIAN_POINT('',(11.22119140625,4.09375,6.));
#3985 = CARTESIAN_POINT('',(11.36279296875,4.0634765625,6.));
#3986 = CARTESIAN_POINT('',(11.4423828125,3.9677734375,6.));
#3987 = VECTOR('',#3988,1.);
#3988 = DIRECTION('',(-0.,-0.,-1.));
#3989 = DEFINITIONAL_REPRESENTATION('',(#3990),#3994);
#3990 = LINE('',#3991,#3992);
#3991 = CARTESIAN_POINT('',(0.,0.));
#3992 = VECTOR('',#3993,1.);
#3993 = DIRECTION('',(1.,0.));
#3994 = ( GEOMETRIC_REPRESENTATION_CONTEXT(2) 
PARAMETRIC_REPRESENTATION_CONTEXT() REPRESENTATION_CONTEXT('2D SPACE',''
  ) );
#3995 = ORIENTED_EDGE('',*,*,#3996,.T.);
#3996 = EDGE_CURVE('',#3967,#3997,#3999,.T.);
#3997 = VERTEX_POINT('',#3998);
#3998 = CARTESIAN_POINT('',(11.52197265625,3.7314453125,6.));
#3999 = SURFACE_CURVE('',#4000,(#4004,#4011),.PCURVE_S1.);
#4000 = B_SPLINE_CURVE_WITH_KNOTS('',2,(#4001,#4002,#4003),
  .UNSPECIFIED.,.F.,.F.,(3,3),(0.,1.),.PIECEWISE_BEZIER_KNOTS.);
#4001 = CARTESIAN_POINT('',(11.4423828125,3.9677734375,6.));
#4002 = CARTESIAN_POINT('',(11.52197265625,3.8720703125,6.));
#4003 = CARTESIAN_POINT('',(11.52197265625,3.7314453125,6.));
#4004 = PCURVE('',#152,#4005);
#4005 = DEFINITIONAL_REPRESENTATION('',(#4006),#4010);
#4006 = B_SPLINE_CURVE_WITH_KNOTS('',2,(#4007,#4008,#4009),
  .UNSPECIFIED.,.F.,.F.,(3,3),(0.,1.),.PIECEWISE_BEZIER_KNOTS.);
#4007 = CARTESIAN_POINT('',(31.4423828125,11.4677734375));
#4008 = CARTESIAN_POINT('',(31.52197265625,11.3720703125));
#4009 = CARTESIAN_POINT('',(31.52197265625,11.2314453125));
#4010 = ( GEOMETRIC_REPRESENTATION_CONTEXT(2) 
PARAMETRIC_REPRESENTATION_CONTEXT() REPRESENTATION_CONTEXT('2D SPACE',''
  ) );
#4011 = PCURVE('',#4012,#4019);
#4012 = SURFACE_OF_LINEAR_EXTRUSION('',#4013,#4017);
#4013 = B_SPLINE_CURVE_WITH_KNOTS('',2,(#4014,#4015,#4016),
  .UNSPECIFIED.,.F.,.F.,(3,3),(0.,1.),.PIECEWISE_BEZIER_KNOTS.);
#4014 = CARTESIAN_POINT('',(11.4423828125,3.9677734375,6.));
#4015 = CARTESIAN_POINT('',(11.52197265625,3.8720703125,6.));
#4016 = CARTESIAN_POINT('',(11.52197265625,3.7314453125,6.));
#4017 = VECTOR('',#4018,1.);
#4018 = DIRECTION('',(-0.,-0.,-1.));
#4019 = DEFINITIONAL_REPRESENTATION('',(#4020),#4024);
#4020 = LINE('',#4021,#4022);
#4021 = CARTESIAN_POINT('',(0.,0.));
#4022 = VECTOR('',#4023,1.);
#4023 = DIRECTION('',(1.,0.));
#4024 = ( GEOMETRIC_REPRESENTATION_CONTEXT(2) 
PARAMETRIC_REPRESENTATION_CONTEXT() REPRESENTATION_CONTEXT('2D SPACE',''
  ) );
#4025 = ORIENTED_EDGE('',*,*,#4026,.T.);
#4026 = EDGE_CURVE('',#3997,#4027,#4029,.T.);
#4027 = VERTEX_POINT('',#4028);
#4028 = CARTESIAN_POINT('',(11.37353515625,3.3974609375,6.));
#4029 = SURFACE_CURVE('',#4030,(#4034,#4041),.PCURVE_S1.);
#4030 = B_SPLINE_CURVE_WITH_KNOTS('',2,(#4031,#4032,#4033),
  .UNSPECIFIED.,.F.,.F.,(3,3),(0.,1.),.PIECEWISE_BEZIER_KNOTS.);
#4031 = CARTESIAN_POINT('',(11.52197265625,3.7314453125,6.));
#4032 = CARTESIAN_POINT('',(11.52197265625,3.515625,6.));
#4033 = CARTESIAN_POINT('',(11.37353515625,3.3974609375,6.));
#4034 = PCURVE('',#152,#4035);
#4035 = DEFINITIONAL_REPRESENTATION('',(#4036),#4040);
#4036 = B_SPLINE_CURVE_WITH_KNOTS('',2,(#4037,#4038,#4039),
  .UNSPECIFIED.,.F.,.F.,(3,3),(0.,1.),.PIECEWISE_BEZIER_KNOTS.);
#4037 = CARTESIAN_POINT('',(31.52197265625,11.2314453125));
#4038 = CARTESIAN_POINT('',(31.52197265625,11.015625));
#4039 = CARTESIAN_POINT('',(31.37353515625,10.8974609375));
#4040 = ( GEOMETRIC_REPRESENTATION_CONTEXT(2) 
PARAMETRIC_REPRESENTATION_CONTEXT() REPRESENTATION_CONTEXT('2D SPACE',''
  ) );
#4041 = PCURVE('',#4042,#4049);
#4042 = SURFACE_OF_LINEAR_EXTRUSION('',#4043,#4047);
#4043 = B_SPLINE_CURVE_WITH_KNOTS('',2,(#4044,#4045,#4046),
  .UNSPECIFIED.,.F.,.F.,(3,3),(0.,1.),.PIECEWISE_BEZIER_KNOTS.);
#4044 = CARTESIAN_POINT('',(11.52197265625,3.7314453125,6.));
#4045 = CARTESIAN_POINT('',(11.52197265625,3.515625,6.));
#4046 = CARTESIAN_POINT('',(11.37353515625,3.3974609375,6.));
#4047 = VECTOR('',#4048,1.);
#4048 = DIRECTION('',(-0.,-0.,-1.));
#4049 = DEFINITIONAL_REPRESENTATION('',(#4050),#4054);
#4050 = LINE('',#4051,#4052);
#4051 = CARTESIAN_POINT('',(0.,0.));
#4052 = VECTOR('',#4053,1.);
#4053 = DIRECTION('',(1.,0.));
#4054 = ( GEOMETRIC_REPRESENTATION_CONTEXT(2) 
PARAMETRIC_REPRESENTATION_CONTEXT() REPRESENTATION_CONTEXT('2D SPACE',''
  ) );
#4055 = ORIENTED_EDGE('',*,*,#4056,.T.);
#4056 = EDGE_CURVE('',#4027,#4057,#4059,.T.);
#4057 = VERTEX_POINT('',#4058);
#4058 = CARTESIAN_POINT('',(10.95166015625,3.279296875,6.));
#4059 = SURFACE_CURVE('',#4060,(#4064,#4071),.PCURVE_S1.);
#4060 = B_SPLINE_CURVE_WITH_KNOTS('',2,(#4061,#4062,#4063),
  .UNSPECIFIED.,.F.,.F.,(3,3),(0.,1.),.PIECEWISE_BEZIER_KNOTS.);
#4061 = CARTESIAN_POINT('',(11.37353515625,3.3974609375,6.));
#4062 = CARTESIAN_POINT('',(11.22509765625,3.279296875,6.));
#4063 = CARTESIAN_POINT('',(10.95166015625,3.279296875,6.));
#4064 = PCURVE('',#152,#4065);
#4065 = DEFINITIONAL_REPRESENTATION('',(#4066),#4070);
#4066 = B_SPLINE_CURVE_WITH_KNOTS('',2,(#4067,#4068,#4069),
  .UNSPECIFIED.,.F.,.F.,(3,3),(0.,1.),.PIECEWISE_BEZIER_KNOTS.);
#4067 = CARTESIAN_POINT('',(31.37353515625,10.8974609375));
#4068 = CARTESIAN_POINT('',(31.22509765625,10.779296875));
#4069 = CARTESIAN_POINT('',(30.95166015625,10.779296875));
#4070 = ( GEOMETRIC_REPRESENTATION_CONTEXT(2) 
PARAMETRIC_REPRESENTATION_CONTEXT() REPRESENTATION_CONTEXT('2D SPACE',''
  ) );
#4071 = PCURVE('',#4072,#4079);
#4072 = SURFACE_OF_LINEAR_EXTRUSION('',#4073,#4077);
#4073 = B_SPLINE_CURVE_WITH_KNOTS('',2,(#4074,#4075,#4076),
  .UNSPECIFIED.,.F.,.F.,(3,3),(0.,1.),.PIECEWISE_BEZIER_KNOTS.);
#4074 = CARTESIAN_POINT('',(11.37353515625,3.3974609375,6.));
#4075 = CARTESIAN_POINT('',(11.22509765625,3.279296875,6.));
#4076 = CARTESIAN_POINT('',(10.95166015625,3.279296875,6.));
#4077 = VECTOR('',#4078,1.);
#4078 = DIRECTION('',(-0.,-0.,-1.));
#4079 = DEFINITIONAL_REPRESENTATION('',(#4080),#4084);
#4080 = LINE('',#4081,#4082);
#4081 = CARTESIAN_POINT('',(0.,0.));
#4082 = VECTOR('',#4083,1.);
#4083 = DIRECTION('',(1.,0.));
#4084 = ( GEOMETRIC_REPRESENTATION_CONTEXT(2) 
PARAMETRIC_REPRESENTATION_CONTEXT() REPRESENTATION_CONTEXT('2D SPACE',''
  ) );
#4085 = ORIENTED_EDGE('',*,*,#4086,.T.);
#4086 = EDGE_CURVE('',#4057,#4087,#4089,.T.);
#4087 = VERTEX_POINT('',#4088);
#4088 = CARTESIAN_POINT('',(10.7626953125,3.29736328125,6.));
#4089 = SURFACE_CURVE('',#4090,(#4094,#4101),.PCURVE_S1.);
#4090 = B_SPLINE_CURVE_WITH_KNOTS('',2,(#4091,#4092,#4093),
  .UNSPECIFIED.,.F.,.F.,(3,3),(0.,1.),.PIECEWISE_BEZIER_KNOTS.);
#4091 = CARTESIAN_POINT('',(10.95166015625,3.279296875,6.));
#4092 = CARTESIAN_POINT('',(10.85986328125,3.279296875,6.));
#4093 = CARTESIAN_POINT('',(10.7626953125,3.29736328125,6.));
#4094 = PCURVE('',#152,#4095);
#4095 = DEFINITIONAL_REPRESENTATION('',(#4096),#4100);
#4096 = B_SPLINE_CURVE_WITH_KNOTS('',2,(#4097,#4098,#4099),
  .UNSPECIFIED.,.F.,.F.,(3,3),(0.,1.),.PIECEWISE_BEZIER_KNOTS.);
#4097 = CARTESIAN_POINT('',(30.95166015625,10.779296875));
#4098 = CARTESIAN_POINT('',(30.85986328125,10.779296875));
#4099 = CARTESIAN_POINT('',(30.7626953125,10.79736328125));
#4100 = ( GEOMETRIC_REPRESENTATION_CONTEXT(2) 
PARAMETRIC_REPRESENTATION_CONTEXT() REPRESENTATION_CONTEXT('2D SPACE',''
  ) );
#4101 = PCURVE('',#4102,#4109);
#4102 = SURFACE_OF_LINEAR_EXTRUSION('',#4103,#4107);
#4103 = B_SPLINE_CURVE_WITH_KNOTS('',2,(#4104,#4105,#4106),
  .UNSPECIFIED.,.F.,.F.,(3,3),(0.,1.),.PIECEWISE_BEZIER_KNOTS.);
#4104 = CARTESIAN_POINT('',(10.95166015625,3.279296875,6.));
#4105 = CARTESIAN_POINT('',(10.85986328125,3.279296875,6.));
#4106 = CARTESIAN_POINT('',(10.7626953125,3.29736328125,6.));
#4107 = VECTOR('',#4108,1.);
#4108 = DIRECTION('',(-0.,-0.,-1.));
#4109 = DEFINITIONAL_REPRESENTATION('',(#4110),#4114);
#4110 = LINE('',#4111,#4112);
#4111 = CARTESIAN_POINT('',(0.,0.));
#4112 = VECTOR('',#4113,1.);
#4113 = DIRECTION('',(1.,0.));
#4114 = ( GEOMETRIC_REPRESENTATION_CONTEXT(2) 
PARAMETRIC_REPRESENTATION_CONTEXT() REPRESENTATION_CONTEXT('2D SPACE',''
  ) );
#4115 = ORIENTED_EDGE('',*,*,#4116,.T.);
#4116 = EDGE_CURVE('',#4087,#4117,#4119,.T.);
#4117 = VERTEX_POINT('',#4118);
#4118 = CARTESIAN_POINT('',(10.56201171875,3.3515625,6.));
#4119 = SURFACE_CURVE('',#4120,(#4124,#4131),.PCURVE_S1.);
#4120 = B_SPLINE_CURVE_WITH_KNOTS('',2,(#4121,#4122,#4123),
  .UNSPECIFIED.,.F.,.F.,(3,3),(0.,1.),.PIECEWISE_BEZIER_KNOTS.);
#4121 = CARTESIAN_POINT('',(10.7626953125,3.29736328125,6.));
#4122 = CARTESIAN_POINT('',(10.66552734375,3.3154296875,6.));
#4123 = CARTESIAN_POINT('',(10.56201171875,3.3515625,6.));
#4124 = PCURVE('',#152,#4125);
#4125 = DEFINITIONAL_REPRESENTATION('',(#4126),#4130);
#4126 = B_SPLINE_CURVE_WITH_KNOTS('',2,(#4127,#4128,#4129),
  .UNSPECIFIED.,.F.,.F.,(3,3),(0.,1.),.PIECEWISE_BEZIER_KNOTS.);
#4127 = CARTESIAN_POINT('',(30.7626953125,10.79736328125));
#4128 = CARTESIAN_POINT('',(30.66552734375,10.8154296875));
#4129 = CARTESIAN_POINT('',(30.56201171875,10.8515625));
#4130 = ( GEOMETRIC_REPRESENTATION_CONTEXT(2) 
PARAMETRIC_REPRESENTATION_CONTEXT() REPRESENTATION_CONTEXT('2D SPACE',''
  ) );
#4131 = PCURVE('',#4132,#4139);
#4132 = SURFACE_OF_LINEAR_EXTRUSION('',#4133,#4137);
#4133 = B_SPLINE_CURVE_WITH_KNOTS('',2,(#4134,#4135,#4136),
  .UNSPECIFIED.,.F.,.F.,(3,3),(0.,1.),.PIECEWISE_BEZIER_KNOTS.);
#4134 = CARTESIAN_POINT('',(10.7626953125,3.29736328125,6.));
#4135 = CARTESIAN_POINT('',(10.66552734375,3.3154296875,6.));
#4136 = CARTESIAN_POINT('',(10.56201171875,3.3515625,6.));
#4137 = VECTOR('',#4138,1.);
#4138 = DIRECTION('',(-0.,-0.,-1.));
#4139 = DEFINITIONAL_REPRESENTATION('',(#4140),#4144);
#4140 = LINE('',#4141,#4142);
#4141 = CARTESIAN_POINT('',(0.,0.));
#4142 = VECTOR('',#4143,1.);
#4143 = DIRECTION('',(1.,0.));
#4144 = ( GEOMETRIC_REPRESENTATION_CONTEXT(2) 
PARAMETRIC_REPRESENTATION_CONTEXT() REPRESENTATION_CONTEXT('2D SPACE',''
  ) );
#4145 = ORIENTED_EDGE('',*,*,#4146,.T.);
#4146 = EDGE_CURVE('',#4117,#4147,#4149,.T.);
#4147 = VERTEX_POINT('',#4148);
#4148 = CARTESIAN_POINT('',(10.56201171875,3.5419921875,6.));
#4149 = SURFACE_CURVE('',#4150,(#4154,#4161),.PCURVE_S1.);
#4150 = LINE('',#4151,#4152);
#4151 = CARTESIAN_POINT('',(10.56201171875,3.3515625,6.));
#4152 = VECTOR('',#4153,1.);
#4153 = DIRECTION('',(0.,1.,0.));
#4154 = PCURVE('',#152,#4155);
#4155 = DEFINITIONAL_REPRESENTATION('',(#4156),#4160);
#4156 = LINE('',#4157,#4158);
#4157 = CARTESIAN_POINT('',(30.56201171875,10.8515625));
#4158 = VECTOR('',#4159,1.);
#4159 = DIRECTION('',(0.,1.));
#4160 = ( GEOMETRIC_REPRESENTATION_CONTEXT(2) 
PARAMETRIC_REPRESENTATION_CONTEXT() REPRESENTATION_CONTEXT('2D SPACE',''
  ) );
#4161 = PCURVE('',#4162,#4167);
#4162 = PLANE('',#4163);
#4163 = AXIS2_PLACEMENT_3D('',#4164,#4165,#4166);
#4164 = CARTESIAN_POINT('',(10.56201171875,3.3515625,6.));
#4165 = DIRECTION('',(-1.,0.,0.));
#4166 = DIRECTION('',(0.,1.,0.));
#4167 = DEFINITIONAL_REPRESENTATION('',(#4168),#4172);
#4168 = LINE('',#4169,#4170);
#4169 = CARTESIAN_POINT('',(0.,0.));
#4170 = VECTOR('',#4171,1.);
#4171 = DIRECTION('',(1.,0.));
#4172 = ( GEOMETRIC_REPRESENTATION_CONTEXT(2) 
PARAMETRIC_REPRESENTATION_CONTEXT() REPRESENTATION_CONTEXT('2D SPACE',''
  ) );
#4173 = ORIENTED_EDGE('',*,*,#4174,.T.);
#4174 = EDGE_CURVE('',#4147,#4175,#4177,.T.);
#4175 = VERTEX_POINT('',#4176);
#4176 = CARTESIAN_POINT('',(10.74169921875,3.4697265625,6.));
#4177 = SURFACE_CURVE('',#4178,(#4182,#4189),.PCURVE_S1.);
#4178 = B_SPLINE_CURVE_WITH_KNOTS('',2,(#4179,#4180,#4181),
  .UNSPECIFIED.,.F.,.F.,(3,3),(0.,1.),.PIECEWISE_BEZIER_KNOTS.);
#4179 = CARTESIAN_POINT('',(10.56201171875,3.5419921875,6.));
#4180 = CARTESIAN_POINT('',(10.64404296875,3.494140625,6.));
#4181 = CARTESIAN_POINT('',(10.74169921875,3.4697265625,6.));
#4182 = PCURVE('',#152,#4183);
#4183 = DEFINITIONAL_REPRESENTATION('',(#4184),#4188);
#4184 = B_SPLINE_CURVE_WITH_KNOTS('',2,(#4185,#4186,#4187),
  .UNSPECIFIED.,.F.,.F.,(3,3),(0.,1.),.PIECEWISE_BEZIER_KNOTS.);
#4185 = CARTESIAN_POINT('',(30.56201171875,11.0419921875));
#4186 = CARTESIAN_POINT('',(30.64404296875,10.994140625));
#4187 = CARTESIAN_POINT('',(30.74169921875,10.9697265625));
#4188 = ( GEOMETRIC_REPRESENTATION_CONTEXT(2) 
PARAMETRIC_REPRESENTATION_CONTEXT() REPRESENTATION_CONTEXT('2D SPACE',''
  ) );
#4189 = PCURVE('',#4190,#4197);
#4190 = SURFACE_OF_LINEAR_EXTRUSION('',#4191,#4195);
#4191 = B_SPLINE_CURVE_WITH_KNOTS('',2,(#4192,#4193,#4194),
  .UNSPECIFIED.,.F.,.F.,(3,3),(0.,1.),.PIECEWISE_BEZIER_KNOTS.);
#4192 = CARTESIAN_POINT('',(10.56201171875,3.5419921875,6.));
#4193 = CARTESIAN_POINT('',(10.64404296875,3.494140625,6.));
#4194 = CARTESIAN_POINT('',(10.74169921875,3.4697265625,6.));
#4195 = VECTOR('',#4196,1.);
#4196 = DIRECTION('',(-0.,-0.,-1.));
#4197 = DEFINITIONAL_REPRESENTATION('',(#4198),#4202);
#4198 = LINE('',#4199,#4200);
#4199 = CARTESIAN_POINT('',(0.,0.));
#4200 = VECTOR('',#4201,1.);
#4201 = DIRECTION('',(1.,0.));
#4202 = ( GEOMETRIC_REPRESENTATION_CONTEXT(2) 
PARAMETRIC_REPRESENTATION_CONTEXT() REPRESENTATION_CONTEXT('2D SPACE',''
  ) );
#4203 = ORIENTED_EDGE('',*,*,#4204,.T.);
#4204 = EDGE_CURVE('',#4175,#4205,#4207,.T.);
#4205 = VERTEX_POINT('',#4206);
#4206 = CARTESIAN_POINT('',(10.94580078125,3.4453125,6.));
#4207 = SURFACE_CURVE('',#4208,(#4212,#4219),.PCURVE_S1.);
#4208 = B_SPLINE_CURVE_WITH_KNOTS('',2,(#4209,#4210,#4211),
  .UNSPECIFIED.,.F.,.F.,(3,3),(0.,1.),.PIECEWISE_BEZIER_KNOTS.);
#4209 = CARTESIAN_POINT('',(10.74169921875,3.4697265625,6.));
#4210 = CARTESIAN_POINT('',(10.83935546875,3.4453125,6.));
#4211 = CARTESIAN_POINT('',(10.94580078125,3.4453125,6.));
#4212 = PCURVE('',#152,#4213);
#4213 = DEFINITIONAL_REPRESENTATION('',(#4214),#4218);
#4214 = B_SPLINE_CURVE_WITH_KNOTS('',2,(#4215,#4216,#4217),
  .UNSPECIFIED.,.F.,.F.,(3,3),(0.,1.),.PIECEWISE_BEZIER_KNOTS.);
#4215 = CARTESIAN_POINT('',(30.74169921875,10.9697265625));
#4216 = CARTESIAN_POINT('',(30.83935546875,10.9453125));
#4217 = CARTESIAN_POINT('',(30.94580078125,10.9453125));
#4218 = ( GEOMETRIC_REPRESENTATION_CONTEXT(2) 
PARAMETRIC_REPRESENTATION_CONTEXT() REPRESENTATION_CONTEXT('2D SPACE',''
  ) );
#4219 = PCURVE('',#4220,#4227);
#4220 = SURFACE_OF_LINEAR_EXTRUSION('',#4221,#4225);
#4221 = B_SPLINE_CURVE_WITH_KNOTS('',2,(#4222,#4223,#4224),
  .UNSPECIFIED.,.F.,.F.,(3,3),(0.,1.),.PIECEWISE_BEZIER_KNOTS.);
#4222 = CARTESIAN_POINT('',(10.74169921875,3.4697265625,6.));
#4223 = CARTESIAN_POINT('',(10.83935546875,3.4453125,6.));
#4224 = CARTESIAN_POINT('',(10.94580078125,3.4453125,6.));
#4225 = VECTOR('',#4226,1.);
#4226 = DIRECTION('',(-0.,-0.,-1.));
#4227 = DEFINITIONAL_REPRESENTATION('',(#4228),#4232);
#4228 = LINE('',#4229,#4230);
#4229 = CARTESIAN_POINT('',(0.,0.));
#4230 = VECTOR('',#4231,1.);
#4231 = DIRECTION('',(1.,0.));
#4232 = ( GEOMETRIC_REPRESENTATION_CONTEXT(2) 
PARAMETRIC_REPRESENTATION_CONTEXT() REPRESENTATION_CONTEXT('2D SPACE',''
  ) );
#4233 = ORIENTED_EDGE('',*,*,#4234,.T.);
#4234 = EDGE_CURVE('',#4205,#4235,#4237,.T.);
#4235 = VERTEX_POINT('',#4236);
#4236 = CARTESIAN_POINT('',(11.228515625,3.5185546875,6.));
#4237 = SURFACE_CURVE('',#4238,(#4242,#4249),.PCURVE_S1.);
#4238 = B_SPLINE_CURVE_WITH_KNOTS('',2,(#4239,#4240,#4241),
  .UNSPECIFIED.,.F.,.F.,(3,3),(0.,1.),.PIECEWISE_BEZIER_KNOTS.);
#4239 = CARTESIAN_POINT('',(10.94580078125,3.4453125,6.));
#4240 = CARTESIAN_POINT('',(11.13134765625,3.4453125,6.));
#4241 = CARTESIAN_POINT('',(11.228515625,3.5185546875,6.));
#4242 = PCURVE('',#152,#4243);
#4243 = DEFINITIONAL_REPRESENTATION('',(#4244),#4248);
#4244 = B_SPLINE_CURVE_WITH_KNOTS('',2,(#4245,#4246,#4247),
  .UNSPECIFIED.,.F.,.F.,(3,3),(0.,1.),.PIECEWISE_BEZIER_KNOTS.);
#4245 = CARTESIAN_POINT('',(30.94580078125,10.9453125));
#4246 = CARTESIAN_POINT('',(31.13134765625,10.9453125));
#4247 = CARTESIAN_POINT('',(31.228515625,11.0185546875));
#4248 = ( GEOMETRIC_REPRESENTATION_CONTEXT(2) 
PARAMETRIC_REPRESENTATION_CONTEXT() REPRESENTATION_CONTEXT('2D SPACE',''
  ) );
#4249 = PCURVE('',#4250,#4257);
#4250 = SURFACE_OF_LINEAR_EXTRUSION('',#4251,#4255);
#4251 = B_SPLINE_CURVE_WITH_KNOTS('',2,(#4252,#4253,#4254),
  .UNSPECIFIED.,.F.,.F.,(3,3),(0.,1.),.PIECEWISE_BEZIER_KNOTS.);
#4252 = CARTESIAN_POINT('',(10.94580078125,3.4453125,6.));
#4253 = CARTESIAN_POINT('',(11.13134765625,3.4453125,6.));
#4254 = CARTESIAN_POINT('',(11.228515625,3.5185546875,6.));
#4255 = VECTOR('',#4256,1.);
#4256 = DIRECTION('',(-0.,-0.,-1.));
#4257 = DEFINITIONAL_REPRESENTATION('',(#4258),#4262);
#4258 = LINE('',#4259,#4260);
#4259 = CARTESIAN_POINT('',(0.,0.));
#4260 = VECTOR('',#4261,1.);
#4261 = DIRECTION('',(1.,0.));
#4262 = ( GEOMETRIC_REPRESENTATION_CONTEXT(2) 
PARAMETRIC_REPRESENTATION_CONTEXT() REPRESENTATION_CONTEXT('2D SPACE',''
  ) );
#4263 = ORIENTED_EDGE('',*,*,#4264,.T.);
#4264 = EDGE_CURVE('',#4235,#4265,#4267,.T.);
#4265 = VERTEX_POINT('',#4266);
#4266 = CARTESIAN_POINT('',(11.32568359375,3.7314453125,6.));
#4267 = SURFACE_CURVE('',#4268,(#4272,#4279),.PCURVE_S1.);
#4268 = B_SPLINE_CURVE_WITH_KNOTS('',2,(#4269,#4270,#4271),
  .UNSPECIFIED.,.F.,.F.,(3,3),(0.,1.),.PIECEWISE_BEZIER_KNOTS.);
#4269 = CARTESIAN_POINT('',(11.228515625,3.5185546875,6.));
#4270 = CARTESIAN_POINT('',(11.32568359375,3.591796875,6.));
#4271 = CARTESIAN_POINT('',(11.32568359375,3.7314453125,6.));
#4272 = PCURVE('',#152,#4273);
#4273 = DEFINITIONAL_REPRESENTATION('',(#4274),#4278);
#4274 = B_SPLINE_CURVE_WITH_KNOTS('',2,(#4275,#4276,#4277),
  .UNSPECIFIED.,.F.,.F.,(3,3),(0.,1.),.PIECEWISE_BEZIER_KNOTS.);
#4275 = CARTESIAN_POINT('',(31.228515625,11.0185546875));
#4276 = CARTESIAN_POINT('',(31.32568359375,11.091796875));
#4277 = CARTESIAN_POINT('',(31.32568359375,11.2314453125));
#4278 = ( GEOMETRIC_REPRESENTATION_CONTEXT(2) 
PARAMETRIC_REPRESENTATION_CONTEXT() REPRESENTATION_CONTEXT('2D SPACE',''
  ) );
#4279 = PCURVE('',#4280,#4287);
#4280 = SURFACE_OF_LINEAR_EXTRUSION('',#4281,#4285);
#4281 = B_SPLINE_CURVE_WITH_KNOTS('',2,(#4282,#4283,#4284),
  .UNSPECIFIED.,.F.,.F.,(3,3),(0.,1.),.PIECEWISE_BEZIER_KNOTS.);
#4282 = CARTESIAN_POINT('',(11.228515625,3.5185546875,6.));
#4283 = CARTESIAN_POINT('',(11.32568359375,3.591796875,6.));
#4284 = CARTESIAN_POINT('',(11.32568359375,3.7314453125,6.));
#4285 = VECTOR('',#4286,1.);
#4286 = DIRECTION('',(-0.,-0.,-1.));
#4287 = DEFINITIONAL_REPRESENTATION('',(#4288),#4292);
#4288 = LINE('',#4289,#4290);
#4289 = CARTESIAN_POINT('',(0.,0.));
#4290 = VECTOR('',#4291,1.);
#4291 = DIRECTION('',(1.,0.));
#4292 = ( GEOMETRIC_REPRESENTATION_CONTEXT(2) 
PARAMETRIC_REPRESENTATION_CONTEXT() REPRESENTATION_CONTEXT('2D SPACE',''
  ) );
#4293 = ORIENTED_EDGE('',*,*,#4294,.T.);
#4294 = EDGE_CURVE('',#4265,#4295,#4297,.T.);
#4295 = VERTEX_POINT('',#4296);
#4296 = CARTESIAN_POINT('',(11.2353515625,3.93310546875,6.));
#4297 = SURFACE_CURVE('',#4298,(#4302,#4309),.PCURVE_S1.);
#4298 = B_SPLINE_CURVE_WITH_KNOTS('',2,(#4299,#4300,#4301),
  .UNSPECIFIED.,.F.,.F.,(3,3),(0.,1.),.PIECEWISE_BEZIER_KNOTS.);
#4299 = CARTESIAN_POINT('',(11.32568359375,3.7314453125,6.));
#4300 = CARTESIAN_POINT('',(11.32568359375,3.8603515625,6.));
#4301 = CARTESIAN_POINT('',(11.2353515625,3.93310546875,6.));
#4302 = PCURVE('',#152,#4303);
#4303 = DEFINITIONAL_REPRESENTATION('',(#4304),#4308);
#4304 = B_SPLINE_CURVE_WITH_KNOTS('',2,(#4305,#4306,#4307),
  .UNSPECIFIED.,.F.,.F.,(3,3),(0.,1.),.PIECEWISE_BEZIER_KNOTS.);
#4305 = CARTESIAN_POINT('',(31.32568359375,11.2314453125));
#4306 = CARTESIAN_POINT('',(31.32568359375,11.3603515625));
#4307 = CARTESIAN_POINT('',(31.2353515625,11.43310546875));
#4308 = ( GEOMETRIC_REPRESENTATION_CONTEXT(2) 
PARAMETRIC_REPRESENTATION_CONTEXT() REPRESENTATION_CONTEXT('2D SPACE',''
  ) );
#4309 = PCURVE('',#4310,#4317);
#4310 = SURFACE_OF_LINEAR_EXTRUSION('',#4311,#4315);
#4311 = B_SPLINE_CURVE_WITH_KNOTS('',2,(#4312,#4313,#4314),
  .UNSPECIFIED.,.F.,.F.,(3,3),(0.,1.),.PIECEWISE_BEZIER_KNOTS.);
#4312 = CARTESIAN_POINT('',(11.32568359375,3.7314453125,6.));
#4313 = CARTESIAN_POINT('',(11.32568359375,3.8603515625,6.));
#4314 = CARTESIAN_POINT('',(11.2353515625,3.93310546875,6.));
#4315 = VECTOR('',#4316,1.);
#4316 = DIRECTION('',(-0.,-0.,-1.));
#4317 = DEFINITIONAL_REPRESENTATION('',(#4318),#4322);
#4318 = LINE('',#4319,#4320);
#4319 = CARTESIAN_POINT('',(0.,0.));
#4320 = VECTOR('',#4321,1.);
#4321 = DIRECTION('',(1.,0.));
#4322 = ( GEOMETRIC_REPRESENTATION_CONTEXT(2) 
PARAMETRIC_REPRESENTATION_CONTEXT() REPRESENTATION_CONTEXT('2D SPACE',''
  ) );
#4323 = ORIENTED_EDGE('',*,*,#4324,.T.);
#4324 = EDGE_CURVE('',#4295,#4325,#4327,.T.);
#4325 = VERTEX_POINT('',#4326);
#4326 = CARTESIAN_POINT('',(10.98388671875,4.005859375,6.));
#4327 = SURFACE_CURVE('',#4328,(#4332,#4339),.PCURVE_S1.);
#4328 = B_SPLINE_CURVE_WITH_KNOTS('',2,(#4329,#4330,#4331),
  .UNSPECIFIED.,.F.,.F.,(3,3),(0.,1.),.PIECEWISE_BEZIER_KNOTS.);
#4329 = CARTESIAN_POINT('',(11.2353515625,3.93310546875,6.));
#4330 = CARTESIAN_POINT('',(11.14501953125,4.005859375,6.));
#4331 = CARTESIAN_POINT('',(10.98388671875,4.005859375,6.));
#4332 = PCURVE('',#152,#4333);
#4333 = DEFINITIONAL_REPRESENTATION('',(#4334),#4338);
#4334 = B_SPLINE_CURVE_WITH_KNOTS('',2,(#4335,#4336,#4337),
  .UNSPECIFIED.,.F.,.F.,(3,3),(0.,1.),.PIECEWISE_BEZIER_KNOTS.);
#4335 = CARTESIAN_POINT('',(31.2353515625,11.43310546875));
#4336 = CARTESIAN_POINT('',(31.14501953125,11.505859375));
#4337 = CARTESIAN_POINT('',(30.98388671875,11.505859375));
#4338 = ( GEOMETRIC_REPRESENTATION_CONTEXT(2) 
PARAMETRIC_REPRESENTATION_CONTEXT() REPRESENTATION_CONTEXT('2D SPACE',''
  ) );
#4339 = PCURVE('',#4340,#4347);
#4340 = SURFACE_OF_LINEAR_EXTRUSION('',#4341,#4345);
#4341 = B_SPLINE_CURVE_WITH_KNOTS('',2,(#4342,#4343,#4344),
  .UNSPECIFIED.,.F.,.F.,(3,3),(0.,1.),.PIECEWISE_BEZIER_KNOTS.);
#4342 = CARTESIAN_POINT('',(11.2353515625,3.93310546875,6.));
#4343 = CARTESIAN_POINT('',(11.14501953125,4.005859375,6.));
#4344 = CARTESIAN_POINT('',(10.98388671875,4.005859375,6.));
#4345 = VECTOR('',#4346,1.);
#4346 = DIRECTION('',(-0.,-0.,-1.));
#4347 = DEFINITIONAL_REPRESENTATION('',(#4348),#4352);
#4348 = LINE('',#4349,#4350);
#4349 = CARTESIAN_POINT('',(0.,0.));
#4350 = VECTOR('',#4351,1.);
#4351 = DIRECTION('',(1.,0.));
#4352 = ( GEOMETRIC_REPRESENTATION_CONTEXT(2) 
PARAMETRIC_REPRESENTATION_CONTEXT() REPRESENTATION_CONTEXT('2D SPACE',''
  ) );
#4353 = ORIENTED_EDGE('',*,*,#4354,.T.);
#4354 = EDGE_CURVE('',#4325,#4355,#4357,.T.);
#4355 = VERTEX_POINT('',#4356);
#4356 = CARTESIAN_POINT('',(10.81396484375,4.005859375,6.));
#4357 = SURFACE_CURVE('',#4358,(#4362,#4369),.PCURVE_S1.);
#4358 = LINE('',#4359,#4360);
#4359 = CARTESIAN_POINT('',(10.98388671875,4.005859375,6.));
#4360 = VECTOR('',#4361,1.);
#4361 = DIRECTION('',(-1.,0.,0.));
#4362 = PCURVE('',#152,#4363);
#4363 = DEFINITIONAL_REPRESENTATION('',(#4364),#4368);
#4364 = LINE('',#4365,#4366);
#4365 = CARTESIAN_POINT('',(30.98388671875,11.505859375));
#4366 = VECTOR('',#4367,1.);
#4367 = DIRECTION('',(-1.,0.));
#4368 = ( GEOMETRIC_REPRESENTATION_CONTEXT(2) 
PARAMETRIC_REPRESENTATION_CONTEXT() REPRESENTATION_CONTEXT('2D SPACE',''
  ) );
#4369 = PCURVE('',#4370,#4375);
#4370 = PLANE('',#4371);
#4371 = AXIS2_PLACEMENT_3D('',#4372,#4373,#4374);
#4372 = CARTESIAN_POINT('',(10.98388671875,4.005859375,6.));
#4373 = DIRECTION('',(0.,-1.,0.));
#4374 = DIRECTION('',(-1.,0.,0.));
#4375 = DEFINITIONAL_REPRESENTATION('',(#4376),#4380);
#4376 = LINE('',#4377,#4378);
#4377 = CARTESIAN_POINT('',(0.,-0.));
#4378 = VECTOR('',#4379,1.);
#4379 = DIRECTION('',(1.,0.));
#4380 = ( GEOMETRIC_REPRESENTATION_CONTEXT(2) 
PARAMETRIC_REPRESENTATION_CONTEXT() REPRESENTATION_CONTEXT('2D SPACE',''
  ) );
#4381 = ORIENTED_EDGE('',*,*,#4382,.T.);
#4382 = EDGE_CURVE('',#4355,#4383,#4385,.T.);
#4383 = VERTEX_POINT('',#4384);
#4384 = CARTESIAN_POINT('',(10.81396484375,4.16796875,6.));
#4385 = SURFACE_CURVE('',#4386,(#4390,#4397),.PCURVE_S1.);
#4386 = LINE('',#4387,#4388);
#4387 = CARTESIAN_POINT('',(10.81396484375,4.005859375,6.));
#4388 = VECTOR('',#4389,1.);
#4389 = DIRECTION('',(0.,1.,0.));
#4390 = PCURVE('',#152,#4391);
#4391 = DEFINITIONAL_REPRESENTATION('',(#4392),#4396);
#4392 = LINE('',#4393,#4394);
#4393 = CARTESIAN_POINT('',(30.81396484375,11.505859375));
#4394 = VECTOR('',#4395,1.);
#4395 = DIRECTION('',(0.,1.));
#4396 = ( GEOMETRIC_REPRESENTATION_CONTEXT(2) 
PARAMETRIC_REPRESENTATION_CONTEXT() REPRESENTATION_CONTEXT('2D SPACE',''
  ) );
#4397 = PCURVE('',#4398,#4403);
#4398 = PLANE('',#4399);
#4399 = AXIS2_PLACEMENT_3D('',#4400,#4401,#4402);
#4400 = CARTESIAN_POINT('',(10.81396484375,4.005859375,6.));
#4401 = DIRECTION('',(-1.,0.,0.));
#4402 = DIRECTION('',(0.,1.,0.));
#4403 = DEFINITIONAL_REPRESENTATION('',(#4404),#4408);
#4404 = LINE('',#4405,#4406);
#4405 = CARTESIAN_POINT('',(0.,0.));
#4406 = VECTOR('',#4407,1.);
#4407 = DIRECTION('',(1.,0.));
#4408 = ( GEOMETRIC_REPRESENTATION_CONTEXT(2) 
PARAMETRIC_REPRESENTATION_CONTEXT() REPRESENTATION_CONTEXT('2D SPACE',''
  ) );
#4409 = ORIENTED_EDGE('',*,*,#4410,.T.);
#4410 = EDGE_CURVE('',#4383,#4411,#4413,.T.);
#4411 = VERTEX_POINT('',#4412);
#4412 = CARTESIAN_POINT('',(10.99169921875,4.16796875,6.));
#4413 = SURFACE_CURVE('',#4414,(#4418,#4425),.PCURVE_S1.);
#4414 = LINE('',#4415,#4416);
#4415 = CARTESIAN_POINT('',(10.81396484375,4.16796875,6.));
#4416 = VECTOR('',#4417,1.);
#4417 = DIRECTION('',(1.,0.,0.));
#4418 = PCURVE('',#152,#4419);
#4419 = DEFINITIONAL_REPRESENTATION('',(#4420),#4424);
#4420 = LINE('',#4421,#4422);
#4421 = CARTESIAN_POINT('',(30.81396484375,11.66796875));
#4422 = VECTOR('',#4423,1.);
#4423 = DIRECTION('',(1.,0.));
#4424 = ( GEOMETRIC_REPRESENTATION_CONTEXT(2) 
PARAMETRIC_REPRESENTATION_CONTEXT() REPRESENTATION_CONTEXT('2D SPACE',''
  ) );
#4425 = PCURVE('',#4426,#4431);
#4426 = PLANE('',#4427);
#4427 = AXIS2_PLACEMENT_3D('',#4428,#4429,#4430);
#4428 = CARTESIAN_POINT('',(10.81396484375,4.16796875,6.));
#4429 = DIRECTION('',(0.,1.,0.));
#4430 = DIRECTION('',(1.,0.,0.));
#4431 = DEFINITIONAL_REPRESENTATION('',(#4432),#4436);
#4432 = LINE('',#4433,#4434);
#4433 = CARTESIAN_POINT('',(0.,0.));
#4434 = VECTOR('',#4435,1.);
#4435 = DIRECTION('',(1.,0.));
#4436 = ( GEOMETRIC_REPRESENTATION_CONTEXT(2) 
PARAMETRIC_REPRESENTATION_CONTEXT() REPRESENTATION_CONTEXT('2D SPACE',''
  ) );
#4437 = ORIENTED_EDGE('',*,*,#4438,.T.);
#4438 = EDGE_CURVE('',#4411,#4439,#4441,.T.);
#4439 = VERTEX_POINT('',#4440);
#4440 = CARTESIAN_POINT('',(11.21435546875,4.22607421875,6.));
#4441 = SURFACE_CURVE('',#4442,(#4446,#4453),.PCURVE_S1.);
#4442 = B_SPLINE_CURVE_WITH_KNOTS('',2,(#4443,#4444,#4445),
  .UNSPECIFIED.,.F.,.F.,(3,3),(0.,1.),.PIECEWISE_BEZIER_KNOTS.);
#4443 = CARTESIAN_POINT('',(10.99169921875,4.16796875,6.));
#4444 = CARTESIAN_POINT('',(11.13720703125,4.16796875,6.));
#4445 = CARTESIAN_POINT('',(11.21435546875,4.22607421875,6.));
#4446 = PCURVE('',#152,#4447);
#4447 = DEFINITIONAL_REPRESENTATION('',(#4448),#4452);
#4448 = B_SPLINE_CURVE_WITH_KNOTS('',2,(#4449,#4450,#4451),
  .UNSPECIFIED.,.F.,.F.,(3,3),(0.,1.),.PIECEWISE_BEZIER_KNOTS.);
#4449 = CARTESIAN_POINT('',(30.99169921875,11.66796875));
#4450 = CARTESIAN_POINT('',(31.13720703125,11.66796875));
#4451 = CARTESIAN_POINT('',(31.21435546875,11.72607421875));
#4452 = ( GEOMETRIC_REPRESENTATION_CONTEXT(2) 
PARAMETRIC_REPRESENTATION_CONTEXT() REPRESENTATION_CONTEXT('2D SPACE',''
  ) );
#4453 = PCURVE('',#4454,#4461);
#4454 = SURFACE_OF_LINEAR_EXTRUSION('',#4455,#4459);
#4455 = B_SPLINE_CURVE_WITH_KNOTS('',2,(#4456,#4457,#4458),
  .UNSPECIFIED.,.F.,.F.,(3,3),(0.,1.),.PIECEWISE_BEZIER_KNOTS.);
#4456 = CARTESIAN_POINT('',(10.99169921875,4.16796875,6.));
#4457 = CARTESIAN_POINT('',(11.13720703125,4.16796875,6.));
#4458 = CARTESIAN_POINT('',(11.21435546875,4.22607421875,6.));
#4459 = VECTOR('',#4460,1.);
#4460 = DIRECTION('',(-0.,-0.,-1.));
#4461 = DEFINITIONAL_REPRESENTATION('',(#4462),#4466);
#4462 = LINE('',#4463,#4464);
#4463 = CARTESIAN_POINT('',(0.,0.));
#4464 = VECTOR('',#4465,1.);
#4465 = DIRECTION('',(1.,0.));
#4466 = ( GEOMETRIC_REPRESENTATION_CONTEXT(2) 
PARAMETRIC_REPRESENTATION_CONTEXT() REPRESENTATION_CONTEXT('2D SPACE',''
  ) );
#4467 = ORIENTED_EDGE('',*,*,#4468,.T.);
#4468 = EDGE_CURVE('',#4439,#4469,#4471,.T.);
#4469 = VERTEX_POINT('',#4470);
#4470 = CARTESIAN_POINT('',(11.29150390625,4.3935546875,6.));
#4471 = SURFACE_CURVE('',#4472,(#4476,#4483),.PCURVE_S1.);
#4472 = B_SPLINE_CURVE_WITH_KNOTS('',2,(#4473,#4474,#4475),
  .UNSPECIFIED.,.F.,.F.,(3,3),(0.,1.),.PIECEWISE_BEZIER_KNOTS.);
#4473 = CARTESIAN_POINT('',(11.21435546875,4.22607421875,6.));
#4474 = CARTESIAN_POINT('',(11.29150390625,4.2841796875,6.));
#4475 = CARTESIAN_POINT('',(11.29150390625,4.3935546875,6.));
#4476 = PCURVE('',#152,#4477);
#4477 = DEFINITIONAL_REPRESENTATION('',(#4478),#4482);
#4478 = B_SPLINE_CURVE_WITH_KNOTS('',2,(#4479,#4480,#4481),
  .UNSPECIFIED.,.F.,.F.,(3,3),(0.,1.),.PIECEWISE_BEZIER_KNOTS.);
#4479 = CARTESIAN_POINT('',(31.21435546875,11.72607421875));
#4480 = CARTESIAN_POINT('',(31.29150390625,11.7841796875));
#4481 = CARTESIAN_POINT('',(31.29150390625,11.8935546875));
#4482 = ( GEOMETRIC_REPRESENTATION_CONTEXT(2) 
PARAMETRIC_REPRESENTATION_CONTEXT() REPRESENTATION_CONTEXT('2D SPACE',''
  ) );
#4483 = PCURVE('',#4484,#4491);
#4484 = SURFACE_OF_LINEAR_EXTRUSION('',#4485,#4489);
#4485 = B_SPLINE_CURVE_WITH_KNOTS('',2,(#4486,#4487,#4488),
  .UNSPECIFIED.,.F.,.F.,(3,3),(0.,1.),.PIECEWISE_BEZIER_KNOTS.);
#4486 = CARTESIAN_POINT('',(11.21435546875,4.22607421875,6.));
#4487 = CARTESIAN_POINT('',(11.29150390625,4.2841796875,6.));
#4488 = CARTESIAN_POINT('',(11.29150390625,4.3935546875,6.));
#4489 = VECTOR('',#4490,1.);
#4490 = DIRECTION('',(-0.,-0.,-1.));
#4491 = DEFINITIONAL_REPRESENTATION('',(#4492),#4496);
#4492 = LINE('',#4493,#4494);
#4493 = CARTESIAN_POINT('',(0.,0.));
#4494 = VECTOR('',#4495,1.);
#4495 = DIRECTION('',(1.,0.));
#4496 = ( GEOMETRIC_REPRESENTATION_CONTEXT(2) 
PARAMETRIC_REPRESENTATION_CONTEXT() REPRESENTATION_CONTEXT('2D SPACE',''
  ) );
#4497 = ORIENTED_EDGE('',*,*,#4498,.T.);
#4498 = EDGE_CURVE('',#4469,#4499,#4501,.T.);
#4499 = VERTEX_POINT('',#4500);
#4500 = CARTESIAN_POINT('',(11.2119140625,4.56591796875,6.));
#4501 = SURFACE_CURVE('',#4502,(#4506,#4513),.PCURVE_S1.);
#4502 = B_SPLINE_CURVE_WITH_KNOTS('',2,(#4503,#4504,#4505),
  .UNSPECIFIED.,.F.,.F.,(3,3),(0.,1.),.PIECEWISE_BEZIER_KNOTS.);
#4503 = CARTESIAN_POINT('',(11.29150390625,4.3935546875,6.));
#4504 = CARTESIAN_POINT('',(11.29150390625,4.505859375,6.));
#4505 = CARTESIAN_POINT('',(11.2119140625,4.56591796875,6.));
#4506 = PCURVE('',#152,#4507);
#4507 = DEFINITIONAL_REPRESENTATION('',(#4508),#4512);
#4508 = B_SPLINE_CURVE_WITH_KNOTS('',2,(#4509,#4510,#4511),
  .UNSPECIFIED.,.F.,.F.,(3,3),(0.,1.),.PIECEWISE_BEZIER_KNOTS.);
#4509 = CARTESIAN_POINT('',(31.29150390625,11.8935546875));
#4510 = CARTESIAN_POINT('',(31.29150390625,12.005859375));
#4511 = CARTESIAN_POINT('',(31.2119140625,12.06591796875));
#4512 = ( GEOMETRIC_REPRESENTATION_CONTEXT(2) 
PARAMETRIC_REPRESENTATION_CONTEXT() REPRESENTATION_CONTEXT('2D SPACE',''
  ) );
#4513 = PCURVE('',#4514,#4521);
#4514 = SURFACE_OF_LINEAR_EXTRUSION('',#4515,#4519);
#4515 = B_SPLINE_CURVE_WITH_KNOTS('',2,(#4516,#4517,#4518),
  .UNSPECIFIED.,.F.,.F.,(3,3),(0.,1.),.PIECEWISE_BEZIER_KNOTS.);
#4516 = CARTESIAN_POINT('',(11.29150390625,4.3935546875,6.));
#4517 = CARTESIAN_POINT('',(11.29150390625,4.505859375,6.));
#4518 = CARTESIAN_POINT('',(11.2119140625,4.56591796875,6.));
#4519 = VECTOR('',#4520,1.);
#4520 = DIRECTION('',(-0.,-0.,-1.));
#4521 = DEFINITIONAL_REPRESENTATION('',(#4522),#4526);
#4522 = LINE('',#4523,#4524);
#4523 = CARTESIAN_POINT('',(0.,0.));
#4524 = VECTOR('',#4525,1.);
#4525 = DIRECTION('',(1.,0.));
#4526 = ( GEOMETRIC_REPRESENTATION_CONTEXT(2) 
PARAMETRIC_REPRESENTATION_CONTEXT() REPRESENTATION_CONTEXT('2D SPACE',''
  ) );
#4527 = ORIENTED_EDGE('',*,*,#4528,.T.);
#4528 = EDGE_CURVE('',#4499,#4529,#4531,.T.);
#4529 = VERTEX_POINT('',#4530);
#4530 = CARTESIAN_POINT('',(10.98388671875,4.6259765625,6.));
#4531 = SURFACE_CURVE('',#4532,(#4536,#4543),.PCURVE_S1.);
#4532 = B_SPLINE_CURVE_WITH_KNOTS('',2,(#4533,#4534,#4535),
  .UNSPECIFIED.,.F.,.F.,(3,3),(0.,1.),.PIECEWISE_BEZIER_KNOTS.);
#4533 = CARTESIAN_POINT('',(11.2119140625,4.56591796875,6.));
#4534 = CARTESIAN_POINT('',(11.13232421875,4.6259765625,6.));
#4535 = CARTESIAN_POINT('',(10.98388671875,4.6259765625,6.));
#4536 = PCURVE('',#152,#4537);
#4537 = DEFINITIONAL_REPRESENTATION('',(#4538),#4542);
#4538 = B_SPLINE_CURVE_WITH_KNOTS('',2,(#4539,#4540,#4541),
  .UNSPECIFIED.,.F.,.F.,(3,3),(0.,1.),.PIECEWISE_BEZIER_KNOTS.);
#4539 = CARTESIAN_POINT('',(31.2119140625,12.06591796875));
#4540 = CARTESIAN_POINT('',(31.13232421875,12.1259765625));
#4541 = CARTESIAN_POINT('',(30.98388671875,12.1259765625));
#4542 = ( GEOMETRIC_REPRESENTATION_CONTEXT(2) 
PARAMETRIC_REPRESENTATION_CONTEXT() REPRESENTATION_CONTEXT('2D SPACE',''
  ) );
#4543 = PCURVE('',#4544,#4551);
#4544 = SURFACE_OF_LINEAR_EXTRUSION('',#4545,#4549);
#4545 = B_SPLINE_CURVE_WITH_KNOTS('',2,(#4546,#4547,#4548),
  .UNSPECIFIED.,.F.,.F.,(3,3),(0.,1.),.PIECEWISE_BEZIER_KNOTS.);
#4546 = CARTESIAN_POINT('',(11.2119140625,4.56591796875,6.));
#4547 = CARTESIAN_POINT('',(11.13232421875,4.6259765625,6.));
#4548 = CARTESIAN_POINT('',(10.98388671875,4.6259765625,6.));
#4549 = VECTOR('',#4550,1.);
#4550 = DIRECTION('',(-0.,-0.,-1.));
#4551 = DEFINITIONAL_REPRESENTATION('',(#4552),#4556);
#4552 = LINE('',#4553,#4554);
#4553 = CARTESIAN_POINT('',(0.,0.));
#4554 = VECTOR('',#4555,1.);
#4555 = DIRECTION('',(1.,0.));
#4556 = ( GEOMETRIC_REPRESENTATION_CONTEXT(2) 
PARAMETRIC_REPRESENTATION_CONTEXT() REPRESENTATION_CONTEXT('2D SPACE',''
  ) );
#4557 = ORIENTED_EDGE('',*,*,#4558,.T.);
#4558 = EDGE_CURVE('',#4529,#4559,#4561,.T.);
#4559 = VERTEX_POINT('',#4560);
#4560 = CARTESIAN_POINT('',(10.81005859375,4.6083984375,6.));
#4561 = SURFACE_CURVE('',#4562,(#4566,#4573),.PCURVE_S1.);
#4562 = B_SPLINE_CURVE_WITH_KNOTS('',2,(#4563,#4564,#4565),
  .UNSPECIFIED.,.F.,.F.,(3,3),(0.,1.),.PIECEWISE_BEZIER_KNOTS.);
#4563 = CARTESIAN_POINT('',(10.98388671875,4.6259765625,6.));
#4564 = CARTESIAN_POINT('',(10.90283203125,4.6259765625,6.));
#4565 = CARTESIAN_POINT('',(10.81005859375,4.6083984375,6.));
#4566 = PCURVE('',#152,#4567);
#4567 = DEFINITIONAL_REPRESENTATION('',(#4568),#4572);
#4568 = B_SPLINE_CURVE_WITH_KNOTS('',2,(#4569,#4570,#4571),
  .UNSPECIFIED.,.F.,.F.,(3,3),(0.,1.),.PIECEWISE_BEZIER_KNOTS.);
#4569 = CARTESIAN_POINT('',(30.98388671875,12.1259765625));
#4570 = CARTESIAN_POINT('',(30.90283203125,12.1259765625));
#4571 = CARTESIAN_POINT('',(30.81005859375,12.1083984375));
#4572 = ( GEOMETRIC_REPRESENTATION_CONTEXT(2) 
PARAMETRIC_REPRESENTATION_CONTEXT() REPRESENTATION_CONTEXT('2D SPACE',''
  ) );
#4573 = PCURVE('',#4574,#4581);
#4574 = SURFACE_OF_LINEAR_EXTRUSION('',#4575,#4579);
#4575 = B_SPLINE_CURVE_WITH_KNOTS('',2,(#4576,#4577,#4578),
  .UNSPECIFIED.,.F.,.F.,(3,3),(0.,1.),.PIECEWISE_BEZIER_KNOTS.);
#4576 = CARTESIAN_POINT('',(10.98388671875,4.6259765625,6.));
#4577 = CARTESIAN_POINT('',(10.90283203125,4.6259765625,6.));
#4578 = CARTESIAN_POINT('',(10.81005859375,4.6083984375,6.));
#4579 = VECTOR('',#4580,1.);
#4580 = DIRECTION('',(-0.,-0.,-1.));
#4581 = DEFINITIONAL_REPRESENTATION('',(#4582),#4586);
#4582 = LINE('',#4583,#4584);
#4583 = CARTESIAN_POINT('',(0.,0.));
#4584 = VECTOR('',#4585,1.);
#4585 = DIRECTION('',(1.,0.));
#4586 = ( GEOMETRIC_REPRESENTATION_CONTEXT(2) 
PARAMETRIC_REPRESENTATION_CONTEXT() REPRESENTATION_CONTEXT('2D SPACE',''
  ) );
#4587 = ORIENTED_EDGE('',*,*,#4588,.T.);
#4588 = EDGE_CURVE('',#4559,#4589,#4591,.T.);
#4589 = VERTEX_POINT('',#4590);
#4590 = CARTESIAN_POINT('',(10.60595703125,4.5537109375,6.));
#4591 = SURFACE_CURVE('',#4592,(#4596,#4603),.PCURVE_S1.);
#4592 = B_SPLINE_CURVE_WITH_KNOTS('',2,(#4593,#4594,#4595),
  .UNSPECIFIED.,.F.,.F.,(3,3),(0.,1.),.PIECEWISE_BEZIER_KNOTS.);
#4593 = CARTESIAN_POINT('',(10.81005859375,4.6083984375,6.));
#4594 = CARTESIAN_POINT('',(10.71728515625,4.5908203125,6.));
#4595 = CARTESIAN_POINT('',(10.60595703125,4.5537109375,6.));
#4596 = PCURVE('',#152,#4597);
#4597 = DEFINITIONAL_REPRESENTATION('',(#4598),#4602);
#4598 = B_SPLINE_CURVE_WITH_KNOTS('',2,(#4599,#4600,#4601),
  .UNSPECIFIED.,.F.,.F.,(3,3),(0.,1.),.PIECEWISE_BEZIER_KNOTS.);
#4599 = CARTESIAN_POINT('',(30.81005859375,12.1083984375));
#4600 = CARTESIAN_POINT('',(30.71728515625,12.0908203125));
#4601 = CARTESIAN_POINT('',(30.60595703125,12.0537109375));
#4602 = ( GEOMETRIC_REPRESENTATION_CONTEXT(2) 
PARAMETRIC_REPRESENTATION_CONTEXT() REPRESENTATION_CONTEXT('2D SPACE',''
  ) );
#4603 = PCURVE('',#4604,#4611);
#4604 = SURFACE_OF_LINEAR_EXTRUSION('',#4605,#4609);
#4605 = B_SPLINE_CURVE_WITH_KNOTS('',2,(#4606,#4607,#4608),
  .UNSPECIFIED.,.F.,.F.,(3,3),(0.,1.),.PIECEWISE_BEZIER_KNOTS.);
#4606 = CARTESIAN_POINT('',(10.81005859375,4.6083984375,6.));
#4607 = CARTESIAN_POINT('',(10.71728515625,4.5908203125,6.));
#4608 = CARTESIAN_POINT('',(10.60595703125,4.5537109375,6.));
#4609 = VECTOR('',#4610,1.);
#4610 = DIRECTION('',(-0.,-0.,-1.));
#4611 = DEFINITIONAL_REPRESENTATION('',(#4612),#4616);
#4612 = LINE('',#4613,#4614);
#4613 = CARTESIAN_POINT('',(0.,0.));
#4614 = VECTOR('',#4615,1.);
#4615 = DIRECTION('',(1.,0.));
#4616 = ( GEOMETRIC_REPRESENTATION_CONTEXT(2) 
PARAMETRIC_REPRESENTATION_CONTEXT() REPRESENTATION_CONTEXT('2D SPACE',''
  ) );
#4617 = ORIENTED_EDGE('',*,*,#4618,.T.);
#4618 = EDGE_CURVE('',#4589,#4619,#4621,.T.);
#4619 = VERTEX_POINT('',#4620);
#4620 = CARTESIAN_POINT('',(10.60595703125,4.7294921875,6.));
#4621 = SURFACE_CURVE('',#4622,(#4626,#4633),.PCURVE_S1.);
#4622 = LINE('',#4623,#4624);
#4623 = CARTESIAN_POINT('',(10.60595703125,4.5537109375,6.));
#4624 = VECTOR('',#4625,1.);
#4625 = DIRECTION('',(0.,1.,0.));
#4626 = PCURVE('',#152,#4627);
#4627 = DEFINITIONAL_REPRESENTATION('',(#4628),#4632);
#4628 = LINE('',#4629,#4630);
#4629 = CARTESIAN_POINT('',(30.60595703125,12.0537109375));
#4630 = VECTOR('',#4631,1.);
#4631 = DIRECTION('',(0.,1.));
#4632 = ( GEOMETRIC_REPRESENTATION_CONTEXT(2) 
PARAMETRIC_REPRESENTATION_CONTEXT() REPRESENTATION_CONTEXT('2D SPACE',''
  ) );
#4633 = PCURVE('',#4634,#4639);
#4634 = PLANE('',#4635);
#4635 = AXIS2_PLACEMENT_3D('',#4636,#4637,#4638);
#4636 = CARTESIAN_POINT('',(10.60595703125,4.5537109375,6.));
#4637 = DIRECTION('',(-1.,0.,0.));
#4638 = DIRECTION('',(0.,1.,0.));
#4639 = DEFINITIONAL_REPRESENTATION('',(#4640),#4644);
#4640 = LINE('',#4641,#4642);
#4641 = CARTESIAN_POINT('',(0.,0.));
#4642 = VECTOR('',#4643,1.);
#4643 = DIRECTION('',(1.,0.));
#4644 = ( GEOMETRIC_REPRESENTATION_CONTEXT(2) 
PARAMETRIC_REPRESENTATION_CONTEXT() REPRESENTATION_CONTEXT('2D SPACE',''
  ) );
#4645 = ORIENTED_EDGE('',*,*,#4646,.T.);
#4646 = EDGE_CURVE('',#4619,#4647,#4649,.T.);
#4647 = VERTEX_POINT('',#4648);
#4648 = CARTESIAN_POINT('',(10.81640625,4.7763671875,6.));
#4649 = SURFACE_CURVE('',#4650,(#4654,#4661),.PCURVE_S1.);
#4650 = B_SPLINE_CURVE_WITH_KNOTS('',2,(#4651,#4652,#4653),
  .UNSPECIFIED.,.F.,.F.,(3,3),(0.,1.),.PIECEWISE_BEZIER_KNOTS.);
#4651 = CARTESIAN_POINT('',(10.60595703125,4.7294921875,6.));
#4652 = CARTESIAN_POINT('',(10.71826171875,4.7607421875,6.));
#4653 = CARTESIAN_POINT('',(10.81640625,4.7763671875,6.));
#4654 = PCURVE('',#152,#4655);
#4655 = DEFINITIONAL_REPRESENTATION('',(#4656),#4660);
#4656 = B_SPLINE_CURVE_WITH_KNOTS('',2,(#4657,#4658,#4659),
  .UNSPECIFIED.,.F.,.F.,(3,3),(0.,1.),.PIECEWISE_BEZIER_KNOTS.);
#4657 = CARTESIAN_POINT('',(30.60595703125,12.2294921875));
#4658 = CARTESIAN_POINT('',(30.71826171875,12.2607421875));
#4659 = CARTESIAN_POINT('',(30.81640625,12.2763671875));
#4660 = ( GEOMETRIC_REPRESENTATION_CONTEXT(2) 
PARAMETRIC_REPRESENTATION_CONTEXT() REPRESENTATION_CONTEXT('2D SPACE',''
  ) );
#4661 = PCURVE('',#4662,#4669);
#4662 = SURFACE_OF_LINEAR_EXTRUSION('',#4663,#4667);
#4663 = B_SPLINE_CURVE_WITH_KNOTS('',2,(#4664,#4665,#4666),
  .UNSPECIFIED.,.F.,.F.,(3,3),(0.,1.),.PIECEWISE_BEZIER_KNOTS.);
#4664 = CARTESIAN_POINT('',(10.60595703125,4.7294921875,6.));
#4665 = CARTESIAN_POINT('',(10.71826171875,4.7607421875,6.));
#4666 = CARTESIAN_POINT('',(10.81640625,4.7763671875,6.));
#4667 = VECTOR('',#4668,1.);
#4668 = DIRECTION('',(-0.,-0.,-1.));
#4669 = DEFINITIONAL_REPRESENTATION('',(#4670),#4674);
#4670 = LINE('',#4671,#4672);
#4671 = CARTESIAN_POINT('',(0.,0.));
#4672 = VECTOR('',#4673,1.);
#4673 = DIRECTION('',(1.,0.));
#4674 = ( GEOMETRIC_REPRESENTATION_CONTEXT(2) 
PARAMETRIC_REPRESENTATION_CONTEXT() REPRESENTATION_CONTEXT('2D SPACE',''
  ) );
#4675 = ORIENTED_EDGE('',*,*,#4676,.T.);
#4676 = EDGE_CURVE('',#4647,#4677,#4679,.T.);
#4677 = VERTEX_POINT('',#4678);
#4678 = CARTESIAN_POINT('',(11.00146484375,4.7919921875,6.));
#4679 = SURFACE_CURVE('',#4680,(#4684,#4691),.PCURVE_S1.);
#4680 = B_SPLINE_CURVE_WITH_KNOTS('',2,(#4681,#4682,#4683),
  .UNSPECIFIED.,.F.,.F.,(3,3),(0.,1.),.PIECEWISE_BEZIER_KNOTS.);
#4681 = CARTESIAN_POINT('',(10.81640625,4.7763671875,6.));
#4682 = CARTESIAN_POINT('',(10.91455078125,4.7919921875,6.));
#4683 = CARTESIAN_POINT('',(11.00146484375,4.7919921875,6.));
#4684 = PCURVE('',#152,#4685);
#4685 = DEFINITIONAL_REPRESENTATION('',(#4686),#4690);
#4686 = B_SPLINE_CURVE_WITH_KNOTS('',2,(#4687,#4688,#4689),
  .UNSPECIFIED.,.F.,.F.,(3,3),(0.,1.),.PIECEWISE_BEZIER_KNOTS.);
#4687 = CARTESIAN_POINT('',(30.81640625,12.2763671875));
#4688 = CARTESIAN_POINT('',(30.91455078125,12.2919921875));
#4689 = CARTESIAN_POINT('',(31.00146484375,12.2919921875));
#4690 = ( GEOMETRIC_REPRESENTATION_CONTEXT(2) 
PARAMETRIC_REPRESENTATION_CONTEXT() REPRESENTATION_CONTEXT('2D SPACE',''
  ) );
#4691 = PCURVE('',#4692,#4699);
#4692 = SURFACE_OF_LINEAR_EXTRUSION('',#4693,#4697);
#4693 = B_SPLINE_CURVE_WITH_KNOTS('',2,(#4694,#4695,#4696),
  .UNSPECIFIED.,.F.,.F.,(3,3),(0.,1.),.PIECEWISE_BEZIER_KNOTS.);
#4694 = CARTESIAN_POINT('',(10.81640625,4.7763671875,6.));
#4695 = CARTESIAN_POINT('',(10.91455078125,4.7919921875,6.));
#4696 = CARTESIAN_POINT('',(11.00146484375,4.7919921875,6.));
#4697 = VECTOR('',#4698,1.);
#4698 = DIRECTION('',(-0.,-0.,-1.));
#4699 = DEFINITIONAL_REPRESENTATION('',(#4700),#4704);
#4700 = LINE('',#4701,#4702);
#4701 = CARTESIAN_POINT('',(0.,0.));
#4702 = VECTOR('',#4703,1.);
#4703 = DIRECTION('',(1.,0.));
#4704 = ( GEOMETRIC_REPRESENTATION_CONTEXT(2) 
PARAMETRIC_REPRESENTATION_CONTEXT() REPRESENTATION_CONTEXT('2D SPACE',''
  ) );
#4705 = ORIENTED_EDGE('',*,*,#4706,.T.);
#4706 = EDGE_CURVE('',#4677,#4707,#4709,.T.);
#4707 = VERTEX_POINT('',#4708);
#4708 = CARTESIAN_POINT('',(11.35693359375,4.68994140625,6.));
#4709 = SURFACE_CURVE('',#4710,(#4714,#4721),.PCURVE_S1.);
#4710 = B_SPLINE_CURVE_WITH_KNOTS('',2,(#4711,#4712,#4713),
  .UNSPECIFIED.,.F.,.F.,(3,3),(0.,1.),.PIECEWISE_BEZIER_KNOTS.);
#4711 = CARTESIAN_POINT('',(11.00146484375,4.7919921875,6.));
#4712 = CARTESIAN_POINT('',(11.22607421875,4.7919921875,6.));
#4713 = CARTESIAN_POINT('',(11.35693359375,4.68994140625,6.));
#4714 = PCURVE('',#152,#4715);
#4715 = DEFINITIONAL_REPRESENTATION('',(#4716),#4720);
#4716 = B_SPLINE_CURVE_WITH_KNOTS('',2,(#4717,#4718,#4719),
  .UNSPECIFIED.,.F.,.F.,(3,3),(0.,1.),.PIECEWISE_BEZIER_KNOTS.);
#4717 = CARTESIAN_POINT('',(31.00146484375,12.2919921875));
#4718 = CARTESIAN_POINT('',(31.22607421875,12.2919921875));
#4719 = CARTESIAN_POINT('',(31.35693359375,12.18994140625));
#4720 = ( GEOMETRIC_REPRESENTATION_CONTEXT(2) 
PARAMETRIC_REPRESENTATION_CONTEXT() REPRESENTATION_CONTEXT('2D SPACE',''
  ) );
#4721 = PCURVE('',#4722,#4729);
#4722 = SURFACE_OF_LINEAR_EXTRUSION('',#4723,#4727);
#4723 = B_SPLINE_CURVE_WITH_KNOTS('',2,(#4724,#4725,#4726),
  .UNSPECIFIED.,.F.,.F.,(3,3),(0.,1.),.PIECEWISE_BEZIER_KNOTS.);
#4724 = CARTESIAN_POINT('',(11.00146484375,4.7919921875,6.));
#4725 = CARTESIAN_POINT('',(11.22607421875,4.7919921875,6.));
#4726 = CARTESIAN_POINT('',(11.35693359375,4.68994140625,6.));
#4727 = VECTOR('',#4728,1.);
#4728 = DIRECTION('',(-0.,-0.,-1.));
#4729 = DEFINITIONAL_REPRESENTATION('',(#4730),#4734);
#4730 = LINE('',#4731,#4732);
#4731 = CARTESIAN_POINT('',(0.,0.));
#4732 = VECTOR('',#4733,1.);
#4733 = DIRECTION('',(1.,0.));
#4734 = ( GEOMETRIC_REPRESENTATION_CONTEXT(2) 
PARAMETRIC_REPRESENTATION_CONTEXT() REPRESENTATION_CONTEXT('2D SPACE',''
  ) );
#4735 = ORIENTED_EDGE('',*,*,#4736,.T.);
#4736 = EDGE_CURVE('',#4707,#4737,#4739,.T.);
#4737 = VERTEX_POINT('',#4738);
#4738 = CARTESIAN_POINT('',(11.48779296875,4.4140625,6.));
#4739 = SURFACE_CURVE('',#4740,(#4744,#4751),.PCURVE_S1.);
#4740 = B_SPLINE_CURVE_WITH_KNOTS('',2,(#4741,#4742,#4743),
  .UNSPECIFIED.,.F.,.F.,(3,3),(0.,1.),.PIECEWISE_BEZIER_KNOTS.);
#4741 = CARTESIAN_POINT('',(11.35693359375,4.68994140625,6.));
#4742 = CARTESIAN_POINT('',(11.48779296875,4.587890625,6.));
#4743 = CARTESIAN_POINT('',(11.48779296875,4.4140625,6.));
#4744 = PCURVE('',#152,#4745);
#4745 = DEFINITIONAL_REPRESENTATION('',(#4746),#4750);
#4746 = B_SPLINE_CURVE_WITH_KNOTS('',2,(#4747,#4748,#4749),
  .UNSPECIFIED.,.F.,.F.,(3,3),(0.,1.),.PIECEWISE_BEZIER_KNOTS.);
#4747 = CARTESIAN_POINT('',(31.35693359375,12.18994140625));
#4748 = CARTESIAN_POINT('',(31.48779296875,12.087890625));
#4749 = CARTESIAN_POINT('',(31.48779296875,11.9140625));
#4750 = ( GEOMETRIC_REPRESENTATION_CONTEXT(2) 
PARAMETRIC_REPRESENTATION_CONTEXT() REPRESENTATION_CONTEXT('2D SPACE',''
  ) );
#4751 = PCURVE('',#4752,#4759);
#4752 = SURFACE_OF_LINEAR_EXTRUSION('',#4753,#4757);
#4753 = B_SPLINE_CURVE_WITH_KNOTS('',2,(#4754,#4755,#4756),
  .UNSPECIFIED.,.F.,.F.,(3,3),(0.,1.),.PIECEWISE_BEZIER_KNOTS.);
#4754 = CARTESIAN_POINT('',(11.35693359375,4.68994140625,6.));
#4755 = CARTESIAN_POINT('',(11.48779296875,4.587890625,6.));
#4756 = CARTESIAN_POINT('',(11.48779296875,4.4140625,6.));
#4757 = VECTOR('',#4758,1.);
#4758 = DIRECTION('',(-0.,-0.,-1.));
#4759 = DEFINITIONAL_REPRESENTATION('',(#4760),#4764);
#4760 = LINE('',#4761,#4762);
#4761 = CARTESIAN_POINT('',(0.,0.));
#4762 = VECTOR('',#4763,1.);
#4763 = DIRECTION('',(1.,0.));
#4764 = ( GEOMETRIC_REPRESENTATION_CONTEXT(2) 
PARAMETRIC_REPRESENTATION_CONTEXT() REPRESENTATION_CONTEXT('2D SPACE',''
  ) );
#4765 = ORIENTED_EDGE('',*,*,#4766,.T.);
#4766 = EDGE_CURVE('',#4737,#3935,#4767,.T.);
#4767 = SURFACE_CURVE('',#4768,(#4772,#4779),.PCURVE_S1.);
#4768 = B_SPLINE_CURVE_WITH_KNOTS('',2,(#4769,#4770,#4771),
  .UNSPECIFIED.,.F.,.F.,(3,3),(0.,1.),.PIECEWISE_BEZIER_KNOTS.);
#4769 = CARTESIAN_POINT('',(11.48779296875,4.4140625,6.));
#4770 = CARTESIAN_POINT('',(11.48779296875,4.29296875,6.));
#4771 = CARTESIAN_POINT('',(11.41845703125,4.20947265625,6.));
#4772 = PCURVE('',#152,#4773);
#4773 = DEFINITIONAL_REPRESENTATION('',(#4774),#4778);
#4774 = B_SPLINE_CURVE_WITH_KNOTS('',2,(#4775,#4776,#4777),
  .UNSPECIFIED.,.F.,.F.,(3,3),(0.,1.),.PIECEWISE_BEZIER_KNOTS.);
#4775 = CARTESIAN_POINT('',(31.48779296875,11.9140625));
#4776 = CARTESIAN_POINT('',(31.48779296875,11.79296875));
#4777 = CARTESIAN_POINT('',(31.41845703125,11.70947265625));
#4778 = ( GEOMETRIC_REPRESENTATION_CONTEXT(2) 
PARAMETRIC_REPRESENTATION_CONTEXT() REPRESENTATION_CONTEXT('2D SPACE',''
  ) );
#4779 = PCURVE('',#4780,#4787);
#4780 = SURFACE_OF_LINEAR_EXTRUSION('',#4781,#4785);
#4781 = B_SPLINE_CURVE_WITH_KNOTS('',2,(#4782,#4783,#4784),
  .UNSPECIFIED.,.F.,.F.,(3,3),(0.,1.),.PIECEWISE_BEZIER_KNOTS.);
#4782 = CARTESIAN_POINT('',(11.48779296875,4.4140625,6.));
#4783 = CARTESIAN_POINT('',(11.48779296875,4.29296875,6.));
#4784 = CARTESIAN_POINT('',(11.41845703125,4.20947265625,6.));
#4785 = VECTOR('',#4786,1.);
#4786 = DIRECTION('',(-0.,-0.,-1.));
#4787 = DEFINITIONAL_REPRESENTATION('',(#4788),#4792);
#4788 = LINE('',#4789,#4790);
#4789 = CARTESIAN_POINT('',(0.,0.));
#4790 = VECTOR('',#4791,1.);
#4791 = DIRECTION('',(1.,0.));
#4792 = ( GEOMETRIC_REPRESENTATION_CONTEXT(2) 
PARAMETRIC_REPRESENTATION_CONTEXT() REPRESENTATION_CONTEXT('2D SPACE',''
  ) );
#4793 = FACE_BOUND('',#4794,.T.);
#4794 = EDGE_LOOP('',(#4795,#4825,#4853,#4881,#4909,#4937,#4965,#4993,
    #5021,#5049,#5077));
#4795 = ORIENTED_EDGE('',*,*,#4796,.T.);
#4796 = EDGE_CURVE('',#4797,#4799,#4801,.T.);
#4797 = VERTEX_POINT('',#4798);
#4798 = CARTESIAN_POINT('',(12.41552734375,3.6513671875,6.));
#4799 = VERTEX_POINT('',#4800);
#4800 = CARTESIAN_POINT('',(12.41552734375,3.841796875,6.));
#4801 = SURFACE_CURVE('',#4802,(#4806,#4813),.PCURVE_S1.);
#4802 = LINE('',#4803,#4804);
#4803 = CARTESIAN_POINT('',(12.41552734375,3.6513671875,6.));
#4804 = VECTOR('',#4805,1.);
#4805 = DIRECTION('',(0.,1.,0.));
#4806 = PCURVE('',#152,#4807);
#4807 = DEFINITIONAL_REPRESENTATION('',(#4808),#4812);
#4808 = LINE('',#4809,#4810);
#4809 = CARTESIAN_POINT('',(32.41552734375,11.1513671875));
#4810 = VECTOR('',#4811,1.);
#4811 = DIRECTION('',(0.,1.));
#4812 = ( GEOMETRIC_REPRESENTATION_CONTEXT(2) 
PARAMETRIC_REPRESENTATION_CONTEXT() REPRESENTATION_CONTEXT('2D SPACE',''
  ) );
#4813 = PCURVE('',#4814,#4819);
#4814 = PLANE('',#4815);
#4815 = AXIS2_PLACEMENT_3D('',#4816,#4817,#4818);
#4816 = CARTESIAN_POINT('',(12.41552734375,3.6513671875,6.));
#4817 = DIRECTION('',(-1.,0.,0.));
#4818 = DIRECTION('',(0.,1.,0.));
#4819 = DEFINITIONAL_REPRESENTATION('',(#4820),#4824);
#4820 = LINE('',#4821,#4822);
#4821 = CARTESIAN_POINT('',(0.,0.));
#4822 = VECTOR('',#4823,1.);
#4823 = DIRECTION('',(1.,0.));
#4824 = ( GEOMETRIC_REPRESENTATION_CONTEXT(2) 
PARAMETRIC_REPRESENTATION_CONTEXT() REPRESENTATION_CONTEXT('2D SPACE',''
  ) );
#4825 = ORIENTED_EDGE('',*,*,#4826,.T.);
#4826 = EDGE_CURVE('',#4799,#4827,#4829,.T.);
#4827 = VERTEX_POINT('',#4828);
#4828 = CARTESIAN_POINT('',(13.02197265625,4.765625,6.));
#4829 = SURFACE_CURVE('',#4830,(#4834,#4841),.PCURVE_S1.);
#4830 = LINE('',#4831,#4832);
#4831 = CARTESIAN_POINT('',(12.41552734375,3.841796875,6.));
#4832 = VECTOR('',#4833,1.);
#4833 = DIRECTION('',(0.548772251045,0.835971899338,0.));
#4834 = PCURVE('',#152,#4835);
#4835 = DEFINITIONAL_REPRESENTATION('',(#4836),#4840);
#4836 = LINE('',#4837,#4838);
#4837 = CARTESIAN_POINT('',(32.41552734375,11.341796875));
#4838 = VECTOR('',#4839,1.);
#4839 = DIRECTION('',(0.548772251045,0.835971899338));
#4840 = ( GEOMETRIC_REPRESENTATION_CONTEXT(2) 
PARAMETRIC_REPRESENTATION_CONTEXT() REPRESENTATION_CONTEXT('2D SPACE',''
  ) );
#4841 = PCURVE('',#4842,#4847);
#4842 = PLANE('',#4843);
#4843 = AXIS2_PLACEMENT_3D('',#4844,#4845,#4846);
#4844 = CARTESIAN_POINT('',(12.41552734375,3.841796875,6.));
#4845 = DIRECTION('',(-0.835971899338,0.548772251045,0.));
#4846 = DIRECTION('',(0.548772251045,0.835971899338,0.));
#4847 = DEFINITIONAL_REPRESENTATION('',(#4848),#4852);
#4848 = LINE('',#4849,#4850);
#4849 = CARTESIAN_POINT('',(0.,0.));
#4850 = VECTOR('',#4851,1.);
#4851 = DIRECTION('',(1.,0.));
#4852 = ( GEOMETRIC_REPRESENTATION_CONTEXT(2) 
PARAMETRIC_REPRESENTATION_CONTEXT() REPRESENTATION_CONTEXT('2D SPACE',''
  ) );
#4853 = ORIENTED_EDGE('',*,*,#4854,.T.);
#4854 = EDGE_CURVE('',#4827,#4855,#4857,.T.);
#4855 = VERTEX_POINT('',#4856);
#4856 = CARTESIAN_POINT('',(13.27001953125,4.765625,6.));
#4857 = SURFACE_CURVE('',#4858,(#4862,#4869),.PCURVE_S1.);
#4858 = LINE('',#4859,#4860);
#4859 = CARTESIAN_POINT('',(13.02197265625,4.765625,6.));
#4860 = VECTOR('',#4861,1.);
#4861 = DIRECTION('',(1.,0.,0.));
#4862 = PCURVE('',#152,#4863);
#4863 = DEFINITIONAL_REPRESENTATION('',(#4864),#4868);
#4864 = LINE('',#4865,#4866);
#4865 = CARTESIAN_POINT('',(33.02197265625,12.265625));
#4866 = VECTOR('',#4867,1.);
#4867 = DIRECTION('',(1.,0.));
#4868 = ( GEOMETRIC_REPRESENTATION_CONTEXT(2) 
PARAMETRIC_REPRESENTATION_CONTEXT() REPRESENTATION_CONTEXT('2D SPACE',''
  ) );
#4869 = PCURVE('',#4870,#4875);
#4870 = PLANE('',#4871);
#4871 = AXIS2_PLACEMENT_3D('',#4872,#4873,#4874);
#4872 = CARTESIAN_POINT('',(13.02197265625,4.765625,6.));
#4873 = DIRECTION('',(0.,1.,0.));
#4874 = DIRECTION('',(1.,0.,0.));
#4875 = DEFINITIONAL_REPRESENTATION('',(#4876),#4880);
#4876 = LINE('',#4877,#4878);
#4877 = CARTESIAN_POINT('',(0.,0.));
#4878 = VECTOR('',#4879,1.);
#4879 = DIRECTION('',(1.,0.));
#4880 = ( GEOMETRIC_REPRESENTATION_CONTEXT(2) 
PARAMETRIC_REPRESENTATION_CONTEXT() REPRESENTATION_CONTEXT('2D SPACE',''
  ) );
#4881 = ORIENTED_EDGE('',*,*,#4882,.T.);
#4882 = EDGE_CURVE('',#4855,#4883,#4885,.T.);
#4883 = VERTEX_POINT('',#4884);
#4884 = CARTESIAN_POINT('',(13.27001953125,3.8154296875,6.));
#4885 = SURFACE_CURVE('',#4886,(#4890,#4897),.PCURVE_S1.);
#4886 = LINE('',#4887,#4888);
#4887 = CARTESIAN_POINT('',(13.27001953125,4.765625,6.));
#4888 = VECTOR('',#4889,1.);
#4889 = DIRECTION('',(0.,-1.,0.));
#4890 = PCURVE('',#152,#4891);
#4891 = DEFINITIONAL_REPRESENTATION('',(#4892),#4896);
#4892 = LINE('',#4893,#4894);
#4893 = CARTESIAN_POINT('',(33.27001953125,12.265625));
#4894 = VECTOR('',#4895,1.);
#4895 = DIRECTION('',(0.,-1.));
#4896 = ( GEOMETRIC_REPRESENTATION_CONTEXT(2) 
PARAMETRIC_REPRESENTATION_CONTEXT() REPRESENTATION_CONTEXT('2D SPACE',''
  ) );
#4897 = PCURVE('',#4898,#4903);
#4898 = PLANE('',#4899);
#4899 = AXIS2_PLACEMENT_3D('',#4900,#4901,#4902);
#4900 = CARTESIAN_POINT('',(13.27001953125,4.765625,6.));
#4901 = DIRECTION('',(1.,0.,0.));
#4902 = DIRECTION('',(0.,-1.,0.));
#4903 = DEFINITIONAL_REPRESENTATION('',(#4904),#4908);
#4904 = LINE('',#4905,#4906);
#4905 = CARTESIAN_POINT('',(0.,0.));
#4906 = VECTOR('',#4907,1.);
#4907 = DIRECTION('',(1.,0.));
#4908 = ( GEOMETRIC_REPRESENTATION_CONTEXT(2) 
PARAMETRIC_REPRESENTATION_CONTEXT() REPRESENTATION_CONTEXT('2D SPACE',''
  ) );
#4909 = ORIENTED_EDGE('',*,*,#4910,.T.);
#4910 = EDGE_CURVE('',#4883,#4911,#4913,.T.);
#4911 = VERTEX_POINT('',#4912);
#4912 = CARTESIAN_POINT('',(13.47802734375,3.8154296875,6.));
#4913 = SURFACE_CURVE('',#4914,(#4918,#4925),.PCURVE_S1.);
#4914 = LINE('',#4915,#4916);
#4915 = CARTESIAN_POINT('',(13.27001953125,3.8154296875,6.));
#4916 = VECTOR('',#4917,1.);
#4917 = DIRECTION('',(1.,0.,0.));
#4918 = PCURVE('',#152,#4919);
#4919 = DEFINITIONAL_REPRESENTATION('',(#4920),#4924);
#4920 = LINE('',#4921,#4922);
#4921 = CARTESIAN_POINT('',(33.27001953125,11.3154296875));
#4922 = VECTOR('',#4923,1.);
#4923 = DIRECTION('',(1.,0.));
#4924 = ( GEOMETRIC_REPRESENTATION_CONTEXT(2) 
PARAMETRIC_REPRESENTATION_CONTEXT() REPRESENTATION_CONTEXT('2D SPACE',''
  ) );
#4925 = PCURVE('',#4926,#4931);
#4926 = PLANE('',#4927);
#4927 = AXIS2_PLACEMENT_3D('',#4928,#4929,#4930);
#4928 = CARTESIAN_POINT('',(13.27001953125,3.8154296875,6.));
#4929 = DIRECTION('',(0.,1.,0.));
#4930 = DIRECTION('',(1.,0.,0.));
#4931 = DEFINITIONAL_REPRESENTATION('',(#4932),#4936);
#4932 = LINE('',#4933,#4934);
#4933 = CARTESIAN_POINT('',(0.,0.));
#4934 = VECTOR('',#4935,1.);
#4935 = DIRECTION('',(1.,0.));
#4936 = ( GEOMETRIC_REPRESENTATION_CONTEXT(2) 
PARAMETRIC_REPRESENTATION_CONTEXT() REPRESENTATION_CONTEXT('2D SPACE',''
  ) );
#4937 = ORIENTED_EDGE('',*,*,#4938,.T.);
#4938 = EDGE_CURVE('',#4911,#4939,#4941,.T.);
#4939 = VERTEX_POINT('',#4940);
#4940 = CARTESIAN_POINT('',(13.47802734375,3.6513671875,6.));
#4941 = SURFACE_CURVE('',#4942,(#4946,#4953),.PCURVE_S1.);
#4942 = LINE('',#4943,#4944);
#4943 = CARTESIAN_POINT('',(13.47802734375,3.8154296875,6.));
#4944 = VECTOR('',#4945,1.);
#4945 = DIRECTION('',(0.,-1.,0.));
#4946 = PCURVE('',#152,#4947);
#4947 = DEFINITIONAL_REPRESENTATION('',(#4948),#4952);
#4948 = LINE('',#4949,#4950);
#4949 = CARTESIAN_POINT('',(33.47802734375,11.3154296875));
#4950 = VECTOR('',#4951,1.);
#4951 = DIRECTION('',(0.,-1.));
#4952 = ( GEOMETRIC_REPRESENTATION_CONTEXT(2) 
PARAMETRIC_REPRESENTATION_CONTEXT() REPRESENTATION_CONTEXT('2D SPACE',''
  ) );
#4953 = PCURVE('',#4954,#4959);
#4954 = PLANE('',#4955);
#4955 = AXIS2_PLACEMENT_3D('',#4956,#4957,#4958);
#4956 = CARTESIAN_POINT('',(13.47802734375,3.8154296875,6.));
#4957 = DIRECTION('',(1.,0.,0.));
#4958 = DIRECTION('',(0.,-1.,0.));
#4959 = DEFINITIONAL_REPRESENTATION('',(#4960),#4964);
#4960 = LINE('',#4961,#4962);
#4961 = CARTESIAN_POINT('',(0.,0.));
#4962 = VECTOR('',#4963,1.);
#4963 = DIRECTION('',(1.,0.));
#4964 = ( GEOMETRIC_REPRESENTATION_CONTEXT(2) 
PARAMETRIC_REPRESENTATION_CONTEXT() REPRESENTATION_CONTEXT('2D SPACE',''
  ) );
#4965 = ORIENTED_EDGE('',*,*,#4966,.T.);
#4966 = EDGE_CURVE('',#4939,#4967,#4969,.T.);
#4967 = VERTEX_POINT('',#4968);
#4968 = CARTESIAN_POINT('',(13.27001953125,3.6513671875,6.));
#4969 = SURFACE_CURVE('',#4970,(#4974,#4981),.PCURVE_S1.);
#4970 = LINE('',#4971,#4972);
#4971 = CARTESIAN_POINT('',(13.47802734375,3.6513671875,6.));
#4972 = VECTOR('',#4973,1.);
#4973 = DIRECTION('',(-1.,0.,0.));
#4974 = PCURVE('',#152,#4975);
#4975 = DEFINITIONAL_REPRESENTATION('',(#4976),#4980);
#4976 = LINE('',#4977,#4978);
#4977 = CARTESIAN_POINT('',(33.47802734375,11.1513671875));
#4978 = VECTOR('',#4979,1.);
#4979 = DIRECTION('',(-1.,0.));
#4980 = ( GEOMETRIC_REPRESENTATION_CONTEXT(2) 
PARAMETRIC_REPRESENTATION_CONTEXT() REPRESENTATION_CONTEXT('2D SPACE',''
  ) );
#4981 = PCURVE('',#4982,#4987);
#4982 = PLANE('',#4983);
#4983 = AXIS2_PLACEMENT_3D('',#4984,#4985,#4986);
#4984 = CARTESIAN_POINT('',(13.47802734375,3.6513671875,6.));
#4985 = DIRECTION('',(0.,-1.,0.));
#4986 = DIRECTION('',(-1.,0.,0.));
#4987 = DEFINITIONAL_REPRESENTATION('',(#4988),#4992);
#4988 = LINE('',#4989,#4990);
#4989 = CARTESIAN_POINT('',(0.,-0.));
#4990 = VECTOR('',#4991,1.);
#4991 = DIRECTION('',(1.,0.));
#4992 = ( GEOMETRIC_REPRESENTATION_CONTEXT(2) 
PARAMETRIC_REPRESENTATION_CONTEXT() REPRESENTATION_CONTEXT('2D SPACE',''
  ) );
#4993 = ORIENTED_EDGE('',*,*,#4994,.T.);
#4994 = EDGE_CURVE('',#4967,#4995,#4997,.T.);
#4995 = VERTEX_POINT('',#4996);
#4996 = CARTESIAN_POINT('',(13.27001953125,3.3076171875,6.));
#4997 = SURFACE_CURVE('',#4998,(#5002,#5009),.PCURVE_S1.);
#4998 = LINE('',#4999,#5000);
#4999 = CARTESIAN_POINT('',(13.27001953125,3.6513671875,6.));
#5000 = VECTOR('',#5001,1.);
#5001 = DIRECTION('',(0.,-1.,0.));
#5002 = PCURVE('',#152,#5003);
#5003 = DEFINITIONAL_REPRESENTATION('',(#5004),#5008);
#5004 = LINE('',#5005,#5006);
#5005 = CARTESIAN_POINT('',(33.27001953125,11.1513671875));
#5006 = VECTOR('',#5007,1.);
#5007 = DIRECTION('',(0.,-1.));
#5008 = ( GEOMETRIC_REPRESENTATION_CONTEXT(2) 
PARAMETRIC_REPRESENTATION_CONTEXT() REPRESENTATION_CONTEXT('2D SPACE',''
  ) );
#5009 = PCURVE('',#5010,#5015);
#5010 = PLANE('',#5011);
#5011 = AXIS2_PLACEMENT_3D('',#5012,#5013,#5014);
#5012 = CARTESIAN_POINT('',(13.27001953125,3.6513671875,6.));
#5013 = DIRECTION('',(1.,0.,0.));
#5014 = DIRECTION('',(0.,-1.,0.));
#5015 = DEFINITIONAL_REPRESENTATION('',(#5016),#5020);
#5016 = LINE('',#5017,#5018);
#5017 = CARTESIAN_POINT('',(0.,0.));
#5018 = VECTOR('',#5019,1.);
#5019 = DIRECTION('',(1.,0.));
#5020 = ( GEOMETRIC_REPRESENTATION_CONTEXT(2) 
PARAMETRIC_REPRESENTATION_CONTEXT() REPRESENTATION_CONTEXT('2D SPACE',''
  ) );
#5021 = ORIENTED_EDGE('',*,*,#5022,.T.);
#5022 = EDGE_CURVE('',#4995,#5023,#5025,.T.);
#5023 = VERTEX_POINT('',#5024);
#5024 = CARTESIAN_POINT('',(13.07373046875,3.3076171875,6.));
#5025 = SURFACE_CURVE('',#5026,(#5030,#5037),.PCURVE_S1.);
#5026 = LINE('',#5027,#5028);
#5027 = CARTESIAN_POINT('',(13.27001953125,3.3076171875,6.));
#5028 = VECTOR('',#5029,1.);
#5029 = DIRECTION('',(-1.,0.,0.));
#5030 = PCURVE('',#152,#5031);
#5031 = DEFINITIONAL_REPRESENTATION('',(#5032),#5036);
#5032 = LINE('',#5033,#5034);
#5033 = CARTESIAN_POINT('',(33.27001953125,10.8076171875));
#5034 = VECTOR('',#5035,1.);
#5035 = DIRECTION('',(-1.,0.));
#5036 = ( GEOMETRIC_REPRESENTATION_CONTEXT(2) 
PARAMETRIC_REPRESENTATION_CONTEXT() REPRESENTATION_CONTEXT('2D SPACE',''
  ) );
#5037 = PCURVE('',#5038,#5043);
#5038 = PLANE('',#5039);
#5039 = AXIS2_PLACEMENT_3D('',#5040,#5041,#5042);
#5040 = CARTESIAN_POINT('',(13.27001953125,3.3076171875,6.));
#5041 = DIRECTION('',(0.,-1.,0.));
#5042 = DIRECTION('',(-1.,0.,0.));
#5043 = DEFINITIONAL_REPRESENTATION('',(#5044),#5048);
#5044 = LINE('',#5045,#5046);
#5045 = CARTESIAN_POINT('',(0.,-0.));
#5046 = VECTOR('',#5047,1.);
#5047 = DIRECTION('',(1.,0.));
#5048 = ( GEOMETRIC_REPRESENTATION_CONTEXT(2) 
PARAMETRIC_REPRESENTATION_CONTEXT() REPRESENTATION_CONTEXT('2D SPACE',''
  ) );
#5049 = ORIENTED_EDGE('',*,*,#5050,.T.);
#5050 = EDGE_CURVE('',#5023,#5051,#5053,.T.);
#5051 = VERTEX_POINT('',#5052);
#5052 = CARTESIAN_POINT('',(13.07373046875,3.6513671875,6.));
#5053 = SURFACE_CURVE('',#5054,(#5058,#5065),.PCURVE_S1.);
#5054 = LINE('',#5055,#5056);
#5055 = CARTESIAN_POINT('',(13.07373046875,3.3076171875,6.));
#5056 = VECTOR('',#5057,1.);
#5057 = DIRECTION('',(0.,1.,0.));
#5058 = PCURVE('',#152,#5059);
#5059 = DEFINITIONAL_REPRESENTATION('',(#5060),#5064);
#5060 = LINE('',#5061,#5062);
#5061 = CARTESIAN_POINT('',(33.07373046875,10.8076171875));
#5062 = VECTOR('',#5063,1.);
#5063 = DIRECTION('',(0.,1.));
#5064 = ( GEOMETRIC_REPRESENTATION_CONTEXT(2) 
PARAMETRIC_REPRESENTATION_CONTEXT() REPRESENTATION_CONTEXT('2D SPACE',''
  ) );
#5065 = PCURVE('',#5066,#5071);
#5066 = PLANE('',#5067);
#5067 = AXIS2_PLACEMENT_3D('',#5068,#5069,#5070);
#5068 = CARTESIAN_POINT('',(13.07373046875,3.3076171875,6.));
#5069 = DIRECTION('',(-1.,0.,0.));
#5070 = DIRECTION('',(0.,1.,0.));
#5071 = DEFINITIONAL_REPRESENTATION('',(#5072),#5076);
#5072 = LINE('',#5073,#5074);
#5073 = CARTESIAN_POINT('',(0.,0.));
#5074 = VECTOR('',#5075,1.);
#5075 = DIRECTION('',(1.,0.));
#5076 = ( GEOMETRIC_REPRESENTATION_CONTEXT(2) 
PARAMETRIC_REPRESENTATION_CONTEXT() REPRESENTATION_CONTEXT('2D SPACE',''
  ) );
#5077 = ORIENTED_EDGE('',*,*,#5078,.T.);
#5078 = EDGE_CURVE('',#5051,#4797,#5079,.T.);
#5079 = SURFACE_CURVE('',#5080,(#5084,#5091),.PCURVE_S1.);
#5080 = LINE('',#5081,#5082);
#5081 = CARTESIAN_POINT('',(13.07373046875,3.6513671875,6.));
#5082 = VECTOR('',#5083,1.);
#5083 = DIRECTION('',(-1.,0.,0.));
#5084 = PCURVE('',#152,#5085);
#5085 = DEFINITIONAL_REPRESENTATION('',(#5086),#5090);
#5086 = LINE('',#5087,#5088);
#5087 = CARTESIAN_POINT('',(33.07373046875,11.1513671875));
#5088 = VECTOR('',#5089,1.);
#5089 = DIRECTION('',(-1.,0.));
#5090 = ( GEOMETRIC_REPRESENTATION_CONTEXT(2) 
PARAMETRIC_REPRESENTATION_CONTEXT() REPRESENTATION_CONTEXT('2D SPACE',''
  ) );
#5091 = PCURVE('',#5092,#5097);
#5092 = PLANE('',#5093);
#5093 = AXIS2_PLACEMENT_3D('',#5094,#5095,#5096);
#5094 = CARTESIAN_POINT('',(13.07373046875,3.6513671875,6.));
#5095 = DIRECTION('',(0.,-1.,0.));
#5096 = DIRECTION('',(-1.,0.,0.));
#5097 = DEFINITIONAL_REPRESENTATION('',(#5098),#5102);
#5098 = LINE('',#5099,#5100);
#5099 = CARTESIAN_POINT('',(0.,-0.));
#5100 = VECTOR('',#5101,1.);
#5101 = DIRECTION('',(1.,0.));
#5102 = ( GEOMETRIC_REPRESENTATION_CONTEXT(2) 
PARAMETRIC_REPRESENTATION_CONTEXT() REPRESENTATION_CONTEXT('2D SPACE',''
  ) );
#5103 = ADVANCED_FACE('',(#5104),#126,.T.);
#5104 = FACE_BOUND('',#5105,.T.);
#5105 = EDGE_LOOP('',(#5106,#5129,#5130,#5131));
#5106 = ORIENTED_EDGE('',*,*,#5107,.F.);
#5107 = EDGE_CURVE('',#83,#5108,#5110,.T.);
#5108 = VERTEX_POINT('',#5109);
#5109 = CARTESIAN_POINT('',(20.,7.5,0.));
#5110 = SURFACE_CURVE('',#5111,(#5115,#5122),.PCURVE_S1.);
#5111 = LINE('',#5112,#5113);
#5112 = CARTESIAN_POINT('',(-20.,7.5,0.));
#5113 = VECTOR('',#5114,1.);
#5114 = DIRECTION('',(1.,0.,0.));
#5115 = PCURVE('',#126,#5116);
#5116 = DEFINITIONAL_REPRESENTATION('',(#5117),#5121);
#5117 = LINE('',#5118,#5119);
#5118 = CARTESIAN_POINT('',(0.,0.));
#5119 = VECTOR('',#5120,1.);
#5120 = DIRECTION('',(0.,1.));
#5121 = ( GEOMETRIC_REPRESENTATION_CONTEXT(2) 
PARAMETRIC_REPRESENTATION_CONTEXT() REPRESENTATION_CONTEXT('2D SPACE',''
  ) );
#5122 = PCURVE('',#98,#5123);
#5123 = DEFINITIONAL_REPRESENTATION('',(#5124),#5128);
#5124 = LINE('',#5125,#5126);
#5125 = CARTESIAN_POINT('',(0.,15.));
#5126 = VECTOR('',#5127,1.);
#5127 = DIRECTION('',(1.,0.));
#5128 = ( GEOMETRIC_REPRESENTATION_CONTEXT(2) 
PARAMETRIC_REPRESENTATION_CONTEXT() REPRESENTATION_CONTEXT('2D SPACE',''
  ) );
#5129 = ORIENTED_EDGE('',*,*,#110,.T.);
#5130 = ORIENTED_EDGE('',*,*,#268,.T.);
#5131 = ORIENTED_EDGE('',*,*,#5132,.F.);
#5132 = EDGE_CURVE('',#5108,#246,#5133,.T.);
#5133 = SURFACE_CURVE('',#5134,(#5138,#5145),.PCURVE_S1.);
#5134 = LINE('',#5135,#5136);
#5135 = CARTESIAN_POINT('',(20.,7.5,0.));
#5136 = VECTOR('',#5137,1.);
#5137 = DIRECTION('',(0.,0.,1.));
#5138 = PCURVE('',#126,#5139);
#5139 = DEFINITIONAL_REPRESENTATION('',(#5140),#5144);
#5140 = LINE('',#5141,#5142);
#5141 = CARTESIAN_POINT('',(0.,40.));
#5142 = VECTOR('',#5143,1.);
#5143 = DIRECTION('',(1.,0.));
#5144 = ( GEOMETRIC_REPRESENTATION_CONTEXT(2) 
PARAMETRIC_REPRESENTATION_CONTEXT() REPRESENTATION_CONTEXT('2D SPACE',''
  ) );
#5145 = PCURVE('',#228,#5146);
#5146 = DEFINITIONAL_REPRESENTATION('',(#5147),#5151);
#5147 = LINE('',#5148,#5149);
#5148 = CARTESIAN_POINT('',(0.,-15.));
#5149 = VECTOR('',#5150,1.);
#5150 = DIRECTION('',(1.,0.));
#5151 = ( GEOMETRIC_REPRESENTATION_CONTEXT(2) 
PARAMETRIC_REPRESENTATION_CONTEXT() REPRESENTATION_CONTEXT('2D SPACE',''
  ) );
#5152 = ADVANCED_FACE('',(#5153,#5179,#5205,#5231),#98,.F.);
#5153 = FACE_BOUND('',#5154,.F.);
#5154 = EDGE_LOOP('',(#5155,#5156,#5157,#5178));
#5155 = ORIENTED_EDGE('',*,*,#82,.F.);
#5156 = ORIENTED_EDGE('',*,*,#167,.T.);
#5157 = ORIENTED_EDGE('',*,*,#5158,.T.);
#5158 = EDGE_CURVE('',#168,#5108,#5159,.T.);
#5159 = SURFACE_CURVE('',#5160,(#5164,#5171),.PCURVE_S1.);
#5160 = LINE('',#5161,#5162);
#5161 = CARTESIAN_POINT('',(20.,-7.5,0.));
#5162 = VECTOR('',#5163,1.);
#5163 = DIRECTION('',(0.,1.,0.));
#5164 = PCURVE('',#98,#5165);
#5165 = DEFINITIONAL_REPRESENTATION('',(#5166),#5170);
#5166 = LINE('',#5167,#5168);
#5167 = CARTESIAN_POINT('',(40.,0.));
#5168 = VECTOR('',#5169,1.);
#5169 = DIRECTION('',(0.,1.));
#5170 = ( GEOMETRIC_REPRESENTATION_CONTEXT(2) 
PARAMETRIC_REPRESENTATION_CONTEXT() REPRESENTATION_CONTEXT('2D SPACE',''
  ) );
#5171 = PCURVE('',#228,#5172);
#5172 = DEFINITIONAL_REPRESENTATION('',(#5173),#5177);
#5173 = LINE('',#5174,#5175);
#5174 = CARTESIAN_POINT('',(0.,0.));
#5175 = VECTOR('',#5176,1.);
#5176 = DIRECTION('',(0.,-1.));
#5177 = ( GEOMETRIC_REPRESENTATION_CONTEXT(2) 
PARAMETRIC_REPRESENTATION_CONTEXT() REPRESENTATION_CONTEXT('2D SPACE',''
  ) );
#5178 = ORIENTED_EDGE('',*,*,#5107,.F.);
#5179 = FACE_BOUND('',#5180,.F.);
#5180 = EDGE_LOOP('',(#5181));
#5181 = ORIENTED_EDGE('',*,*,#5182,.F.);
#5182 = EDGE_CURVE('',#5183,#5183,#5185,.T.);
#5183 = VERTEX_POINT('',#5184);
#5184 = CARTESIAN_POINT('',(-10.4,-3.918869757272E-16,0.));
#5185 = SURFACE_CURVE('',#5186,(#5191,#5198),.PCURVE_S1.);
#5186 = CIRCLE('',#5187,1.6);
#5187 = AXIS2_PLACEMENT_3D('',#5188,#5189,#5190);
#5188 = CARTESIAN_POINT('',(-12.,0.,0.));
#5189 = DIRECTION('',(0.,0.,1.));
#5190 = DIRECTION('',(1.,0.,-0.));
#5191 = PCURVE('',#98,#5192);
#5192 = DEFINITIONAL_REPRESENTATION('',(#5193),#5197);
#5193 = CIRCLE('',#5194,1.6);
#5194 = AXIS2_PLACEMENT_2D('',#5195,#5196);
#5195 = CARTESIAN_POINT('',(8.,7.5));
#5196 = DIRECTION('',(1.,0.));
#5197 = ( GEOMETRIC_REPRESENTATION_CONTEXT(2) 
PARAMETRIC_REPRESENTATION_CONTEXT() REPRESENTATION_CONTEXT('2D SPACE',''
  ) );
#5198 = PCURVE('',#308,#5199);
#5199 = DEFINITIONAL_REPRESENTATION('',(#5200),#5204);
#5200 = LINE('',#5201,#5202);
#5201 = CARTESIAN_POINT('',(0.,0.));
#5202 = VECTOR('',#5203,1.);
#5203 = DIRECTION('',(1.,0.));
#5204 = ( GEOMETRIC_REPRESENTATION_CONTEXT(2) 
PARAMETRIC_REPRESENTATION_CONTEXT() REPRESENTATION_CONTEXT('2D SPACE',''
  ) );
#5205 = FACE_BOUND('',#5206,.F.);
#5206 = EDGE_LOOP('',(#5207));
#5207 = ORIENTED_EDGE('',*,*,#5208,.F.);
#5208 = EDGE_CURVE('',#5209,#5209,#5211,.T.);
#5209 = VERTEX_POINT('',#5210);
#5210 = CARTESIAN_POINT('',(1.65,-4.041334437186E-16,0.));
#5211 = SURFACE_CURVE('',#5212,(#5217,#5224),.PCURVE_S1.);
#5212 = CIRCLE('',#5213,1.65);
#5213 = AXIS2_PLACEMENT_3D('',#5214,#5215,#5216);
#5214 = CARTESIAN_POINT('',(0.,0.,0.));
#5215 = DIRECTION('',(0.,0.,1.));
#5216 = DIRECTION('',(1.,0.,-0.));
#5217 = PCURVE('',#98,#5218);
#5218 = DEFINITIONAL_REPRESENTATION('',(#5219),#5223);
#5219 = CIRCLE('',#5220,1.65);
#5220 = AXIS2_PLACEMENT_2D('',#5221,#5222);
#5221 = CARTESIAN_POINT('',(20.,7.5));
#5222 = DIRECTION('',(1.,0.));
#5223 = ( GEOMETRIC_REPRESENTATION_CONTEXT(2) 
PARAMETRIC_REPRESENTATION_CONTEXT() REPRESENTATION_CONTEXT('2D SPACE',''
  ) );
#5224 = PCURVE('',#339,#5225);
#5225 = DEFINITIONAL_REPRESENTATION('',(#5226),#5230);
#5226 = LINE('',#5227,#5228);
#5227 = CARTESIAN_POINT('',(0.,0.));
#5228 = VECTOR('',#5229,1.);
#5229 = DIRECTION('',(1.,0.));
#5230 = ( GEOMETRIC_REPRESENTATION_CONTEXT(2) 
PARAMETRIC_REPRESENTATION_CONTEXT() REPRESENTATION_CONTEXT('2D SPACE',''
  ) );
#5231 = FACE_BOUND('',#5232,.F.);
#5232 = EDGE_LOOP('',(#5233));
#5233 = ORIENTED_EDGE('',*,*,#5234,.F.);
#5234 = EDGE_CURVE('',#5235,#5235,#5237,.T.);
#5235 = VERTEX_POINT('',#5236);
#5236 = CARTESIAN_POINT('',(13.7,-4.163799117101E-16,0.));
#5237 = SURFACE_CURVE('',#5238,(#5243,#5250),.PCURVE_S1.);
#5238 = CIRCLE('',#5239,1.7);
#5239 = AXIS2_PLACEMENT_3D('',#5240,#5241,#5242);
#5240 = CARTESIAN_POINT('',(12.,0.,0.));
#5241 = DIRECTION('',(0.,0.,1.));
#5242 = DIRECTION('',(1.,0.,-0.));
#5243 = PCURVE('',#98,#5244);
#5244 = DEFINITIONAL_REPRESENTATION('',(#5245),#5249);
#5245 = CIRCLE('',#5246,1.7);
#5246 = AXIS2_PLACEMENT_2D('',#5247,#5248);
#5247 = CARTESIAN_POINT('',(32.,7.5));
#5248 = DIRECTION('',(1.,0.));
#5249 = ( GEOMETRIC_REPRESENTATION_CONTEXT(2) 
PARAMETRIC_REPRESENTATION_CONTEXT() REPRESENTATION_CONTEXT('2D SPACE',''
  ) );
#5250 = PCURVE('',#370,#5251);
#5251 = DEFINITIONAL_REPRESENTATION('',(#5252),#5256);
#5252 = LINE('',#5253,#5254);
#5253 = CARTESIAN_POINT('',(0.,0.));
#5254 = VECTOR('',#5255,1.);
#5255 = DIRECTION('',(1.,0.));
#5256 = ( GEOMETRIC_REPRESENTATION_CONTEXT(2) 
PARAMETRIC_REPRESENTATION_CONTEXT() REPRESENTATION_CONTEXT('2D SPACE',''
  ) );
#5257 = ADVANCED_FACE('',(#5258),#228,.T.);
#5258 = FACE_BOUND('',#5259,.T.);
#5259 = EDGE_LOOP('',(#5260,#5261,#5262,#5263));
#5260 = ORIENTED_EDGE('',*,*,#214,.F.);
#5261 = ORIENTED_EDGE('',*,*,#5158,.T.);
#5262 = ORIENTED_EDGE('',*,*,#5132,.T.);
#5263 = ORIENTED_EDGE('',*,*,#245,.F.);
#5264 = ADVANCED_FACE('',(#5265),#308,.F.);
#5265 = FACE_BOUND('',#5266,.F.);
#5266 = EDGE_LOOP('',(#5267,#5268,#5289,#5290));
#5267 = ORIENTED_EDGE('',*,*,#291,.F.);
#5268 = ORIENTED_EDGE('',*,*,#5269,.F.);
#5269 = EDGE_CURVE('',#5183,#292,#5270,.T.);
#5270 = SEAM_CURVE('',#5271,(#5275,#5282),.PCURVE_S1.);
#5271 = LINE('',#5272,#5273);
#5272 = CARTESIAN_POINT('',(-10.4,-3.918869757272E-16,0.));
#5273 = VECTOR('',#5274,1.);
#5274 = DIRECTION('',(0.,0.,1.));
#5275 = PCURVE('',#308,#5276);
#5276 = DEFINITIONAL_REPRESENTATION('',(#5277),#5281);
#5277 = LINE('',#5278,#5279);
#5278 = CARTESIAN_POINT('',(6.28318530718,-0.));
#5279 = VECTOR('',#5280,1.);
#5280 = DIRECTION('',(0.,1.));
#5281 = ( GEOMETRIC_REPRESENTATION_CONTEXT(2) 
PARAMETRIC_REPRESENTATION_CONTEXT() REPRESENTATION_CONTEXT('2D SPACE',''
  ) );
#5282 = PCURVE('',#308,#5283);
#5283 = DEFINITIONAL_REPRESENTATION('',(#5284),#5288);
#5284 = LINE('',#5285,#5286);
#5285 = CARTESIAN_POINT('',(0.,-0.));
#5286 = VECTOR('',#5287,1.);
#5287 = DIRECTION('',(0.,1.));
#5288 = ( GEOMETRIC_REPRESENTATION_CONTEXT(2) 
PARAMETRIC_REPRESENTATION_CONTEXT() REPRESENTATION_CONTEXT('2D SPACE',''
  ) );
#5289 = ORIENTED_EDGE('',*,*,#5182,.T.);
#5290 = ORIENTED_EDGE('',*,*,#5269,.T.);
#5291 = ADVANCED_FACE('',(#5292),#339,.F.);
#5292 = FACE_BOUND('',#5293,.F.);
#5293 = EDGE_LOOP('',(#5294,#5295,#5316,#5317));
#5294 = ORIENTED_EDGE('',*,*,#322,.F.);
#5295 = ORIENTED_EDGE('',*,*,#5296,.F.);
#5296 = EDGE_CURVE('',#5209,#323,#5297,.T.);
#5297 = SEAM_CURVE('',#5298,(#5302,#5309),.PCURVE_S1.);
#5298 = LINE('',#5299,#5300);
#5299 = CARTESIAN_POINT('',(1.65,-4.041334437186E-16,0.));
#5300 = VECTOR('',#5301,1.);
#5301 = DIRECTION('',(0.,0.,1.));
#5302 = PCURVE('',#339,#5303);
#5303 = DEFINITIONAL_REPRESENTATION('',(#5304),#5308);
#5304 = LINE('',#5305,#5306);
#5305 = CARTESIAN_POINT('',(6.28318530718,-0.));
#5306 = VECTOR('',#5307,1.);
#5307 = DIRECTION('',(0.,1.));
#5308 = ( GEOMETRIC_REPRESENTATION_CONTEXT(2) 
PARAMETRIC_REPRESENTATION_CONTEXT() REPRESENTATION_CONTEXT('2D SPACE',''
  ) );
#5309 = PCURVE('',#339,#5310);
#5310 = DEFINITIONAL_REPRESENTATION('',(#5311),#5315);
#5311 = LINE('',#5312,#5313);
#5312 = CARTESIAN_POINT('',(0.,-0.));
#5313 = VECTOR('',#5314,1.);
#5314 = DIRECTION('',(0.,1.));
#5315 = ( GEOMETRIC_REPRESENTATION_CONTEXT(2) 
PARAMETRIC_REPRESENTATION_CONTEXT() REPRESENTATION_CONTEXT('2D SPACE',''
  ) );
#5316 = ORIENTED_EDGE('',*,*,#5208,.T.);
#5317 = ORIENTED_EDGE('',*,*,#5296,.T.);
#5318 = ADVANCED_FACE('',(#5319),#370,.F.);
#5319 = FACE_BOUND('',#5320,.F.);
#5320 = EDGE_LOOP('',(#5321,#5322,#5343,#5344));
#5321 = ORIENTED_EDGE('',*,*,#353,.F.);
#5322 = ORIENTED_EDGE('',*,*,#5323,.F.);
#5323 = EDGE_CURVE('',#5235,#354,#5324,.T.);
#5324 = SEAM_CURVE('',#5325,(#5329,#5336),.PCURVE_S1.);
#5325 = LINE('',#5326,#5327);
#5326 = CARTESIAN_POINT('',(13.7,-4.163799117101E-16,0.));
#5327 = VECTOR('',#5328,1.);
#5328 = DIRECTION('',(0.,0.,1.));
#5329 = PCURVE('',#370,#5330);
#5330 = DEFINITIONAL_REPRESENTATION('',(#5331),#5335);
#5331 = LINE('',#5332,#5333);
#5332 = CARTESIAN_POINT('',(6.28318530718,-0.));
#5333 = VECTOR('',#5334,1.);
#5334 = DIRECTION('',(0.,1.));
#5335 = ( GEOMETRIC_REPRESENTATION_CONTEXT(2) 
PARAMETRIC_REPRESENTATION_CONTEXT() REPRESENTATION_CONTEXT('2D SPACE',''
  ) );
#5336 = PCURVE('',#370,#5337);
#5337 = DEFINITIONAL_REPRESENTATION('',(#5338),#5342);
#5338 = LINE('',#5339,#5340);
#5339 = CARTESIAN_POINT('',(0.,-0.));
#5340 = VECTOR('',#5341,1.);
#5341 = DIRECTION('',(0.,1.));
#5342 = ( GEOMETRIC_REPRESENTATION_CONTEXT(2) 
PARAMETRIC_REPRESENTATION_CONTEXT() REPRESENTATION_CONTEXT('2D SPACE',''
  ) );
#5343 = ORIENTED_EDGE('',*,*,#5234,.T.);
#5344 = ORIENTED_EDGE('',*,*,#5323,.T.);
#5345 = ADVANCED_FACE('',(#5346),#402,.T.);
#5346 = FACE_BOUND('',#5347,.T.);
#5347 = EDGE_LOOP('',(#5348,#5371,#5399,#5420));
#5348 = ORIENTED_EDGE('',*,*,#5349,.T.);
#5349 = EDGE_CURVE('',#385,#5350,#5352,.T.);
#5350 = VERTEX_POINT('',#5351);
#5351 = CARTESIAN_POINT('',(-11.89794921875,3.3076171875,6.45));
#5352 = SURFACE_CURVE('',#5353,(#5357,#5364),.PCURVE_S1.);
#5353 = LINE('',#5354,#5355);
#5354 = CARTESIAN_POINT('',(-11.89794921875,3.3076171875,6.));
#5355 = VECTOR('',#5356,1.);
#5356 = DIRECTION('',(0.,0.,1.));
#5357 = PCURVE('',#402,#5358);
#5358 = DEFINITIONAL_REPRESENTATION('',(#5359),#5363);
#5359 = LINE('',#5360,#5361);
#5360 = CARTESIAN_POINT('',(0.,-0.));
#5361 = VECTOR('',#5362,1.);
#5362 = DIRECTION('',(0.,-1.));
#5363 = ( GEOMETRIC_REPRESENTATION_CONTEXT(2) 
PARAMETRIC_REPRESENTATION_CONTEXT() REPRESENTATION_CONTEXT('2D SPACE',''
  ) );
#5364 = PCURVE('',#484,#5365);
#5365 = DEFINITIONAL_REPRESENTATION('',(#5366),#5370);
#5366 = LINE('',#5367,#5368);
#5367 = CARTESIAN_POINT('',(0.248046875,0.));
#5368 = VECTOR('',#5369,1.);
#5369 = DIRECTION('',(0.,-1.));
#5370 = ( GEOMETRIC_REPRESENTATION_CONTEXT(2) 
PARAMETRIC_REPRESENTATION_CONTEXT() REPRESENTATION_CONTEXT('2D SPACE',''
  ) );
#5371 = ORIENTED_EDGE('',*,*,#5372,.T.);
#5372 = EDGE_CURVE('',#5350,#5373,#5375,.T.);
#5373 = VERTEX_POINT('',#5374);
#5374 = CARTESIAN_POINT('',(-12.10400390625,3.3076171875,6.45));
#5375 = SURFACE_CURVE('',#5376,(#5380,#5387),.PCURVE_S1.);
#5376 = LINE('',#5377,#5378);
#5377 = CARTESIAN_POINT('',(-11.89794921875,3.3076171875,6.45));
#5378 = VECTOR('',#5379,1.);
#5379 = DIRECTION('',(-1.,0.,0.));
#5380 = PCURVE('',#402,#5381);
#5381 = DEFINITIONAL_REPRESENTATION('',(#5382),#5386);
#5382 = LINE('',#5383,#5384);
#5383 = CARTESIAN_POINT('',(0.,-0.45));
#5384 = VECTOR('',#5385,1.);
#5385 = DIRECTION('',(1.,0.));
#5386 = ( GEOMETRIC_REPRESENTATION_CONTEXT(2) 
PARAMETRIC_REPRESENTATION_CONTEXT() REPRESENTATION_CONTEXT('2D SPACE',''
  ) );
#5387 = PCURVE('',#5388,#5393);
#5388 = PLANE('',#5389);
#5389 = AXIS2_PLACEMENT_3D('',#5390,#5391,#5392);
#5390 = CARTESIAN_POINT('',(-12.31787109375,3.3076171875,6.45));
#5391 = DIRECTION('',(0.,0.,1.));
#5392 = DIRECTION('',(1.,0.,0.));
#5393 = DEFINITIONAL_REPRESENTATION('',(#5394),#5398);
#5394 = LINE('',#5395,#5396);
#5395 = CARTESIAN_POINT('',(0.419921875,0.));
#5396 = VECTOR('',#5397,1.);
#5397 = DIRECTION('',(-1.,0.));
#5398 = ( GEOMETRIC_REPRESENTATION_CONTEXT(2) 
PARAMETRIC_REPRESENTATION_CONTEXT() REPRESENTATION_CONTEXT('2D SPACE',''
  ) );
#5399 = ORIENTED_EDGE('',*,*,#5400,.F.);
#5400 = EDGE_CURVE('',#387,#5373,#5401,.T.);
#5401 = SURFACE_CURVE('',#5402,(#5406,#5413),.PCURVE_S1.);
#5402 = LINE('',#5403,#5404);
#5403 = CARTESIAN_POINT('',(-12.10400390625,3.3076171875,6.));
#5404 = VECTOR('',#5405,1.);
#5405 = DIRECTION('',(0.,0.,1.));
#5406 = PCURVE('',#402,#5407);
#5407 = DEFINITIONAL_REPRESENTATION('',(#5408),#5412);
#5408 = LINE('',#5409,#5410);
#5409 = CARTESIAN_POINT('',(0.2060546875,0.));
#5410 = VECTOR('',#5411,1.);
#5411 = DIRECTION('',(0.,-1.));
#5412 = ( GEOMETRIC_REPRESENTATION_CONTEXT(2) 
PARAMETRIC_REPRESENTATION_CONTEXT() REPRESENTATION_CONTEXT('2D SPACE',''
  ) );
#5413 = PCURVE('',#430,#5414);
#5414 = DEFINITIONAL_REPRESENTATION('',(#5415),#5419);
#5415 = LINE('',#5416,#5417);
#5416 = CARTESIAN_POINT('',(0.,0.));
#5417 = VECTOR('',#5418,1.);
#5418 = DIRECTION('',(0.,-1.));
#5419 = ( GEOMETRIC_REPRESENTATION_CONTEXT(2) 
PARAMETRIC_REPRESENTATION_CONTEXT() REPRESENTATION_CONTEXT('2D SPACE',''
  ) );
#5420 = ORIENTED_EDGE('',*,*,#384,.F.);
#5421 = ADVANCED_FACE('',(#5422),#484,.T.);
#5422 = FACE_BOUND('',#5423,.T.);
#5423 = EDGE_LOOP('',(#5424,#5447,#5468,#5469));
#5424 = ORIENTED_EDGE('',*,*,#5425,.T.);
#5425 = EDGE_CURVE('',#443,#5426,#5428,.T.);
#5426 = VERTEX_POINT('',#5427);
#5427 = CARTESIAN_POINT('',(-11.89794921875,3.5556640625,6.45));
#5428 = SURFACE_CURVE('',#5429,(#5433,#5440),.PCURVE_S1.);
#5429 = LINE('',#5430,#5431);
#5430 = CARTESIAN_POINT('',(-11.89794921875,3.5556640625,6.));
#5431 = VECTOR('',#5432,1.);
#5432 = DIRECTION('',(0.,0.,1.));
#5433 = PCURVE('',#484,#5434);
#5434 = DEFINITIONAL_REPRESENTATION('',(#5435),#5439);
#5435 = LINE('',#5436,#5437);
#5436 = CARTESIAN_POINT('',(0.,0.));
#5437 = VECTOR('',#5438,1.);
#5438 = DIRECTION('',(0.,-1.));
#5439 = ( GEOMETRIC_REPRESENTATION_CONTEXT(2) 
PARAMETRIC_REPRESENTATION_CONTEXT() REPRESENTATION_CONTEXT('2D SPACE',''
  ) );
#5440 = PCURVE('',#458,#5441);
#5441 = DEFINITIONAL_REPRESENTATION('',(#5442),#5446);
#5442 = LINE('',#5443,#5444);
#5443 = CARTESIAN_POINT('',(0.2060546875,0.));
#5444 = VECTOR('',#5445,1.);
#5445 = DIRECTION('',(0.,-1.));
#5446 = ( GEOMETRIC_REPRESENTATION_CONTEXT(2) 
PARAMETRIC_REPRESENTATION_CONTEXT() REPRESENTATION_CONTEXT('2D SPACE',''
  ) );
#5447 = ORIENTED_EDGE('',*,*,#5448,.T.);
#5448 = EDGE_CURVE('',#5426,#5350,#5449,.T.);
#5449 = SURFACE_CURVE('',#5450,(#5454,#5461),.PCURVE_S1.);
#5450 = LINE('',#5451,#5452);
#5451 = CARTESIAN_POINT('',(-11.89794921875,3.5556640625,6.45));
#5452 = VECTOR('',#5453,1.);
#5453 = DIRECTION('',(0.,-1.,0.));
#5454 = PCURVE('',#484,#5455);
#5455 = DEFINITIONAL_REPRESENTATION('',(#5456),#5460);
#5456 = LINE('',#5457,#5458);
#5457 = CARTESIAN_POINT('',(0.,-0.45));
#5458 = VECTOR('',#5459,1.);
#5459 = DIRECTION('',(1.,0.));
#5460 = ( GEOMETRIC_REPRESENTATION_CONTEXT(2) 
PARAMETRIC_REPRESENTATION_CONTEXT() REPRESENTATION_CONTEXT('2D SPACE',''
  ) );
#5461 = PCURVE('',#5388,#5462);
#5462 = DEFINITIONAL_REPRESENTATION('',(#5463),#5467);
#5463 = LINE('',#5464,#5465);
#5464 = CARTESIAN_POINT('',(0.419921875,0.248046875));
#5465 = VECTOR('',#5466,1.);
#5466 = DIRECTION('',(0.,-1.));
#5467 = ( GEOMETRIC_REPRESENTATION_CONTEXT(2) 
PARAMETRIC_REPRESENTATION_CONTEXT() REPRESENTATION_CONTEXT('2D SPACE',''
  ) );
#5468 = ORIENTED_EDGE('',*,*,#5349,.F.);
#5469 = ORIENTED_EDGE('',*,*,#470,.F.);
#5470 = ADVANCED_FACE('',(#5471),#430,.T.);
#5471 = FACE_BOUND('',#5472,.T.);
#5472 = EDGE_LOOP('',(#5473,#5474,#5497,#5518));
#5473 = ORIENTED_EDGE('',*,*,#5400,.T.);
#5474 = ORIENTED_EDGE('',*,*,#5475,.T.);
#5475 = EDGE_CURVE('',#5373,#5476,#5478,.T.);
#5476 = VERTEX_POINT('',#5477);
#5477 = CARTESIAN_POINT('',(-12.10400390625,3.5556640625,6.45));
#5478 = SURFACE_CURVE('',#5479,(#5483,#5490),.PCURVE_S1.);
#5479 = LINE('',#5480,#5481);
#5480 = CARTESIAN_POINT('',(-12.10400390625,3.3076171875,6.45));
#5481 = VECTOR('',#5482,1.);
#5482 = DIRECTION('',(0.,1.,0.));
#5483 = PCURVE('',#430,#5484);
#5484 = DEFINITIONAL_REPRESENTATION('',(#5485),#5489);
#5485 = LINE('',#5486,#5487);
#5486 = CARTESIAN_POINT('',(0.,-0.45));
#5487 = VECTOR('',#5488,1.);
#5488 = DIRECTION('',(1.,0.));
#5489 = ( GEOMETRIC_REPRESENTATION_CONTEXT(2) 
PARAMETRIC_REPRESENTATION_CONTEXT() REPRESENTATION_CONTEXT('2D SPACE',''
  ) );
#5490 = PCURVE('',#5388,#5491);
#5491 = DEFINITIONAL_REPRESENTATION('',(#5492),#5496);
#5492 = LINE('',#5493,#5494);
#5493 = CARTESIAN_POINT('',(0.2138671875,0.));
#5494 = VECTOR('',#5495,1.);
#5495 = DIRECTION('',(0.,1.));
#5496 = ( GEOMETRIC_REPRESENTATION_CONTEXT(2) 
PARAMETRIC_REPRESENTATION_CONTEXT() REPRESENTATION_CONTEXT('2D SPACE',''
  ) );
#5497 = ORIENTED_EDGE('',*,*,#5498,.F.);
#5498 = EDGE_CURVE('',#415,#5476,#5499,.T.);
#5499 = SURFACE_CURVE('',#5500,(#5504,#5511),.PCURVE_S1.);
#5500 = LINE('',#5501,#5502);
#5501 = CARTESIAN_POINT('',(-12.10400390625,3.5556640625,6.));
#5502 = VECTOR('',#5503,1.);
#5503 = DIRECTION('',(0.,0.,1.));
#5504 = PCURVE('',#430,#5505);
#5505 = DEFINITIONAL_REPRESENTATION('',(#5506),#5510);
#5506 = LINE('',#5507,#5508);
#5507 = CARTESIAN_POINT('',(0.248046875,0.));
#5508 = VECTOR('',#5509,1.);
#5509 = DIRECTION('',(0.,-1.));
#5510 = ( GEOMETRIC_REPRESENTATION_CONTEXT(2) 
PARAMETRIC_REPRESENTATION_CONTEXT() REPRESENTATION_CONTEXT('2D SPACE',''
  ) );
#5511 = PCURVE('',#458,#5512);
#5512 = DEFINITIONAL_REPRESENTATION('',(#5513),#5517);
#5513 = LINE('',#5514,#5515);
#5514 = CARTESIAN_POINT('',(0.,0.));
#5515 = VECTOR('',#5516,1.);
#5516 = DIRECTION('',(0.,-1.));
#5517 = ( GEOMETRIC_REPRESENTATION_CONTEXT(2) 
PARAMETRIC_REPRESENTATION_CONTEXT() REPRESENTATION_CONTEXT('2D SPACE',''
  ) );
#5518 = ORIENTED_EDGE('',*,*,#414,.F.);
#5519 = ADVANCED_FACE('',(#5520),#458,.T.);
#5520 = FACE_BOUND('',#5521,.T.);
#5521 = EDGE_LOOP('',(#5522,#5523,#5544,#5545));
#5522 = ORIENTED_EDGE('',*,*,#5498,.T.);
#5523 = ORIENTED_EDGE('',*,*,#5524,.T.);
#5524 = EDGE_CURVE('',#5476,#5426,#5525,.T.);
#5525 = SURFACE_CURVE('',#5526,(#5530,#5537),.PCURVE_S1.);
#5526 = LINE('',#5527,#5528);
#5527 = CARTESIAN_POINT('',(-12.10400390625,3.5556640625,6.45));
#5528 = VECTOR('',#5529,1.);
#5529 = DIRECTION('',(1.,0.,0.));
#5530 = PCURVE('',#458,#5531);
#5531 = DEFINITIONAL_REPRESENTATION('',(#5532),#5536);
#5532 = LINE('',#5533,#5534);
#5533 = CARTESIAN_POINT('',(0.,-0.45));
#5534 = VECTOR('',#5535,1.);
#5535 = DIRECTION('',(1.,0.));
#5536 = ( GEOMETRIC_REPRESENTATION_CONTEXT(2) 
PARAMETRIC_REPRESENTATION_CONTEXT() REPRESENTATION_CONTEXT('2D SPACE',''
  ) );
#5537 = PCURVE('',#5388,#5538);
#5538 = DEFINITIONAL_REPRESENTATION('',(#5539),#5543);
#5539 = LINE('',#5540,#5541);
#5540 = CARTESIAN_POINT('',(0.2138671875,0.248046875));
#5541 = VECTOR('',#5542,1.);
#5542 = DIRECTION('',(1.,0.));
#5543 = ( GEOMETRIC_REPRESENTATION_CONTEXT(2) 
PARAMETRIC_REPRESENTATION_CONTEXT() REPRESENTATION_CONTEXT('2D SPACE',''
  ) );
#5544 = ORIENTED_EDGE('',*,*,#5425,.F.);
#5545 = ORIENTED_EDGE('',*,*,#442,.F.);
#5546 = ADVANCED_FACE('',(#5547),#516,.T.);
#5547 = FACE_BOUND('',#5548,.T.);
#5548 = EDGE_LOOP('',(#5549,#5572,#5600,#5621));
#5549 = ORIENTED_EDGE('',*,*,#5550,.T.);
#5550 = EDGE_CURVE('',#499,#5551,#5553,.T.);
#5551 = VERTEX_POINT('',#5552);
#5552 = CARTESIAN_POINT('',(-12.58154296875,4.20947265625,6.45));
#5553 = SURFACE_CURVE('',#5554,(#5558,#5565),.PCURVE_S1.);
#5554 = LINE('',#5555,#5556);
#5555 = CARTESIAN_POINT('',(-12.58154296875,4.20947265625,6.));
#5556 = VECTOR('',#5557,1.);
#5557 = DIRECTION('',(0.,0.,1.));
#5558 = PCURVE('',#516,#5559);
#5559 = DEFINITIONAL_REPRESENTATION('',(#5560),#5564);
#5560 = LINE('',#5561,#5562);
#5561 = CARTESIAN_POINT('',(0.,0.));
#5562 = VECTOR('',#5563,1.);
#5563 = DIRECTION('',(0.,-1.));
#5564 = ( GEOMETRIC_REPRESENTATION_CONTEXT(2) 
PARAMETRIC_REPRESENTATION_CONTEXT() REPRESENTATION_CONTEXT('2D SPACE',''
  ) );
#5565 = PCURVE('',#1344,#5566);
#5566 = DEFINITIONAL_REPRESENTATION('',(#5567),#5571);
#5567 = LINE('',#5568,#5569);
#5568 = CARTESIAN_POINT('',(1.,0.));
#5569 = VECTOR('',#5570,1.);
#5570 = DIRECTION('',(0.,-1.));
#5571 = ( GEOMETRIC_REPRESENTATION_CONTEXT(2) 
PARAMETRIC_REPRESENTATION_CONTEXT() REPRESENTATION_CONTEXT('2D SPACE',''
  ) );
#5572 = ORIENTED_EDGE('',*,*,#5573,.T.);
#5573 = EDGE_CURVE('',#5551,#5574,#5576,.T.);
#5574 = VERTEX_POINT('',#5575);
#5575 = CARTESIAN_POINT('',(-12.77880859375,4.09375,6.45));
#5576 = SURFACE_CURVE('',#5577,(#5581,#5588),.PCURVE_S1.);
#5577 = B_SPLINE_CURVE_WITH_KNOTS('',2,(#5578,#5579,#5580),
  .UNSPECIFIED.,.F.,.F.,(3,3),(0.,1.),.PIECEWISE_BEZIER_KNOTS.);
#5578 = CARTESIAN_POINT('',(-12.58154296875,4.20947265625,6.45));
#5579 = CARTESIAN_POINT('',(-12.65087890625,4.1259765625,6.45));
#5580 = CARTESIAN_POINT('',(-12.77880859375,4.09375,6.45));
#5581 = PCURVE('',#516,#5582);
#5582 = DEFINITIONAL_REPRESENTATION('',(#5583),#5587);
#5583 = LINE('',#5584,#5585);
#5584 = CARTESIAN_POINT('',(0.,-0.45));
#5585 = VECTOR('',#5586,1.);
#5586 = DIRECTION('',(1.,0.));
#5587 = ( GEOMETRIC_REPRESENTATION_CONTEXT(2) 
PARAMETRIC_REPRESENTATION_CONTEXT() REPRESENTATION_CONTEXT('2D SPACE',''
  ) );
#5588 = PCURVE('',#5589,#5594);
#5589 = PLANE('',#5590);
#5590 = AXIS2_PLACEMENT_3D('',#5591,#5592,#5593);
#5591 = CARTESIAN_POINT('',(-13.59033203125,3.3076171875,6.45));
#5592 = DIRECTION('',(0.,0.,1.));
#5593 = DIRECTION('',(1.,0.,0.));
#5594 = DEFINITIONAL_REPRESENTATION('',(#5595),#5599);
#5595 = B_SPLINE_CURVE_WITH_KNOTS('',2,(#5596,#5597,#5598),
  .UNSPECIFIED.,.F.,.F.,(3,3),(0.,1.),.PIECEWISE_BEZIER_KNOTS.);
#5596 = CARTESIAN_POINT('',(1.0087890625,0.90185546875));
#5597 = CARTESIAN_POINT('',(0.939453125,0.818359375));
#5598 = CARTESIAN_POINT('',(0.8115234375,0.7861328125));
#5599 = ( GEOMETRIC_REPRESENTATION_CONTEXT(2) 
PARAMETRIC_REPRESENTATION_CONTEXT() REPRESENTATION_CONTEXT('2D SPACE',''
  ) );
#5600 = ORIENTED_EDGE('',*,*,#5601,.F.);
#5601 = EDGE_CURVE('',#501,#5574,#5602,.T.);
#5602 = SURFACE_CURVE('',#5603,(#5607,#5614),.PCURVE_S1.);
#5603 = LINE('',#5604,#5605);
#5604 = CARTESIAN_POINT('',(-12.77880859375,4.09375,6.));
#5605 = VECTOR('',#5606,1.);
#5606 = DIRECTION('',(0.,0.,1.));
#5607 = PCURVE('',#516,#5608);
#5608 = DEFINITIONAL_REPRESENTATION('',(#5609),#5613);
#5609 = LINE('',#5610,#5611);
#5610 = CARTESIAN_POINT('',(1.,0.));
#5611 = VECTOR('',#5612,1.);
#5612 = DIRECTION('',(0.,-1.));
#5613 = ( GEOMETRIC_REPRESENTATION_CONTEXT(2) 
PARAMETRIC_REPRESENTATION_CONTEXT() REPRESENTATION_CONTEXT('2D SPACE',''
  ) );
#5614 = PCURVE('',#546,#5615);
#5615 = DEFINITIONAL_REPRESENTATION('',(#5616),#5620);
#5616 = LINE('',#5617,#5618);
#5617 = CARTESIAN_POINT('',(0.,0.));
#5618 = VECTOR('',#5619,1.);
#5619 = DIRECTION('',(0.,-1.));
#5620 = ( GEOMETRIC_REPRESENTATION_CONTEXT(2) 
PARAMETRIC_REPRESENTATION_CONTEXT() REPRESENTATION_CONTEXT('2D SPACE',''
  ) );
#5621 = ORIENTED_EDGE('',*,*,#498,.F.);
#5622 = ADVANCED_FACE('',(#5623),#1344,.T.);
#5623 = FACE_BOUND('',#5624,.T.);
#5624 = EDGE_LOOP('',(#5625,#5648,#5669,#5670));
#5625 = ORIENTED_EDGE('',*,*,#5626,.T.);
#5626 = EDGE_CURVE('',#1301,#5627,#5629,.T.);
#5627 = VERTEX_POINT('',#5628);
#5628 = CARTESIAN_POINT('',(-12.51220703125,4.4140625,6.45));
#5629 = SURFACE_CURVE('',#5630,(#5634,#5641),.PCURVE_S1.);
#5630 = LINE('',#5631,#5632);
#5631 = CARTESIAN_POINT('',(-12.51220703125,4.4140625,6.));
#5632 = VECTOR('',#5633,1.);
#5633 = DIRECTION('',(0.,0.,1.));
#5634 = PCURVE('',#1344,#5635);
#5635 = DEFINITIONAL_REPRESENTATION('',(#5636),#5640);
#5636 = LINE('',#5637,#5638);
#5637 = CARTESIAN_POINT('',(0.,0.));
#5638 = VECTOR('',#5639,1.);
#5639 = DIRECTION('',(0.,-1.));
#5640 = ( GEOMETRIC_REPRESENTATION_CONTEXT(2) 
PARAMETRIC_REPRESENTATION_CONTEXT() REPRESENTATION_CONTEXT('2D SPACE',''
  ) );
#5641 = PCURVE('',#1316,#5642);
#5642 = DEFINITIONAL_REPRESENTATION('',(#5643),#5647);
#5643 = LINE('',#5644,#5645);
#5644 = CARTESIAN_POINT('',(1.,0.));
#5645 = VECTOR('',#5646,1.);
#5646 = DIRECTION('',(0.,-1.));
#5647 = ( GEOMETRIC_REPRESENTATION_CONTEXT(2) 
PARAMETRIC_REPRESENTATION_CONTEXT() REPRESENTATION_CONTEXT('2D SPACE',''
  ) );
#5648 = ORIENTED_EDGE('',*,*,#5649,.T.);
#5649 = EDGE_CURVE('',#5627,#5551,#5650,.T.);
#5650 = SURFACE_CURVE('',#5651,(#5655,#5662),.PCURVE_S1.);
#5651 = B_SPLINE_CURVE_WITH_KNOTS('',2,(#5652,#5653,#5654),
  .UNSPECIFIED.,.F.,.F.,(3,3),(0.,1.),.PIECEWISE_BEZIER_KNOTS.);
#5652 = CARTESIAN_POINT('',(-12.51220703125,4.4140625,6.45));
#5653 = CARTESIAN_POINT('',(-12.51220703125,4.29296875,6.45));
#5654 = CARTESIAN_POINT('',(-12.58154296875,4.20947265625,6.45));
#5655 = PCURVE('',#1344,#5656);
#5656 = DEFINITIONAL_REPRESENTATION('',(#5657),#5661);
#5657 = LINE('',#5658,#5659);
#5658 = CARTESIAN_POINT('',(0.,-0.45));
#5659 = VECTOR('',#5660,1.);
#5660 = DIRECTION('',(1.,0.));
#5661 = ( GEOMETRIC_REPRESENTATION_CONTEXT(2) 
PARAMETRIC_REPRESENTATION_CONTEXT() REPRESENTATION_CONTEXT('2D SPACE',''
  ) );
#5662 = PCURVE('',#5589,#5663);
#5663 = DEFINITIONAL_REPRESENTATION('',(#5664),#5668);
#5664 = B_SPLINE_CURVE_WITH_KNOTS('',2,(#5665,#5666,#5667),
  .UNSPECIFIED.,.F.,.F.,(3,3),(0.,1.),.PIECEWISE_BEZIER_KNOTS.);
#5665 = CARTESIAN_POINT('',(1.078125,1.1064453125));
#5666 = CARTESIAN_POINT('',(1.078125,0.9853515625));
#5667 = CARTESIAN_POINT('',(1.0087890625,0.90185546875));
#5668 = ( GEOMETRIC_REPRESENTATION_CONTEXT(2) 
PARAMETRIC_REPRESENTATION_CONTEXT() REPRESENTATION_CONTEXT('2D SPACE',''
  ) );
#5669 = ORIENTED_EDGE('',*,*,#5550,.F.);
#5670 = ORIENTED_EDGE('',*,*,#1330,.F.);
#5671 = ADVANCED_FACE('',(#5672),#546,.T.);
#5672 = FACE_BOUND('',#5673,.T.);
#5673 = EDGE_LOOP('',(#5674,#5675,#5698,#5719));
#5674 = ORIENTED_EDGE('',*,*,#5601,.T.);
#5675 = ORIENTED_EDGE('',*,*,#5676,.T.);
#5676 = EDGE_CURVE('',#5574,#5677,#5679,.T.);
#5677 = VERTEX_POINT('',#5678);
#5678 = CARTESIAN_POINT('',(-12.5576171875,3.9677734375,6.45));
#5679 = SURFACE_CURVE('',#5680,(#5684,#5691),.PCURVE_S1.);
#5680 = B_SPLINE_CURVE_WITH_KNOTS('',2,(#5681,#5682,#5683),
  .UNSPECIFIED.,.F.,.F.,(3,3),(0.,1.),.PIECEWISE_BEZIER_KNOTS.);
#5681 = CARTESIAN_POINT('',(-12.77880859375,4.09375,6.45));
#5682 = CARTESIAN_POINT('',(-12.63720703125,4.0634765625,6.45));
#5683 = CARTESIAN_POINT('',(-12.5576171875,3.9677734375,6.45));
#5684 = PCURVE('',#546,#5685);
#5685 = DEFINITIONAL_REPRESENTATION('',(#5686),#5690);
#5686 = LINE('',#5687,#5688);
#5687 = CARTESIAN_POINT('',(0.,-0.45));
#5688 = VECTOR('',#5689,1.);
#5689 = DIRECTION('',(1.,0.));
#5690 = ( GEOMETRIC_REPRESENTATION_CONTEXT(2) 
PARAMETRIC_REPRESENTATION_CONTEXT() REPRESENTATION_CONTEXT('2D SPACE',''
  ) );
#5691 = PCURVE('',#5589,#5692);
#5692 = DEFINITIONAL_REPRESENTATION('',(#5693),#5697);
#5693 = B_SPLINE_CURVE_WITH_KNOTS('',2,(#5694,#5695,#5696),
  .UNSPECIFIED.,.F.,.F.,(3,3),(0.,1.),.PIECEWISE_BEZIER_KNOTS.);
#5694 = CARTESIAN_POINT('',(0.8115234375,0.7861328125));
#5695 = CARTESIAN_POINT('',(0.953125,0.755859375));
#5696 = CARTESIAN_POINT('',(1.03271484375,0.66015625));
#5697 = ( GEOMETRIC_REPRESENTATION_CONTEXT(2) 
PARAMETRIC_REPRESENTATION_CONTEXT() REPRESENTATION_CONTEXT('2D SPACE',''
  ) );
#5698 = ORIENTED_EDGE('',*,*,#5699,.F.);
#5699 = EDGE_CURVE('',#531,#5677,#5700,.T.);
#5700 = SURFACE_CURVE('',#5701,(#5705,#5712),.PCURVE_S1.);
#5701 = LINE('',#5702,#5703);
#5702 = CARTESIAN_POINT('',(-12.5576171875,3.9677734375,6.));
#5703 = VECTOR('',#5704,1.);
#5704 = DIRECTION('',(0.,0.,1.));
#5705 = PCURVE('',#546,#5706);
#5706 = DEFINITIONAL_REPRESENTATION('',(#5707),#5711);
#5707 = LINE('',#5708,#5709);
#5708 = CARTESIAN_POINT('',(1.,0.));
#5709 = VECTOR('',#5710,1.);
#5710 = DIRECTION('',(0.,-1.));
#5711 = ( GEOMETRIC_REPRESENTATION_CONTEXT(2) 
PARAMETRIC_REPRESENTATION_CONTEXT() REPRESENTATION_CONTEXT('2D SPACE',''
  ) );
#5712 = PCURVE('',#576,#5713);
#5713 = DEFINITIONAL_REPRESENTATION('',(#5714),#5718);
#5714 = LINE('',#5715,#5716);
#5715 = CARTESIAN_POINT('',(0.,0.));
#5716 = VECTOR('',#5717,1.);
#5717 = DIRECTION('',(0.,-1.));
#5718 = ( GEOMETRIC_REPRESENTATION_CONTEXT(2) 
PARAMETRIC_REPRESENTATION_CONTEXT() REPRESENTATION_CONTEXT('2D SPACE',''
  ) );
#5719 = ORIENTED_EDGE('',*,*,#530,.F.);
#5720 = ADVANCED_FACE('',(#5721),#1316,.T.);
#5721 = FACE_BOUND('',#5722,.T.);
#5722 = EDGE_LOOP('',(#5723,#5746,#5767,#5768));
#5723 = ORIENTED_EDGE('',*,*,#5724,.T.);
#5724 = EDGE_CURVE('',#1271,#5725,#5727,.T.);
#5725 = VERTEX_POINT('',#5726);
#5726 = CARTESIAN_POINT('',(-12.64306640625,4.68994140625,6.45));
#5727 = SURFACE_CURVE('',#5728,(#5732,#5739),.PCURVE_S1.);
#5728 = LINE('',#5729,#5730);
#5729 = CARTESIAN_POINT('',(-12.64306640625,4.68994140625,6.));
#5730 = VECTOR('',#5731,1.);
#5731 = DIRECTION('',(0.,0.,1.));
#5732 = PCURVE('',#1316,#5733);
#5733 = DEFINITIONAL_REPRESENTATION('',(#5734),#5738);
#5734 = LINE('',#5735,#5736);
#5735 = CARTESIAN_POINT('',(0.,0.));
#5736 = VECTOR('',#5737,1.);
#5737 = DIRECTION('',(0.,-1.));
#5738 = ( GEOMETRIC_REPRESENTATION_CONTEXT(2) 
PARAMETRIC_REPRESENTATION_CONTEXT() REPRESENTATION_CONTEXT('2D SPACE',''
  ) );
#5739 = PCURVE('',#1286,#5740);
#5740 = DEFINITIONAL_REPRESENTATION('',(#5741),#5745);
#5741 = LINE('',#5742,#5743);
#5742 = CARTESIAN_POINT('',(1.,0.));
#5743 = VECTOR('',#5744,1.);
#5744 = DIRECTION('',(0.,-1.));
#5745 = ( GEOMETRIC_REPRESENTATION_CONTEXT(2) 
PARAMETRIC_REPRESENTATION_CONTEXT() REPRESENTATION_CONTEXT('2D SPACE',''
  ) );
#5746 = ORIENTED_EDGE('',*,*,#5747,.T.);
#5747 = EDGE_CURVE('',#5725,#5627,#5748,.T.);
#5748 = SURFACE_CURVE('',#5749,(#5753,#5760),.PCURVE_S1.);
#5749 = B_SPLINE_CURVE_WITH_KNOTS('',2,(#5750,#5751,#5752),
  .UNSPECIFIED.,.F.,.F.,(3,3),(0.,1.),.PIECEWISE_BEZIER_KNOTS.);
#5750 = CARTESIAN_POINT('',(-12.64306640625,4.68994140625,6.45));
#5751 = CARTESIAN_POINT('',(-12.51220703125,4.587890625,6.45));
#5752 = CARTESIAN_POINT('',(-12.51220703125,4.4140625,6.45));
#5753 = PCURVE('',#1316,#5754);
#5754 = DEFINITIONAL_REPRESENTATION('',(#5755),#5759);
#5755 = LINE('',#5756,#5757);
#5756 = CARTESIAN_POINT('',(0.,-0.45));
#5757 = VECTOR('',#5758,1.);
#5758 = DIRECTION('',(1.,0.));
#5759 = ( GEOMETRIC_REPRESENTATION_CONTEXT(2) 
PARAMETRIC_REPRESENTATION_CONTEXT() REPRESENTATION_CONTEXT('2D SPACE',''
  ) );
#5760 = PCURVE('',#5589,#5761);
#5761 = DEFINITIONAL_REPRESENTATION('',(#5762),#5766);
#5762 = B_SPLINE_CURVE_WITH_KNOTS('',2,(#5763,#5764,#5765),
  .UNSPECIFIED.,.F.,.F.,(3,3),(0.,1.),.PIECEWISE_BEZIER_KNOTS.);
#5763 = CARTESIAN_POINT('',(0.947265625,1.38232421875));
#5764 = CARTESIAN_POINT('',(1.078125,1.2802734375));
#5765 = CARTESIAN_POINT('',(1.078125,1.1064453125));
#5766 = ( GEOMETRIC_REPRESENTATION_CONTEXT(2) 
PARAMETRIC_REPRESENTATION_CONTEXT() REPRESENTATION_CONTEXT('2D SPACE',''
  ) );
#5767 = ORIENTED_EDGE('',*,*,#5626,.F.);
#5768 = ORIENTED_EDGE('',*,*,#1300,.F.);
#5769 = ADVANCED_FACE('',(#5770),#576,.T.);
#5770 = FACE_BOUND('',#5771,.T.);
#5771 = EDGE_LOOP('',(#5772,#5773,#5796,#5817));
#5772 = ORIENTED_EDGE('',*,*,#5699,.T.);
#5773 = ORIENTED_EDGE('',*,*,#5774,.T.);
#5774 = EDGE_CURVE('',#5677,#5775,#5777,.T.);
#5775 = VERTEX_POINT('',#5776);
#5776 = CARTESIAN_POINT('',(-12.47802734375,3.7314453125,6.45));
#5777 = SURFACE_CURVE('',#5778,(#5782,#5789),.PCURVE_S1.);
#5778 = B_SPLINE_CURVE_WITH_KNOTS('',2,(#5779,#5780,#5781),
  .UNSPECIFIED.,.F.,.F.,(3,3),(0.,1.),.PIECEWISE_BEZIER_KNOTS.);
#5779 = CARTESIAN_POINT('',(-12.5576171875,3.9677734375,6.45));
#5780 = CARTESIAN_POINT('',(-12.47802734375,3.8720703125,6.45));
#5781 = CARTESIAN_POINT('',(-12.47802734375,3.7314453125,6.45));
#5782 = PCURVE('',#576,#5783);
#5783 = DEFINITIONAL_REPRESENTATION('',(#5784),#5788);
#5784 = LINE('',#5785,#5786);
#5785 = CARTESIAN_POINT('',(0.,-0.45));
#5786 = VECTOR('',#5787,1.);
#5787 = DIRECTION('',(1.,0.));
#5788 = ( GEOMETRIC_REPRESENTATION_CONTEXT(2) 
PARAMETRIC_REPRESENTATION_CONTEXT() REPRESENTATION_CONTEXT('2D SPACE',''
  ) );
#5789 = PCURVE('',#5589,#5790);
#5790 = DEFINITIONAL_REPRESENTATION('',(#5791),#5795);
#5791 = B_SPLINE_CURVE_WITH_KNOTS('',2,(#5792,#5793,#5794),
  .UNSPECIFIED.,.F.,.F.,(3,3),(0.,1.),.PIECEWISE_BEZIER_KNOTS.);
#5792 = CARTESIAN_POINT('',(1.03271484375,0.66015625));
#5793 = CARTESIAN_POINT('',(1.1123046875,0.564453125));
#5794 = CARTESIAN_POINT('',(1.1123046875,0.423828125));
#5795 = ( GEOMETRIC_REPRESENTATION_CONTEXT(2) 
PARAMETRIC_REPRESENTATION_CONTEXT() REPRESENTATION_CONTEXT('2D SPACE',''
  ) );
#5796 = ORIENTED_EDGE('',*,*,#5797,.F.);
#5797 = EDGE_CURVE('',#561,#5775,#5798,.T.);
#5798 = SURFACE_CURVE('',#5799,(#5803,#5810),.PCURVE_S1.);
#5799 = LINE('',#5800,#5801);
#5800 = CARTESIAN_POINT('',(-12.47802734375,3.7314453125,6.));
#5801 = VECTOR('',#5802,1.);
#5802 = DIRECTION('',(0.,0.,1.));
#5803 = PCURVE('',#576,#5804);
#5804 = DEFINITIONAL_REPRESENTATION('',(#5805),#5809);
#5805 = LINE('',#5806,#5807);
#5806 = CARTESIAN_POINT('',(1.,0.));
#5807 = VECTOR('',#5808,1.);
#5808 = DIRECTION('',(0.,-1.));
#5809 = ( GEOMETRIC_REPRESENTATION_CONTEXT(2) 
PARAMETRIC_REPRESENTATION_CONTEXT() REPRESENTATION_CONTEXT('2D SPACE',''
  ) );
#5810 = PCURVE('',#606,#5811);
#5811 = DEFINITIONAL_REPRESENTATION('',(#5812),#5816);
#5812 = LINE('',#5813,#5814);
#5813 = CARTESIAN_POINT('',(0.,0.));
#5814 = VECTOR('',#5815,1.);
#5815 = DIRECTION('',(0.,-1.));
#5816 = ( GEOMETRIC_REPRESENTATION_CONTEXT(2) 
PARAMETRIC_REPRESENTATION_CONTEXT() REPRESENTATION_CONTEXT('2D SPACE',''
  ) );
#5817 = ORIENTED_EDGE('',*,*,#560,.F.);
#5818 = ADVANCED_FACE('',(#5819),#1286,.T.);
#5819 = FACE_BOUND('',#5820,.T.);
#5820 = EDGE_LOOP('',(#5821,#5844,#5865,#5866));
#5821 = ORIENTED_EDGE('',*,*,#5822,.T.);
#5822 = EDGE_CURVE('',#1241,#5823,#5825,.T.);
#5823 = VERTEX_POINT('',#5824);
#5824 = CARTESIAN_POINT('',(-12.99853515625,4.7919921875,6.45));
#5825 = SURFACE_CURVE('',#5826,(#5830,#5837),.PCURVE_S1.);
#5826 = LINE('',#5827,#5828);
#5827 = CARTESIAN_POINT('',(-12.99853515625,4.7919921875,6.));
#5828 = VECTOR('',#5829,1.);
#5829 = DIRECTION('',(0.,0.,1.));
#5830 = PCURVE('',#1286,#5831);
#5831 = DEFINITIONAL_REPRESENTATION('',(#5832),#5836);
#5832 = LINE('',#5833,#5834);
#5833 = CARTESIAN_POINT('',(0.,0.));
#5834 = VECTOR('',#5835,1.);
#5835 = DIRECTION('',(0.,-1.));
#5836 = ( GEOMETRIC_REPRESENTATION_CONTEXT(2) 
PARAMETRIC_REPRESENTATION_CONTEXT() REPRESENTATION_CONTEXT('2D SPACE',''
  ) );
#5837 = PCURVE('',#1256,#5838);
#5838 = DEFINITIONAL_REPRESENTATION('',(#5839),#5843);
#5839 = LINE('',#5840,#5841);
#5840 = CARTESIAN_POINT('',(1.,0.));
#5841 = VECTOR('',#5842,1.);
#5842 = DIRECTION('',(0.,-1.));
#5843 = ( GEOMETRIC_REPRESENTATION_CONTEXT(2) 
PARAMETRIC_REPRESENTATION_CONTEXT() REPRESENTATION_CONTEXT('2D SPACE',''
  ) );
#5844 = ORIENTED_EDGE('',*,*,#5845,.T.);
#5845 = EDGE_CURVE('',#5823,#5725,#5846,.T.);
#5846 = SURFACE_CURVE('',#5847,(#5851,#5858),.PCURVE_S1.);
#5847 = B_SPLINE_CURVE_WITH_KNOTS('',2,(#5848,#5849,#5850),
  .UNSPECIFIED.,.F.,.F.,(3,3),(0.,1.),.PIECEWISE_BEZIER_KNOTS.);
#5848 = CARTESIAN_POINT('',(-12.99853515625,4.7919921875,6.45));
#5849 = CARTESIAN_POINT('',(-12.77392578125,4.7919921875,6.45));
#5850 = CARTESIAN_POINT('',(-12.64306640625,4.68994140625,6.45));
#5851 = PCURVE('',#1286,#5852);
#5852 = DEFINITIONAL_REPRESENTATION('',(#5853),#5857);
#5853 = LINE('',#5854,#5855);
#5854 = CARTESIAN_POINT('',(0.,-0.45));
#5855 = VECTOR('',#5856,1.);
#5856 = DIRECTION('',(1.,0.));
#5857 = ( GEOMETRIC_REPRESENTATION_CONTEXT(2) 
PARAMETRIC_REPRESENTATION_CONTEXT() REPRESENTATION_CONTEXT('2D SPACE',''
  ) );
#5858 = PCURVE('',#5589,#5859);
#5859 = DEFINITIONAL_REPRESENTATION('',(#5860),#5864);
#5860 = B_SPLINE_CURVE_WITH_KNOTS('',2,(#5861,#5862,#5863),
  .UNSPECIFIED.,.F.,.F.,(3,3),(0.,1.),.PIECEWISE_BEZIER_KNOTS.);
#5861 = CARTESIAN_POINT('',(0.591796875,1.484375));
#5862 = CARTESIAN_POINT('',(0.81640625,1.484375));
#5863 = CARTESIAN_POINT('',(0.947265625,1.38232421875));
#5864 = ( GEOMETRIC_REPRESENTATION_CONTEXT(2) 
PARAMETRIC_REPRESENTATION_CONTEXT() REPRESENTATION_CONTEXT('2D SPACE',''
  ) );
#5865 = ORIENTED_EDGE('',*,*,#5724,.F.);
#5866 = ORIENTED_EDGE('',*,*,#1270,.F.);
#5867 = ADVANCED_FACE('',(#5868),#606,.T.);
#5868 = FACE_BOUND('',#5869,.T.);
#5869 = EDGE_LOOP('',(#5870,#5871,#5894,#5915));
#5870 = ORIENTED_EDGE('',*,*,#5797,.T.);
#5871 = ORIENTED_EDGE('',*,*,#5872,.T.);
#5872 = EDGE_CURVE('',#5775,#5873,#5875,.T.);
#5873 = VERTEX_POINT('',#5874);
#5874 = CARTESIAN_POINT('',(-12.62646484375,3.3974609375,6.45));
#5875 = SURFACE_CURVE('',#5876,(#5880,#5887),.PCURVE_S1.);
#5876 = B_SPLINE_CURVE_WITH_KNOTS('',2,(#5877,#5878,#5879),
  .UNSPECIFIED.,.F.,.F.,(3,3),(0.,1.),.PIECEWISE_BEZIER_KNOTS.);
#5877 = CARTESIAN_POINT('',(-12.47802734375,3.7314453125,6.45));
#5878 = CARTESIAN_POINT('',(-12.47802734375,3.515625,6.45));
#5879 = CARTESIAN_POINT('',(-12.62646484375,3.3974609375,6.45));
#5880 = PCURVE('',#606,#5881);
#5881 = DEFINITIONAL_REPRESENTATION('',(#5882),#5886);
#5882 = LINE('',#5883,#5884);
#5883 = CARTESIAN_POINT('',(0.,-0.45));
#5884 = VECTOR('',#5885,1.);
#5885 = DIRECTION('',(1.,0.));
#5886 = ( GEOMETRIC_REPRESENTATION_CONTEXT(2) 
PARAMETRIC_REPRESENTATION_CONTEXT() REPRESENTATION_CONTEXT('2D SPACE',''
  ) );
#5887 = PCURVE('',#5589,#5888);
#5888 = DEFINITIONAL_REPRESENTATION('',(#5889),#5893);
#5889 = B_SPLINE_CURVE_WITH_KNOTS('',2,(#5890,#5891,#5892),
  .UNSPECIFIED.,.F.,.F.,(3,3),(0.,1.),.PIECEWISE_BEZIER_KNOTS.);
#5890 = CARTESIAN_POINT('',(1.1123046875,0.423828125));
#5891 = CARTESIAN_POINT('',(1.1123046875,0.2080078125));
#5892 = CARTESIAN_POINT('',(0.9638671875,8.984375E-02));
#5893 = ( GEOMETRIC_REPRESENTATION_CONTEXT(2) 
PARAMETRIC_REPRESENTATION_CONTEXT() REPRESENTATION_CONTEXT('2D SPACE',''
  ) );
#5894 = ORIENTED_EDGE('',*,*,#5895,.F.);
#5895 = EDGE_CURVE('',#591,#5873,#5896,.T.);
#5896 = SURFACE_CURVE('',#5897,(#5901,#5908),.PCURVE_S1.);
#5897 = LINE('',#5898,#5899);
#5898 = CARTESIAN_POINT('',(-12.62646484375,3.3974609375,6.));
#5899 = VECTOR('',#5900,1.);
#5900 = DIRECTION('',(0.,0.,1.));
#5901 = PCURVE('',#606,#5902);
#5902 = DEFINITIONAL_REPRESENTATION('',(#5903),#5907);
#5903 = LINE('',#5904,#5905);
#5904 = CARTESIAN_POINT('',(1.,0.));
#5905 = VECTOR('',#5906,1.);
#5906 = DIRECTION('',(0.,-1.));
#5907 = ( GEOMETRIC_REPRESENTATION_CONTEXT(2) 
PARAMETRIC_REPRESENTATION_CONTEXT() REPRESENTATION_CONTEXT('2D SPACE',''
  ) );
#5908 = PCURVE('',#636,#5909);
#5909 = DEFINITIONAL_REPRESENTATION('',(#5910),#5914);
#5910 = LINE('',#5911,#5912);
#5911 = CARTESIAN_POINT('',(0.,0.));
#5912 = VECTOR('',#5913,1.);
#5913 = DIRECTION('',(0.,-1.));
#5914 = ( GEOMETRIC_REPRESENTATION_CONTEXT(2) 
PARAMETRIC_REPRESENTATION_CONTEXT() REPRESENTATION_CONTEXT('2D SPACE',''
  ) );
#5915 = ORIENTED_EDGE('',*,*,#590,.F.);
#5916 = ADVANCED_FACE('',(#5917),#1256,.T.);
#5917 = FACE_BOUND('',#5918,.T.);
#5918 = EDGE_LOOP('',(#5919,#5942,#5963,#5964));
#5919 = ORIENTED_EDGE('',*,*,#5920,.T.);
#5920 = EDGE_CURVE('',#1211,#5921,#5923,.T.);
#5921 = VERTEX_POINT('',#5922);
#5922 = CARTESIAN_POINT('',(-13.18359375,4.7763671875,6.45));
#5923 = SURFACE_CURVE('',#5924,(#5928,#5935),.PCURVE_S1.);
#5924 = LINE('',#5925,#5926);
#5925 = CARTESIAN_POINT('',(-13.18359375,4.7763671875,6.));
#5926 = VECTOR('',#5927,1.);
#5927 = DIRECTION('',(0.,0.,1.));
#5928 = PCURVE('',#1256,#5929);
#5929 = DEFINITIONAL_REPRESENTATION('',(#5930),#5934);
#5930 = LINE('',#5931,#5932);
#5931 = CARTESIAN_POINT('',(0.,0.));
#5932 = VECTOR('',#5933,1.);
#5933 = DIRECTION('',(0.,-1.));
#5934 = ( GEOMETRIC_REPRESENTATION_CONTEXT(2) 
PARAMETRIC_REPRESENTATION_CONTEXT() REPRESENTATION_CONTEXT('2D SPACE',''
  ) );
#5935 = PCURVE('',#1226,#5936);
#5936 = DEFINITIONAL_REPRESENTATION('',(#5937),#5941);
#5937 = LINE('',#5938,#5939);
#5938 = CARTESIAN_POINT('',(1.,0.));
#5939 = VECTOR('',#5940,1.);
#5940 = DIRECTION('',(0.,-1.));
#5941 = ( GEOMETRIC_REPRESENTATION_CONTEXT(2) 
PARAMETRIC_REPRESENTATION_CONTEXT() REPRESENTATION_CONTEXT('2D SPACE',''
  ) );
#5942 = ORIENTED_EDGE('',*,*,#5943,.T.);
#5943 = EDGE_CURVE('',#5921,#5823,#5944,.T.);
#5944 = SURFACE_CURVE('',#5945,(#5949,#5956),.PCURVE_S1.);
#5945 = B_SPLINE_CURVE_WITH_KNOTS('',2,(#5946,#5947,#5948),
  .UNSPECIFIED.,.F.,.F.,(3,3),(0.,1.),.PIECEWISE_BEZIER_KNOTS.);
#5946 = CARTESIAN_POINT('',(-13.18359375,4.7763671875,6.45));
#5947 = CARTESIAN_POINT('',(-13.08544921875,4.7919921875,6.45));
#5948 = CARTESIAN_POINT('',(-12.99853515625,4.7919921875,6.45));
#5949 = PCURVE('',#1256,#5950);
#5950 = DEFINITIONAL_REPRESENTATION('',(#5951),#5955);
#5951 = LINE('',#5952,#5953);
#5952 = CARTESIAN_POINT('',(0.,-0.45));
#5953 = VECTOR('',#5954,1.);
#5954 = DIRECTION('',(1.,0.));
#5955 = ( GEOMETRIC_REPRESENTATION_CONTEXT(2) 
PARAMETRIC_REPRESENTATION_CONTEXT() REPRESENTATION_CONTEXT('2D SPACE',''
  ) );
#5956 = PCURVE('',#5589,#5957);
#5957 = DEFINITIONAL_REPRESENTATION('',(#5958),#5962);
#5958 = B_SPLINE_CURVE_WITH_KNOTS('',2,(#5959,#5960,#5961),
  .UNSPECIFIED.,.F.,.F.,(3,3),(0.,1.),.PIECEWISE_BEZIER_KNOTS.);
#5959 = CARTESIAN_POINT('',(0.40673828125,1.46875));
#5960 = CARTESIAN_POINT('',(0.5048828125,1.484375));
#5961 = CARTESIAN_POINT('',(0.591796875,1.484375));
#5962 = ( GEOMETRIC_REPRESENTATION_CONTEXT(2) 
PARAMETRIC_REPRESENTATION_CONTEXT() REPRESENTATION_CONTEXT('2D SPACE',''
  ) );
#5963 = ORIENTED_EDGE('',*,*,#5822,.F.);
#5964 = ORIENTED_EDGE('',*,*,#1240,.F.);
#5965 = ADVANCED_FACE('',(#5966),#636,.T.);
#5966 = FACE_BOUND('',#5967,.T.);
#5967 = EDGE_LOOP('',(#5968,#5969,#5992,#6013));
#5968 = ORIENTED_EDGE('',*,*,#5895,.T.);
#5969 = ORIENTED_EDGE('',*,*,#5970,.T.);
#5970 = EDGE_CURVE('',#5873,#5971,#5973,.T.);
#5971 = VERTEX_POINT('',#5972);
#5972 = CARTESIAN_POINT('',(-13.04833984375,3.279296875,6.45));
#5973 = SURFACE_CURVE('',#5974,(#5978,#5985),.PCURVE_S1.);
#5974 = B_SPLINE_CURVE_WITH_KNOTS('',2,(#5975,#5976,#5977),
  .UNSPECIFIED.,.F.,.F.,(3,3),(0.,1.),.PIECEWISE_BEZIER_KNOTS.);
#5975 = CARTESIAN_POINT('',(-12.62646484375,3.3974609375,6.45));
#5976 = CARTESIAN_POINT('',(-12.77490234375,3.279296875,6.45));
#5977 = CARTESIAN_POINT('',(-13.04833984375,3.279296875,6.45));
#5978 = PCURVE('',#636,#5979);
#5979 = DEFINITIONAL_REPRESENTATION('',(#5980),#5984);
#5980 = LINE('',#5981,#5982);
#5981 = CARTESIAN_POINT('',(0.,-0.45));
#5982 = VECTOR('',#5983,1.);
#5983 = DIRECTION('',(1.,0.));
#5984 = ( GEOMETRIC_REPRESENTATION_CONTEXT(2) 
PARAMETRIC_REPRESENTATION_CONTEXT() REPRESENTATION_CONTEXT('2D SPACE',''
  ) );
#5985 = PCURVE('',#5589,#5986);
#5986 = DEFINITIONAL_REPRESENTATION('',(#5987),#5991);
#5987 = B_SPLINE_CURVE_WITH_KNOTS('',2,(#5988,#5989,#5990),
  .UNSPECIFIED.,.F.,.F.,(3,3),(0.,1.),.PIECEWISE_BEZIER_KNOTS.);
#5988 = CARTESIAN_POINT('',(0.9638671875,8.984375E-02));
#5989 = CARTESIAN_POINT('',(0.8154296875,-2.83203125E-02));
#5990 = CARTESIAN_POINT('',(0.5419921875,-2.83203125E-02));
#5991 = ( GEOMETRIC_REPRESENTATION_CONTEXT(2) 
PARAMETRIC_REPRESENTATION_CONTEXT() REPRESENTATION_CONTEXT('2D SPACE',''
  ) );
#5992 = ORIENTED_EDGE('',*,*,#5993,.F.);
#5993 = EDGE_CURVE('',#621,#5971,#5994,.T.);
#5994 = SURFACE_CURVE('',#5995,(#5999,#6006),.PCURVE_S1.);
#5995 = LINE('',#5996,#5997);
#5996 = CARTESIAN_POINT('',(-13.04833984375,3.279296875,6.));
#5997 = VECTOR('',#5998,1.);
#5998 = DIRECTION('',(0.,0.,1.));
#5999 = PCURVE('',#636,#6000);
#6000 = DEFINITIONAL_REPRESENTATION('',(#6001),#6005);
#6001 = LINE('',#6002,#6003);
#6002 = CARTESIAN_POINT('',(1.,0.));
#6003 = VECTOR('',#6004,1.);
#6004 = DIRECTION('',(0.,-1.));
#6005 = ( GEOMETRIC_REPRESENTATION_CONTEXT(2) 
PARAMETRIC_REPRESENTATION_CONTEXT() REPRESENTATION_CONTEXT('2D SPACE',''
  ) );
#6006 = PCURVE('',#666,#6007);
#6007 = DEFINITIONAL_REPRESENTATION('',(#6008),#6012);
#6008 = LINE('',#6009,#6010);
#6009 = CARTESIAN_POINT('',(0.,0.));
#6010 = VECTOR('',#6011,1.);
#6011 = DIRECTION('',(0.,-1.));
#6012 = ( GEOMETRIC_REPRESENTATION_CONTEXT(2) 
PARAMETRIC_REPRESENTATION_CONTEXT() REPRESENTATION_CONTEXT('2D SPACE',''
  ) );
#6013 = ORIENTED_EDGE('',*,*,#620,.F.);
#6014 = ADVANCED_FACE('',(#6015),#1226,.T.);
#6015 = FACE_BOUND('',#6016,.T.);
#6016 = EDGE_LOOP('',(#6017,#6040,#6061,#6062));
#6017 = ORIENTED_EDGE('',*,*,#6018,.T.);
#6018 = EDGE_CURVE('',#1183,#6019,#6021,.T.);
#6019 = VERTEX_POINT('',#6020);
#6020 = CARTESIAN_POINT('',(-13.39404296875,4.7294921875,6.45));
#6021 = SURFACE_CURVE('',#6022,(#6026,#6033),.PCURVE_S1.);
#6022 = LINE('',#6023,#6024);
#6023 = CARTESIAN_POINT('',(-13.39404296875,4.7294921875,6.));
#6024 = VECTOR('',#6025,1.);
#6025 = DIRECTION('',(0.,0.,1.));
#6026 = PCURVE('',#1226,#6027);
#6027 = DEFINITIONAL_REPRESENTATION('',(#6028),#6032);
#6028 = LINE('',#6029,#6030);
#6029 = CARTESIAN_POINT('',(0.,0.));
#6030 = VECTOR('',#6031,1.);
#6031 = DIRECTION('',(0.,-1.));
#6032 = ( GEOMETRIC_REPRESENTATION_CONTEXT(2) 
PARAMETRIC_REPRESENTATION_CONTEXT() REPRESENTATION_CONTEXT('2D SPACE',''
  ) );
#6033 = PCURVE('',#1198,#6034);
#6034 = DEFINITIONAL_REPRESENTATION('',(#6035),#6039);
#6035 = LINE('',#6036,#6037);
#6036 = CARTESIAN_POINT('',(0.17578125,0.));
#6037 = VECTOR('',#6038,1.);
#6038 = DIRECTION('',(0.,-1.));
#6039 = ( GEOMETRIC_REPRESENTATION_CONTEXT(2) 
PARAMETRIC_REPRESENTATION_CONTEXT() REPRESENTATION_CONTEXT('2D SPACE',''
  ) );
#6040 = ORIENTED_EDGE('',*,*,#6041,.T.);
#6041 = EDGE_CURVE('',#6019,#5921,#6042,.T.);
#6042 = SURFACE_CURVE('',#6043,(#6047,#6054),.PCURVE_S1.);
#6043 = B_SPLINE_CURVE_WITH_KNOTS('',2,(#6044,#6045,#6046),
  .UNSPECIFIED.,.F.,.F.,(3,3),(0.,1.),.PIECEWISE_BEZIER_KNOTS.);
#6044 = CARTESIAN_POINT('',(-13.39404296875,4.7294921875,6.45));
#6045 = CARTESIAN_POINT('',(-13.28173828125,4.7607421875,6.45));
#6046 = CARTESIAN_POINT('',(-13.18359375,4.7763671875,6.45));
#6047 = PCURVE('',#1226,#6048);
#6048 = DEFINITIONAL_REPRESENTATION('',(#6049),#6053);
#6049 = LINE('',#6050,#6051);
#6050 = CARTESIAN_POINT('',(0.,-0.45));
#6051 = VECTOR('',#6052,1.);
#6052 = DIRECTION('',(1.,0.));
#6053 = ( GEOMETRIC_REPRESENTATION_CONTEXT(2) 
PARAMETRIC_REPRESENTATION_CONTEXT() REPRESENTATION_CONTEXT('2D SPACE',''
  ) );
#6054 = PCURVE('',#5589,#6055);
#6055 = DEFINITIONAL_REPRESENTATION('',(#6056),#6060);
#6056 = B_SPLINE_CURVE_WITH_KNOTS('',2,(#6057,#6058,#6059),
  .UNSPECIFIED.,.F.,.F.,(3,3),(0.,1.),.PIECEWISE_BEZIER_KNOTS.);
#6057 = CARTESIAN_POINT('',(0.1962890625,1.421875));
#6058 = CARTESIAN_POINT('',(0.30859375,1.453125));
#6059 = CARTESIAN_POINT('',(0.40673828125,1.46875));
#6060 = ( GEOMETRIC_REPRESENTATION_CONTEXT(2) 
PARAMETRIC_REPRESENTATION_CONTEXT() REPRESENTATION_CONTEXT('2D SPACE',''
  ) );
#6061 = ORIENTED_EDGE('',*,*,#5920,.F.);
#6062 = ORIENTED_EDGE('',*,*,#1210,.F.);
#6063 = ADVANCED_FACE('',(#6064),#666,.T.);
#6064 = FACE_BOUND('',#6065,.T.);
#6065 = EDGE_LOOP('',(#6066,#6067,#6090,#6111));
#6066 = ORIENTED_EDGE('',*,*,#5993,.T.);
#6067 = ORIENTED_EDGE('',*,*,#6068,.T.);
#6068 = EDGE_CURVE('',#5971,#6069,#6071,.T.);
#6069 = VERTEX_POINT('',#6070);
#6070 = CARTESIAN_POINT('',(-13.2373046875,3.29736328125,6.45));
#6071 = SURFACE_CURVE('',#6072,(#6076,#6083),.PCURVE_S1.);
#6072 = B_SPLINE_CURVE_WITH_KNOTS('',2,(#6073,#6074,#6075),
  .UNSPECIFIED.,.F.,.F.,(3,3),(0.,1.),.PIECEWISE_BEZIER_KNOTS.);
#6073 = CARTESIAN_POINT('',(-13.04833984375,3.279296875,6.45));
#6074 = CARTESIAN_POINT('',(-13.14013671875,3.279296875,6.45));
#6075 = CARTESIAN_POINT('',(-13.2373046875,3.29736328125,6.45));
#6076 = PCURVE('',#666,#6077);
#6077 = DEFINITIONAL_REPRESENTATION('',(#6078),#6082);
#6078 = LINE('',#6079,#6080);
#6079 = CARTESIAN_POINT('',(0.,-0.45));
#6080 = VECTOR('',#6081,1.);
#6081 = DIRECTION('',(1.,0.));
#6082 = ( GEOMETRIC_REPRESENTATION_CONTEXT(2) 
PARAMETRIC_REPRESENTATION_CONTEXT() REPRESENTATION_CONTEXT('2D SPACE',''
  ) );
#6083 = PCURVE('',#5589,#6084);
#6084 = DEFINITIONAL_REPRESENTATION('',(#6085),#6089);
#6085 = B_SPLINE_CURVE_WITH_KNOTS('',2,(#6086,#6087,#6088),
  .UNSPECIFIED.,.F.,.F.,(3,3),(0.,1.),.PIECEWISE_BEZIER_KNOTS.);
#6086 = CARTESIAN_POINT('',(0.5419921875,-2.83203125E-02));
#6087 = CARTESIAN_POINT('',(0.4501953125,-2.83203125E-02));
#6088 = CARTESIAN_POINT('',(0.35302734375,-1.025390625E-02));
#6089 = ( GEOMETRIC_REPRESENTATION_CONTEXT(2) 
PARAMETRIC_REPRESENTATION_CONTEXT() REPRESENTATION_CONTEXT('2D SPACE',''
  ) );
#6090 = ORIENTED_EDGE('',*,*,#6091,.F.);
#6091 = EDGE_CURVE('',#651,#6069,#6092,.T.);
#6092 = SURFACE_CURVE('',#6093,(#6097,#6104),.PCURVE_S1.);
#6093 = LINE('',#6094,#6095);
#6094 = CARTESIAN_POINT('',(-13.2373046875,3.29736328125,6.));
#6095 = VECTOR('',#6096,1.);
#6096 = DIRECTION('',(0.,0.,1.));
#6097 = PCURVE('',#666,#6098);
#6098 = DEFINITIONAL_REPRESENTATION('',(#6099),#6103);
#6099 = LINE('',#6100,#6101);
#6100 = CARTESIAN_POINT('',(1.,0.));
#6101 = VECTOR('',#6102,1.);
#6102 = DIRECTION('',(0.,-1.));
#6103 = ( GEOMETRIC_REPRESENTATION_CONTEXT(2) 
PARAMETRIC_REPRESENTATION_CONTEXT() REPRESENTATION_CONTEXT('2D SPACE',''
  ) );
#6104 = PCURVE('',#696,#6105);
#6105 = DEFINITIONAL_REPRESENTATION('',(#6106),#6110);
#6106 = LINE('',#6107,#6108);
#6107 = CARTESIAN_POINT('',(0.,0.));
#6108 = VECTOR('',#6109,1.);
#6109 = DIRECTION('',(0.,-1.));
#6110 = ( GEOMETRIC_REPRESENTATION_CONTEXT(2) 
PARAMETRIC_REPRESENTATION_CONTEXT() REPRESENTATION_CONTEXT('2D SPACE',''
  ) );
#6111 = ORIENTED_EDGE('',*,*,#650,.F.);
#6112 = ADVANCED_FACE('',(#6113),#1198,.T.);
#6113 = FACE_BOUND('',#6114,.T.);
#6114 = EDGE_LOOP('',(#6115,#6138,#6159,#6160));
#6115 = ORIENTED_EDGE('',*,*,#6116,.T.);
#6116 = EDGE_CURVE('',#1153,#6117,#6119,.T.);
#6117 = VERTEX_POINT('',#6118);
#6118 = CARTESIAN_POINT('',(-13.39404296875,4.5537109375,6.45));
#6119 = SURFACE_CURVE('',#6120,(#6124,#6131),.PCURVE_S1.);
#6120 = LINE('',#6121,#6122);
#6121 = CARTESIAN_POINT('',(-13.39404296875,4.5537109375,6.));
#6122 = VECTOR('',#6123,1.);
#6123 = DIRECTION('',(0.,0.,1.));
#6124 = PCURVE('',#1198,#6125);
#6125 = DEFINITIONAL_REPRESENTATION('',(#6126),#6130);
#6126 = LINE('',#6127,#6128);
#6127 = CARTESIAN_POINT('',(0.,0.));
#6128 = VECTOR('',#6129,1.);
#6129 = DIRECTION('',(0.,-1.));
#6130 = ( GEOMETRIC_REPRESENTATION_CONTEXT(2) 
PARAMETRIC_REPRESENTATION_CONTEXT() REPRESENTATION_CONTEXT('2D SPACE',''
  ) );
#6131 = PCURVE('',#1168,#6132);
#6132 = DEFINITIONAL_REPRESENTATION('',(#6133),#6137);
#6133 = LINE('',#6134,#6135);
#6134 = CARTESIAN_POINT('',(1.,0.));
#6135 = VECTOR('',#6136,1.);
#6136 = DIRECTION('',(0.,-1.));
#6137 = ( GEOMETRIC_REPRESENTATION_CONTEXT(2) 
PARAMETRIC_REPRESENTATION_CONTEXT() REPRESENTATION_CONTEXT('2D SPACE',''
  ) );
#6138 = ORIENTED_EDGE('',*,*,#6139,.T.);
#6139 = EDGE_CURVE('',#6117,#6019,#6140,.T.);
#6140 = SURFACE_CURVE('',#6141,(#6145,#6152),.PCURVE_S1.);
#6141 = LINE('',#6142,#6143);
#6142 = CARTESIAN_POINT('',(-13.39404296875,4.5537109375,6.45));
#6143 = VECTOR('',#6144,1.);
#6144 = DIRECTION('',(0.,1.,0.));
#6145 = PCURVE('',#1198,#6146);
#6146 = DEFINITIONAL_REPRESENTATION('',(#6147),#6151);
#6147 = LINE('',#6148,#6149);
#6148 = CARTESIAN_POINT('',(0.,-0.45));
#6149 = VECTOR('',#6150,1.);
#6150 = DIRECTION('',(1.,0.));
#6151 = ( GEOMETRIC_REPRESENTATION_CONTEXT(2) 
PARAMETRIC_REPRESENTATION_CONTEXT() REPRESENTATION_CONTEXT('2D SPACE',''
  ) );
#6152 = PCURVE('',#5589,#6153);
#6153 = DEFINITIONAL_REPRESENTATION('',(#6154),#6158);
#6154 = LINE('',#6155,#6156);
#6155 = CARTESIAN_POINT('',(0.1962890625,1.24609375));
#6156 = VECTOR('',#6157,1.);
#6157 = DIRECTION('',(0.,1.));
#6158 = ( GEOMETRIC_REPRESENTATION_CONTEXT(2) 
PARAMETRIC_REPRESENTATION_CONTEXT() REPRESENTATION_CONTEXT('2D SPACE',''
  ) );
#6159 = ORIENTED_EDGE('',*,*,#6018,.F.);
#6160 = ORIENTED_EDGE('',*,*,#1182,.F.);
#6161 = ADVANCED_FACE('',(#6162),#696,.T.);
#6162 = FACE_BOUND('',#6163,.T.);
#6163 = EDGE_LOOP('',(#6164,#6165,#6188,#6209));
#6164 = ORIENTED_EDGE('',*,*,#6091,.T.);
#6165 = ORIENTED_EDGE('',*,*,#6166,.T.);
#6166 = EDGE_CURVE('',#6069,#6167,#6169,.T.);
#6167 = VERTEX_POINT('',#6168);
#6168 = CARTESIAN_POINT('',(-13.43798828125,3.3515625,6.45));
#6169 = SURFACE_CURVE('',#6170,(#6174,#6181),.PCURVE_S1.);
#6170 = B_SPLINE_CURVE_WITH_KNOTS('',2,(#6171,#6172,#6173),
  .UNSPECIFIED.,.F.,.F.,(3,3),(0.,1.),.PIECEWISE_BEZIER_KNOTS.);
#6171 = CARTESIAN_POINT('',(-13.2373046875,3.29736328125,6.45));
#6172 = CARTESIAN_POINT('',(-13.33447265625,3.3154296875,6.45));
#6173 = CARTESIAN_POINT('',(-13.43798828125,3.3515625,6.45));
#6174 = PCURVE('',#696,#6175);
#6175 = DEFINITIONAL_REPRESENTATION('',(#6176),#6180);
#6176 = LINE('',#6177,#6178);
#6177 = CARTESIAN_POINT('',(0.,-0.45));
#6178 = VECTOR('',#6179,1.);
#6179 = DIRECTION('',(1.,0.));
#6180 = ( GEOMETRIC_REPRESENTATION_CONTEXT(2) 
PARAMETRIC_REPRESENTATION_CONTEXT() REPRESENTATION_CONTEXT('2D SPACE',''
  ) );
#6181 = PCURVE('',#5589,#6182);
#6182 = DEFINITIONAL_REPRESENTATION('',(#6183),#6187);
#6183 = B_SPLINE_CURVE_WITH_KNOTS('',2,(#6184,#6185,#6186),
  .UNSPECIFIED.,.F.,.F.,(3,3),(0.,1.),.PIECEWISE_BEZIER_KNOTS.);
#6184 = CARTESIAN_POINT('',(0.35302734375,-1.025390625E-02));
#6185 = CARTESIAN_POINT('',(0.255859375,7.8125E-03));
#6186 = CARTESIAN_POINT('',(0.15234375,4.39453125E-02));
#6187 = ( GEOMETRIC_REPRESENTATION_CONTEXT(2) 
PARAMETRIC_REPRESENTATION_CONTEXT() REPRESENTATION_CONTEXT('2D SPACE',''
  ) );
#6188 = ORIENTED_EDGE('',*,*,#6189,.F.);
#6189 = EDGE_CURVE('',#681,#6167,#6190,.T.);
#6190 = SURFACE_CURVE('',#6191,(#6195,#6202),.PCURVE_S1.);
#6191 = LINE('',#6192,#6193);
#6192 = CARTESIAN_POINT('',(-13.43798828125,3.3515625,6.));
#6193 = VECTOR('',#6194,1.);
#6194 = DIRECTION('',(0.,0.,1.));
#6195 = PCURVE('',#696,#6196);
#6196 = DEFINITIONAL_REPRESENTATION('',(#6197),#6201);
#6197 = LINE('',#6198,#6199);
#6198 = CARTESIAN_POINT('',(1.,0.));
#6199 = VECTOR('',#6200,1.);
#6200 = DIRECTION('',(0.,-1.));
#6201 = ( GEOMETRIC_REPRESENTATION_CONTEXT(2) 
PARAMETRIC_REPRESENTATION_CONTEXT() REPRESENTATION_CONTEXT('2D SPACE',''
  ) );
#6202 = PCURVE('',#726,#6203);
#6203 = DEFINITIONAL_REPRESENTATION('',(#6204),#6208);
#6204 = LINE('',#6205,#6206);
#6205 = CARTESIAN_POINT('',(0.,0.));
#6206 = VECTOR('',#6207,1.);
#6207 = DIRECTION('',(0.,-1.));
#6208 = ( GEOMETRIC_REPRESENTATION_CONTEXT(2) 
PARAMETRIC_REPRESENTATION_CONTEXT() REPRESENTATION_CONTEXT('2D SPACE',''
  ) );
#6209 = ORIENTED_EDGE('',*,*,#680,.F.);
#6210 = ADVANCED_FACE('',(#6211),#1168,.T.);
#6211 = FACE_BOUND('',#6212,.T.);
#6212 = EDGE_LOOP('',(#6213,#6236,#6257,#6258));
#6213 = ORIENTED_EDGE('',*,*,#6214,.T.);
#6214 = EDGE_CURVE('',#1123,#6215,#6217,.T.);
#6215 = VERTEX_POINT('',#6216);
#6216 = CARTESIAN_POINT('',(-13.18994140625,4.6083984375,6.45));
#6217 = SURFACE_CURVE('',#6218,(#6222,#6229),.PCURVE_S1.);
#6218 = LINE('',#6219,#6220);
#6219 = CARTESIAN_POINT('',(-13.18994140625,4.6083984375,6.));
#6220 = VECTOR('',#6221,1.);
#6221 = DIRECTION('',(0.,0.,1.));
#6222 = PCURVE('',#1168,#6223);
#6223 = DEFINITIONAL_REPRESENTATION('',(#6224),#6228);
#6224 = LINE('',#6225,#6226);
#6225 = CARTESIAN_POINT('',(0.,0.));
#6226 = VECTOR('',#6227,1.);
#6227 = DIRECTION('',(0.,-1.));
#6228 = ( GEOMETRIC_REPRESENTATION_CONTEXT(2) 
PARAMETRIC_REPRESENTATION_CONTEXT() REPRESENTATION_CONTEXT('2D SPACE',''
  ) );
#6229 = PCURVE('',#1138,#6230);
#6230 = DEFINITIONAL_REPRESENTATION('',(#6231),#6235);
#6231 = LINE('',#6232,#6233);
#6232 = CARTESIAN_POINT('',(1.,0.));
#6233 = VECTOR('',#6234,1.);
#6234 = DIRECTION('',(0.,-1.));
#6235 = ( GEOMETRIC_REPRESENTATION_CONTEXT(2) 
PARAMETRIC_REPRESENTATION_CONTEXT() REPRESENTATION_CONTEXT('2D SPACE',''
  ) );
#6236 = ORIENTED_EDGE('',*,*,#6237,.T.);
#6237 = EDGE_CURVE('',#6215,#6117,#6238,.T.);
#6238 = SURFACE_CURVE('',#6239,(#6243,#6250),.PCURVE_S1.);
#6239 = B_SPLINE_CURVE_WITH_KNOTS('',2,(#6240,#6241,#6242),
  .UNSPECIFIED.,.F.,.F.,(3,3),(0.,1.),.PIECEWISE_BEZIER_KNOTS.);
#6240 = CARTESIAN_POINT('',(-13.18994140625,4.6083984375,6.45));
#6241 = CARTESIAN_POINT('',(-13.28271484375,4.5908203125,6.45));
#6242 = CARTESIAN_POINT('',(-13.39404296875,4.5537109375,6.45));
#6243 = PCURVE('',#1168,#6244);
#6244 = DEFINITIONAL_REPRESENTATION('',(#6245),#6249);
#6245 = LINE('',#6246,#6247);
#6246 = CARTESIAN_POINT('',(0.,-0.45));
#6247 = VECTOR('',#6248,1.);
#6248 = DIRECTION('',(1.,0.));
#6249 = ( GEOMETRIC_REPRESENTATION_CONTEXT(2) 
PARAMETRIC_REPRESENTATION_CONTEXT() REPRESENTATION_CONTEXT('2D SPACE',''
  ) );
#6250 = PCURVE('',#5589,#6251);
#6251 = DEFINITIONAL_REPRESENTATION('',(#6252),#6256);
#6252 = B_SPLINE_CURVE_WITH_KNOTS('',2,(#6253,#6254,#6255),
  .UNSPECIFIED.,.F.,.F.,(3,3),(0.,1.),.PIECEWISE_BEZIER_KNOTS.);
#6253 = CARTESIAN_POINT('',(0.400390625,1.30078125));
#6254 = CARTESIAN_POINT('',(0.3076171875,1.283203125));
#6255 = CARTESIAN_POINT('',(0.1962890625,1.24609375));
#6256 = ( GEOMETRIC_REPRESENTATION_CONTEXT(2) 
PARAMETRIC_REPRESENTATION_CONTEXT() REPRESENTATION_CONTEXT('2D SPACE',''
  ) );
#6257 = ORIENTED_EDGE('',*,*,#6116,.F.);
#6258 = ORIENTED_EDGE('',*,*,#1152,.F.);
#6259 = ADVANCED_FACE('',(#6260),#726,.T.);
#6260 = FACE_BOUND('',#6261,.T.);
#6261 = EDGE_LOOP('',(#6262,#6263,#6286,#6307));
#6262 = ORIENTED_EDGE('',*,*,#6189,.T.);
#6263 = ORIENTED_EDGE('',*,*,#6264,.T.);
#6264 = EDGE_CURVE('',#6167,#6265,#6267,.T.);
#6265 = VERTEX_POINT('',#6266);
#6266 = CARTESIAN_POINT('',(-13.43798828125,3.5419921875,6.45));
#6267 = SURFACE_CURVE('',#6268,(#6272,#6279),.PCURVE_S1.);
#6268 = LINE('',#6269,#6270);
#6269 = CARTESIAN_POINT('',(-13.43798828125,3.3515625,6.45));
#6270 = VECTOR('',#6271,1.);
#6271 = DIRECTION('',(0.,1.,0.));
#6272 = PCURVE('',#726,#6273);
#6273 = DEFINITIONAL_REPRESENTATION('',(#6274),#6278);
#6274 = LINE('',#6275,#6276);
#6275 = CARTESIAN_POINT('',(0.,-0.45));
#6276 = VECTOR('',#6277,1.);
#6277 = DIRECTION('',(1.,0.));
#6278 = ( GEOMETRIC_REPRESENTATION_CONTEXT(2) 
PARAMETRIC_REPRESENTATION_CONTEXT() REPRESENTATION_CONTEXT('2D SPACE',''
  ) );
#6279 = PCURVE('',#5589,#6280);
#6280 = DEFINITIONAL_REPRESENTATION('',(#6281),#6285);
#6281 = LINE('',#6282,#6283);
#6282 = CARTESIAN_POINT('',(0.15234375,4.39453125E-02));
#6283 = VECTOR('',#6284,1.);
#6284 = DIRECTION('',(0.,1.));
#6285 = ( GEOMETRIC_REPRESENTATION_CONTEXT(2) 
PARAMETRIC_REPRESENTATION_CONTEXT() REPRESENTATION_CONTEXT('2D SPACE',''
  ) );
#6286 = ORIENTED_EDGE('',*,*,#6287,.F.);
#6287 = EDGE_CURVE('',#711,#6265,#6288,.T.);
#6288 = SURFACE_CURVE('',#6289,(#6293,#6300),.PCURVE_S1.);
#6289 = LINE('',#6290,#6291);
#6290 = CARTESIAN_POINT('',(-13.43798828125,3.5419921875,6.));
#6291 = VECTOR('',#6292,1.);
#6292 = DIRECTION('',(0.,0.,1.));
#6293 = PCURVE('',#726,#6294);
#6294 = DEFINITIONAL_REPRESENTATION('',(#6295),#6299);
#6295 = LINE('',#6296,#6297);
#6296 = CARTESIAN_POINT('',(0.1904296875,0.));
#6297 = VECTOR('',#6298,1.);
#6298 = DIRECTION('',(0.,-1.));
#6299 = ( GEOMETRIC_REPRESENTATION_CONTEXT(2) 
PARAMETRIC_REPRESENTATION_CONTEXT() REPRESENTATION_CONTEXT('2D SPACE',''
  ) );
#6300 = PCURVE('',#754,#6301);
#6301 = DEFINITIONAL_REPRESENTATION('',(#6302),#6306);
#6302 = LINE('',#6303,#6304);
#6303 = CARTESIAN_POINT('',(0.,0.));
#6304 = VECTOR('',#6305,1.);
#6305 = DIRECTION('',(0.,-1.));
#6306 = ( GEOMETRIC_REPRESENTATION_CONTEXT(2) 
PARAMETRIC_REPRESENTATION_CONTEXT() REPRESENTATION_CONTEXT('2D SPACE',''
  ) );
#6307 = ORIENTED_EDGE('',*,*,#710,.F.);
#6308 = ADVANCED_FACE('',(#6309),#1138,.T.);
#6309 = FACE_BOUND('',#6310,.T.);
#6310 = EDGE_LOOP('',(#6311,#6334,#6355,#6356));
#6311 = ORIENTED_EDGE('',*,*,#6312,.T.);
#6312 = EDGE_CURVE('',#1093,#6313,#6315,.T.);
#6313 = VERTEX_POINT('',#6314);
#6314 = CARTESIAN_POINT('',(-13.01611328125,4.6259765625,6.45));
#6315 = SURFACE_CURVE('',#6316,(#6320,#6327),.PCURVE_S1.);
#6316 = LINE('',#6317,#6318);
#6317 = CARTESIAN_POINT('',(-13.01611328125,4.6259765625,6.));
#6318 = VECTOR('',#6319,1.);
#6319 = DIRECTION('',(0.,0.,1.));
#6320 = PCURVE('',#1138,#6321);
#6321 = DEFINITIONAL_REPRESENTATION('',(#6322),#6326);
#6322 = LINE('',#6323,#6324);
#6323 = CARTESIAN_POINT('',(0.,0.));
#6324 = VECTOR('',#6325,1.);
#6325 = DIRECTION('',(0.,-1.));
#6326 = ( GEOMETRIC_REPRESENTATION_CONTEXT(2) 
PARAMETRIC_REPRESENTATION_CONTEXT() REPRESENTATION_CONTEXT('2D SPACE',''
  ) );
#6327 = PCURVE('',#1108,#6328);
#6328 = DEFINITIONAL_REPRESENTATION('',(#6329),#6333);
#6329 = LINE('',#6330,#6331);
#6330 = CARTESIAN_POINT('',(1.,0.));
#6331 = VECTOR('',#6332,1.);
#6332 = DIRECTION('',(0.,-1.));
#6333 = ( GEOMETRIC_REPRESENTATION_CONTEXT(2) 
PARAMETRIC_REPRESENTATION_CONTEXT() REPRESENTATION_CONTEXT('2D SPACE',''
  ) );
#6334 = ORIENTED_EDGE('',*,*,#6335,.T.);
#6335 = EDGE_CURVE('',#6313,#6215,#6336,.T.);
#6336 = SURFACE_CURVE('',#6337,(#6341,#6348),.PCURVE_S1.);
#6337 = B_SPLINE_CURVE_WITH_KNOTS('',2,(#6338,#6339,#6340),
  .UNSPECIFIED.,.F.,.F.,(3,3),(0.,1.),.PIECEWISE_BEZIER_KNOTS.);
#6338 = CARTESIAN_POINT('',(-13.01611328125,4.6259765625,6.45));
#6339 = CARTESIAN_POINT('',(-13.09716796875,4.6259765625,6.45));
#6340 = CARTESIAN_POINT('',(-13.18994140625,4.6083984375,6.45));
#6341 = PCURVE('',#1138,#6342);
#6342 = DEFINITIONAL_REPRESENTATION('',(#6343),#6347);
#6343 = LINE('',#6344,#6345);
#6344 = CARTESIAN_POINT('',(0.,-0.45));
#6345 = VECTOR('',#6346,1.);
#6346 = DIRECTION('',(1.,0.));
#6347 = ( GEOMETRIC_REPRESENTATION_CONTEXT(2) 
PARAMETRIC_REPRESENTATION_CONTEXT() REPRESENTATION_CONTEXT('2D SPACE',''
  ) );
#6348 = PCURVE('',#5589,#6349);
#6349 = DEFINITIONAL_REPRESENTATION('',(#6350),#6354);
#6350 = B_SPLINE_CURVE_WITH_KNOTS('',2,(#6351,#6352,#6353),
  .UNSPECIFIED.,.F.,.F.,(3,3),(0.,1.),.PIECEWISE_BEZIER_KNOTS.);
#6351 = CARTESIAN_POINT('',(0.57421875,1.318359375));
#6352 = CARTESIAN_POINT('',(0.4931640625,1.318359375));
#6353 = CARTESIAN_POINT('',(0.400390625,1.30078125));
#6354 = ( GEOMETRIC_REPRESENTATION_CONTEXT(2) 
PARAMETRIC_REPRESENTATION_CONTEXT() REPRESENTATION_CONTEXT('2D SPACE',''
  ) );
#6355 = ORIENTED_EDGE('',*,*,#6214,.F.);
#6356 = ORIENTED_EDGE('',*,*,#1122,.F.);
#6357 = ADVANCED_FACE('',(#6358),#754,.T.);
#6358 = FACE_BOUND('',#6359,.T.);
#6359 = EDGE_LOOP('',(#6360,#6361,#6384,#6405));
#6360 = ORIENTED_EDGE('',*,*,#6287,.T.);
#6361 = ORIENTED_EDGE('',*,*,#6362,.T.);
#6362 = EDGE_CURVE('',#6265,#6363,#6365,.T.);
#6363 = VERTEX_POINT('',#6364);
#6364 = CARTESIAN_POINT('',(-13.25830078125,3.4697265625,6.45));
#6365 = SURFACE_CURVE('',#6366,(#6370,#6377),.PCURVE_S1.);
#6366 = B_SPLINE_CURVE_WITH_KNOTS('',2,(#6367,#6368,#6369),
  .UNSPECIFIED.,.F.,.F.,(3,3),(0.,1.),.PIECEWISE_BEZIER_KNOTS.);
#6367 = CARTESIAN_POINT('',(-13.43798828125,3.5419921875,6.45));
#6368 = CARTESIAN_POINT('',(-13.35595703125,3.494140625,6.45));
#6369 = CARTESIAN_POINT('',(-13.25830078125,3.4697265625,6.45));
#6370 = PCURVE('',#754,#6371);
#6371 = DEFINITIONAL_REPRESENTATION('',(#6372),#6376);
#6372 = LINE('',#6373,#6374);
#6373 = CARTESIAN_POINT('',(0.,-0.45));
#6374 = VECTOR('',#6375,1.);
#6375 = DIRECTION('',(1.,0.));
#6376 = ( GEOMETRIC_REPRESENTATION_CONTEXT(2) 
PARAMETRIC_REPRESENTATION_CONTEXT() REPRESENTATION_CONTEXT('2D SPACE',''
  ) );
#6377 = PCURVE('',#5589,#6378);
#6378 = DEFINITIONAL_REPRESENTATION('',(#6379),#6383);
#6379 = B_SPLINE_CURVE_WITH_KNOTS('',2,(#6380,#6381,#6382),
  .UNSPECIFIED.,.F.,.F.,(3,3),(0.,1.),.PIECEWISE_BEZIER_KNOTS.);
#6380 = CARTESIAN_POINT('',(0.15234375,0.234375));
#6381 = CARTESIAN_POINT('',(0.234375,0.1865234375));
#6382 = CARTESIAN_POINT('',(0.33203125,0.162109375));
#6383 = ( GEOMETRIC_REPRESENTATION_CONTEXT(2) 
PARAMETRIC_REPRESENTATION_CONTEXT() REPRESENTATION_CONTEXT('2D SPACE',''
  ) );
#6384 = ORIENTED_EDGE('',*,*,#6385,.F.);
#6385 = EDGE_CURVE('',#739,#6363,#6386,.T.);
#6386 = SURFACE_CURVE('',#6387,(#6391,#6398),.PCURVE_S1.);
#6387 = LINE('',#6388,#6389);
#6388 = CARTESIAN_POINT('',(-13.25830078125,3.4697265625,6.));
#6389 = VECTOR('',#6390,1.);
#6390 = DIRECTION('',(0.,0.,1.));
#6391 = PCURVE('',#754,#6392);
#6392 = DEFINITIONAL_REPRESENTATION('',(#6393),#6397);
#6393 = LINE('',#6394,#6395);
#6394 = CARTESIAN_POINT('',(1.,0.));
#6395 = VECTOR('',#6396,1.);
#6396 = DIRECTION('',(0.,-1.));
#6397 = ( GEOMETRIC_REPRESENTATION_CONTEXT(2) 
PARAMETRIC_REPRESENTATION_CONTEXT() REPRESENTATION_CONTEXT('2D SPACE',''
  ) );
#6398 = PCURVE('',#784,#6399);
#6399 = DEFINITIONAL_REPRESENTATION('',(#6400),#6404);
#6400 = LINE('',#6401,#6402);
#6401 = CARTESIAN_POINT('',(0.,0.));
#6402 = VECTOR('',#6403,1.);
#6403 = DIRECTION('',(0.,-1.));
#6404 = ( GEOMETRIC_REPRESENTATION_CONTEXT(2) 
PARAMETRIC_REPRESENTATION_CONTEXT() REPRESENTATION_CONTEXT('2D SPACE',''
  ) );
#6405 = ORIENTED_EDGE('',*,*,#738,.F.);
#6406 = ADVANCED_FACE('',(#6407),#1108,.T.);
#6407 = FACE_BOUND('',#6408,.T.);
#6408 = EDGE_LOOP('',(#6409,#6432,#6453,#6454));
#6409 = ORIENTED_EDGE('',*,*,#6410,.T.);
#6410 = EDGE_CURVE('',#1063,#6411,#6413,.T.);
#6411 = VERTEX_POINT('',#6412);
#6412 = CARTESIAN_POINT('',(-12.7880859375,4.56591796875,6.45));
#6413 = SURFACE_CURVE('',#6414,(#6418,#6425),.PCURVE_S1.);
#6414 = LINE('',#6415,#6416);
#6415 = CARTESIAN_POINT('',(-12.7880859375,4.56591796875,6.));
#6416 = VECTOR('',#6417,1.);
#6417 = DIRECTION('',(0.,0.,1.));
#6418 = PCURVE('',#1108,#6419);
#6419 = DEFINITIONAL_REPRESENTATION('',(#6420),#6424);
#6420 = LINE('',#6421,#6422);
#6421 = CARTESIAN_POINT('',(0.,0.));
#6422 = VECTOR('',#6423,1.);
#6423 = DIRECTION('',(0.,-1.));
#6424 = ( GEOMETRIC_REPRESENTATION_CONTEXT(2) 
PARAMETRIC_REPRESENTATION_CONTEXT() REPRESENTATION_CONTEXT('2D SPACE',''
  ) );
#6425 = PCURVE('',#1078,#6426);
#6426 = DEFINITIONAL_REPRESENTATION('',(#6427),#6431);
#6427 = LINE('',#6428,#6429);
#6428 = CARTESIAN_POINT('',(1.,0.));
#6429 = VECTOR('',#6430,1.);
#6430 = DIRECTION('',(0.,-1.));
#6431 = ( GEOMETRIC_REPRESENTATION_CONTEXT(2) 
PARAMETRIC_REPRESENTATION_CONTEXT() REPRESENTATION_CONTEXT('2D SPACE',''
  ) );
#6432 = ORIENTED_EDGE('',*,*,#6433,.T.);
#6433 = EDGE_CURVE('',#6411,#6313,#6434,.T.);
#6434 = SURFACE_CURVE('',#6435,(#6439,#6446),.PCURVE_S1.);
#6435 = B_SPLINE_CURVE_WITH_KNOTS('',2,(#6436,#6437,#6438),
  .UNSPECIFIED.,.F.,.F.,(3,3),(0.,1.),.PIECEWISE_BEZIER_KNOTS.);
#6436 = CARTESIAN_POINT('',(-12.7880859375,4.56591796875,6.45));
#6437 = CARTESIAN_POINT('',(-12.86767578125,4.6259765625,6.45));
#6438 = CARTESIAN_POINT('',(-13.01611328125,4.6259765625,6.45));
#6439 = PCURVE('',#1108,#6440);
#6440 = DEFINITIONAL_REPRESENTATION('',(#6441),#6445);
#6441 = LINE('',#6442,#6443);
#6442 = CARTESIAN_POINT('',(0.,-0.45));
#6443 = VECTOR('',#6444,1.);
#6444 = DIRECTION('',(1.,0.));
#6445 = ( GEOMETRIC_REPRESENTATION_CONTEXT(2) 
PARAMETRIC_REPRESENTATION_CONTEXT() REPRESENTATION_CONTEXT('2D SPACE',''
  ) );
#6446 = PCURVE('',#5589,#6447);
#6447 = DEFINITIONAL_REPRESENTATION('',(#6448),#6452);
#6448 = B_SPLINE_CURVE_WITH_KNOTS('',2,(#6449,#6450,#6451),
  .UNSPECIFIED.,.F.,.F.,(3,3),(0.,1.),.PIECEWISE_BEZIER_KNOTS.);
#6449 = CARTESIAN_POINT('',(0.80224609375,1.25830078125));
#6450 = CARTESIAN_POINT('',(0.72265625,1.318359375));
#6451 = CARTESIAN_POINT('',(0.57421875,1.318359375));
#6452 = ( GEOMETRIC_REPRESENTATION_CONTEXT(2) 
PARAMETRIC_REPRESENTATION_CONTEXT() REPRESENTATION_CONTEXT('2D SPACE',''
  ) );
#6453 = ORIENTED_EDGE('',*,*,#6312,.F.);
#6454 = ORIENTED_EDGE('',*,*,#1092,.F.);
#6455 = ADVANCED_FACE('',(#6456),#784,.T.);
#6456 = FACE_BOUND('',#6457,.T.);
#6457 = EDGE_LOOP('',(#6458,#6459,#6482,#6503));
#6458 = ORIENTED_EDGE('',*,*,#6385,.T.);
#6459 = ORIENTED_EDGE('',*,*,#6460,.T.);
#6460 = EDGE_CURVE('',#6363,#6461,#6463,.T.);
#6461 = VERTEX_POINT('',#6462);
#6462 = CARTESIAN_POINT('',(-13.05419921875,3.4453125,6.45));
#6463 = SURFACE_CURVE('',#6464,(#6468,#6475),.PCURVE_S1.);
#6464 = B_SPLINE_CURVE_WITH_KNOTS('',2,(#6465,#6466,#6467),
  .UNSPECIFIED.,.F.,.F.,(3,3),(0.,1.),.PIECEWISE_BEZIER_KNOTS.);
#6465 = CARTESIAN_POINT('',(-13.25830078125,3.4697265625,6.45));
#6466 = CARTESIAN_POINT('',(-13.16064453125,3.4453125,6.45));
#6467 = CARTESIAN_POINT('',(-13.05419921875,3.4453125,6.45));
#6468 = PCURVE('',#784,#6469);
#6469 = DEFINITIONAL_REPRESENTATION('',(#6470),#6474);
#6470 = LINE('',#6471,#6472);
#6471 = CARTESIAN_POINT('',(0.,-0.45));
#6472 = VECTOR('',#6473,1.);
#6473 = DIRECTION('',(1.,0.));
#6474 = ( GEOMETRIC_REPRESENTATION_CONTEXT(2) 
PARAMETRIC_REPRESENTATION_CONTEXT() REPRESENTATION_CONTEXT('2D SPACE',''
  ) );
#6475 = PCURVE('',#5589,#6476);
#6476 = DEFINITIONAL_REPRESENTATION('',(#6477),#6481);
#6477 = B_SPLINE_CURVE_WITH_KNOTS('',2,(#6478,#6479,#6480),
  .UNSPECIFIED.,.F.,.F.,(3,3),(0.,1.),.PIECEWISE_BEZIER_KNOTS.);
#6478 = CARTESIAN_POINT('',(0.33203125,0.162109375));
#6479 = CARTESIAN_POINT('',(0.4296875,0.1376953125));
#6480 = CARTESIAN_POINT('',(0.5361328125,0.1376953125));
#6481 = ( GEOMETRIC_REPRESENTATION_CONTEXT(2) 
PARAMETRIC_REPRESENTATION_CONTEXT() REPRESENTATION_CONTEXT('2D SPACE',''
  ) );
#6482 = ORIENTED_EDGE('',*,*,#6483,.F.);
#6483 = EDGE_CURVE('',#769,#6461,#6484,.T.);
#6484 = SURFACE_CURVE('',#6485,(#6489,#6496),.PCURVE_S1.);
#6485 = LINE('',#6486,#6487);
#6486 = CARTESIAN_POINT('',(-13.05419921875,3.4453125,6.));
#6487 = VECTOR('',#6488,1.);
#6488 = DIRECTION('',(0.,0.,1.));
#6489 = PCURVE('',#784,#6490);
#6490 = DEFINITIONAL_REPRESENTATION('',(#6491),#6495);
#6491 = LINE('',#6492,#6493);
#6492 = CARTESIAN_POINT('',(1.,0.));
#6493 = VECTOR('',#6494,1.);
#6494 = DIRECTION('',(0.,-1.));
#6495 = ( GEOMETRIC_REPRESENTATION_CONTEXT(2) 
PARAMETRIC_REPRESENTATION_CONTEXT() REPRESENTATION_CONTEXT('2D SPACE',''
  ) );
#6496 = PCURVE('',#814,#6497);
#6497 = DEFINITIONAL_REPRESENTATION('',(#6498),#6502);
#6498 = LINE('',#6499,#6500);
#6499 = CARTESIAN_POINT('',(0.,0.));
#6500 = VECTOR('',#6501,1.);
#6501 = DIRECTION('',(0.,-1.));
#6502 = ( GEOMETRIC_REPRESENTATION_CONTEXT(2) 
PARAMETRIC_REPRESENTATION_CONTEXT() REPRESENTATION_CONTEXT('2D SPACE',''
  ) );
#6503 = ORIENTED_EDGE('',*,*,#768,.F.);
#6504 = ADVANCED_FACE('',(#6505),#1078,.T.);
#6505 = FACE_BOUND('',#6506,.T.);
#6506 = EDGE_LOOP('',(#6507,#6530,#6551,#6552));
#6507 = ORIENTED_EDGE('',*,*,#6508,.T.);
#6508 = EDGE_CURVE('',#1033,#6509,#6511,.T.);
#6509 = VERTEX_POINT('',#6510);
#6510 = CARTESIAN_POINT('',(-12.70849609375,4.3935546875,6.45));
#6511 = SURFACE_CURVE('',#6512,(#6516,#6523),.PCURVE_S1.);
#6512 = LINE('',#6513,#6514);
#6513 = CARTESIAN_POINT('',(-12.70849609375,4.3935546875,6.));
#6514 = VECTOR('',#6515,1.);
#6515 = DIRECTION('',(0.,0.,1.));
#6516 = PCURVE('',#1078,#6517);
#6517 = DEFINITIONAL_REPRESENTATION('',(#6518),#6522);
#6518 = LINE('',#6519,#6520);
#6519 = CARTESIAN_POINT('',(0.,0.));
#6520 = VECTOR('',#6521,1.);
#6521 = DIRECTION('',(0.,-1.));
#6522 = ( GEOMETRIC_REPRESENTATION_CONTEXT(2) 
PARAMETRIC_REPRESENTATION_CONTEXT() REPRESENTATION_CONTEXT('2D SPACE',''
  ) );
#6523 = PCURVE('',#1048,#6524);
#6524 = DEFINITIONAL_REPRESENTATION('',(#6525),#6529);
#6525 = LINE('',#6526,#6527);
#6526 = CARTESIAN_POINT('',(1.,0.));
#6527 = VECTOR('',#6528,1.);
#6528 = DIRECTION('',(0.,-1.));
#6529 = ( GEOMETRIC_REPRESENTATION_CONTEXT(2) 
PARAMETRIC_REPRESENTATION_CONTEXT() REPRESENTATION_CONTEXT('2D SPACE',''
  ) );
#6530 = ORIENTED_EDGE('',*,*,#6531,.T.);
#6531 = EDGE_CURVE('',#6509,#6411,#6532,.T.);
#6532 = SURFACE_CURVE('',#6533,(#6537,#6544),.PCURVE_S1.);
#6533 = B_SPLINE_CURVE_WITH_KNOTS('',2,(#6534,#6535,#6536),
  .UNSPECIFIED.,.F.,.F.,(3,3),(0.,1.),.PIECEWISE_BEZIER_KNOTS.);
#6534 = CARTESIAN_POINT('',(-12.70849609375,4.3935546875,6.45));
#6535 = CARTESIAN_POINT('',(-12.70849609375,4.505859375,6.45));
#6536 = CARTESIAN_POINT('',(-12.7880859375,4.56591796875,6.45));
#6537 = PCURVE('',#1078,#6538);
#6538 = DEFINITIONAL_REPRESENTATION('',(#6539),#6543);
#6539 = LINE('',#6540,#6541);
#6540 = CARTESIAN_POINT('',(0.,-0.45));
#6541 = VECTOR('',#6542,1.);
#6542 = DIRECTION('',(1.,0.));
#6543 = ( GEOMETRIC_REPRESENTATION_CONTEXT(2) 
PARAMETRIC_REPRESENTATION_CONTEXT() REPRESENTATION_CONTEXT('2D SPACE',''
  ) );
#6544 = PCURVE('',#5589,#6545);
#6545 = DEFINITIONAL_REPRESENTATION('',(#6546),#6550);
#6546 = B_SPLINE_CURVE_WITH_KNOTS('',2,(#6547,#6548,#6549),
  .UNSPECIFIED.,.F.,.F.,(3,3),(0.,1.),.PIECEWISE_BEZIER_KNOTS.);
#6547 = CARTESIAN_POINT('',(0.8818359375,1.0859375));
#6548 = CARTESIAN_POINT('',(0.8818359375,1.1982421875));
#6549 = CARTESIAN_POINT('',(0.80224609375,1.25830078125));
#6550 = ( GEOMETRIC_REPRESENTATION_CONTEXT(2) 
PARAMETRIC_REPRESENTATION_CONTEXT() REPRESENTATION_CONTEXT('2D SPACE',''
  ) );
#6551 = ORIENTED_EDGE('',*,*,#6410,.F.);
#6552 = ORIENTED_EDGE('',*,*,#1062,.F.);
#6553 = ADVANCED_FACE('',(#6554),#814,.T.);
#6554 = FACE_BOUND('',#6555,.T.);
#6555 = EDGE_LOOP('',(#6556,#6557,#6580,#6601));
#6556 = ORIENTED_EDGE('',*,*,#6483,.T.);
#6557 = ORIENTED_EDGE('',*,*,#6558,.T.);
#6558 = EDGE_CURVE('',#6461,#6559,#6561,.T.);
#6559 = VERTEX_POINT('',#6560);
#6560 = CARTESIAN_POINT('',(-12.771484375,3.5185546875,6.45));
#6561 = SURFACE_CURVE('',#6562,(#6566,#6573),.PCURVE_S1.);
#6562 = B_SPLINE_CURVE_WITH_KNOTS('',2,(#6563,#6564,#6565),
  .UNSPECIFIED.,.F.,.F.,(3,3),(0.,1.),.PIECEWISE_BEZIER_KNOTS.);
#6563 = CARTESIAN_POINT('',(-13.05419921875,3.4453125,6.45));
#6564 = CARTESIAN_POINT('',(-12.86865234375,3.4453125,6.45));
#6565 = CARTESIAN_POINT('',(-12.771484375,3.5185546875,6.45));
#6566 = PCURVE('',#814,#6567);
#6567 = DEFINITIONAL_REPRESENTATION('',(#6568),#6572);
#6568 = LINE('',#6569,#6570);
#6569 = CARTESIAN_POINT('',(0.,-0.45));
#6570 = VECTOR('',#6571,1.);
#6571 = DIRECTION('',(1.,0.));
#6572 = ( GEOMETRIC_REPRESENTATION_CONTEXT(2) 
PARAMETRIC_REPRESENTATION_CONTEXT() REPRESENTATION_CONTEXT('2D SPACE',''
  ) );
#6573 = PCURVE('',#5589,#6574);
#6574 = DEFINITIONAL_REPRESENTATION('',(#6575),#6579);
#6575 = B_SPLINE_CURVE_WITH_KNOTS('',2,(#6576,#6577,#6578),
  .UNSPECIFIED.,.F.,.F.,(3,3),(0.,1.),.PIECEWISE_BEZIER_KNOTS.);
#6576 = CARTESIAN_POINT('',(0.5361328125,0.1376953125));
#6577 = CARTESIAN_POINT('',(0.7216796875,0.1376953125));
#6578 = CARTESIAN_POINT('',(0.81884765625,0.2109375));
#6579 = ( GEOMETRIC_REPRESENTATION_CONTEXT(2) 
PARAMETRIC_REPRESENTATION_CONTEXT() REPRESENTATION_CONTEXT('2D SPACE',''
  ) );
#6580 = ORIENTED_EDGE('',*,*,#6581,.F.);
#6581 = EDGE_CURVE('',#799,#6559,#6582,.T.);
#6582 = SURFACE_CURVE('',#6583,(#6587,#6594),.PCURVE_S1.);
#6583 = LINE('',#6584,#6585);
#6584 = CARTESIAN_POINT('',(-12.771484375,3.5185546875,6.));
#6585 = VECTOR('',#6586,1.);
#6586 = DIRECTION('',(0.,0.,1.));
#6587 = PCURVE('',#814,#6588);
#6588 = DEFINITIONAL_REPRESENTATION('',(#6589),#6593);
#6589 = LINE('',#6590,#6591);
#6590 = CARTESIAN_POINT('',(1.,0.));
#6591 = VECTOR('',#6592,1.);
#6592 = DIRECTION('',(0.,-1.));
#6593 = ( GEOMETRIC_REPRESENTATION_CONTEXT(2) 
PARAMETRIC_REPRESENTATION_CONTEXT() REPRESENTATION_CONTEXT('2D SPACE',''
  ) );
#6594 = PCURVE('',#844,#6595);
#6595 = DEFINITIONAL_REPRESENTATION('',(#6596),#6600);
#6596 = LINE('',#6597,#6598);
#6597 = CARTESIAN_POINT('',(0.,0.));
#6598 = VECTOR('',#6599,1.);
#6599 = DIRECTION('',(0.,-1.));
#6600 = ( GEOMETRIC_REPRESENTATION_CONTEXT(2) 
PARAMETRIC_REPRESENTATION_CONTEXT() REPRESENTATION_CONTEXT('2D SPACE',''
  ) );
#6601 = ORIENTED_EDGE('',*,*,#798,.F.);
#6602 = ADVANCED_FACE('',(#6603),#1048,.T.);
#6603 = FACE_BOUND('',#6604,.T.);
#6604 = EDGE_LOOP('',(#6605,#6628,#6649,#6650));
#6605 = ORIENTED_EDGE('',*,*,#6606,.T.);
#6606 = EDGE_CURVE('',#1003,#6607,#6609,.T.);
#6607 = VERTEX_POINT('',#6608);
#6608 = CARTESIAN_POINT('',(-12.78564453125,4.22607421875,6.45));
#6609 = SURFACE_CURVE('',#6610,(#6614,#6621),.PCURVE_S1.);
#6610 = LINE('',#6611,#6612);
#6611 = CARTESIAN_POINT('',(-12.78564453125,4.22607421875,6.));
#6612 = VECTOR('',#6613,1.);
#6613 = DIRECTION('',(0.,0.,1.));
#6614 = PCURVE('',#1048,#6615);
#6615 = DEFINITIONAL_REPRESENTATION('',(#6616),#6620);
#6616 = LINE('',#6617,#6618);
#6617 = CARTESIAN_POINT('',(0.,0.));
#6618 = VECTOR('',#6619,1.);
#6619 = DIRECTION('',(0.,-1.));
#6620 = ( GEOMETRIC_REPRESENTATION_CONTEXT(2) 
PARAMETRIC_REPRESENTATION_CONTEXT() REPRESENTATION_CONTEXT('2D SPACE',''
  ) );
#6621 = PCURVE('',#1018,#6622);
#6622 = DEFINITIONAL_REPRESENTATION('',(#6623),#6627);
#6623 = LINE('',#6624,#6625);
#6624 = CARTESIAN_POINT('',(1.,0.));
#6625 = VECTOR('',#6626,1.);
#6626 = DIRECTION('',(0.,-1.));
#6627 = ( GEOMETRIC_REPRESENTATION_CONTEXT(2) 
PARAMETRIC_REPRESENTATION_CONTEXT() REPRESENTATION_CONTEXT('2D SPACE',''
  ) );
#6628 = ORIENTED_EDGE('',*,*,#6629,.T.);
#6629 = EDGE_CURVE('',#6607,#6509,#6630,.T.);
#6630 = SURFACE_CURVE('',#6631,(#6635,#6642),.PCURVE_S1.);
#6631 = B_SPLINE_CURVE_WITH_KNOTS('',2,(#6632,#6633,#6634),
  .UNSPECIFIED.,.F.,.F.,(3,3),(0.,1.),.PIECEWISE_BEZIER_KNOTS.);
#6632 = CARTESIAN_POINT('',(-12.78564453125,4.22607421875,6.45));
#6633 = CARTESIAN_POINT('',(-12.70849609375,4.2841796875,6.45));
#6634 = CARTESIAN_POINT('',(-12.70849609375,4.3935546875,6.45));
#6635 = PCURVE('',#1048,#6636);
#6636 = DEFINITIONAL_REPRESENTATION('',(#6637),#6641);
#6637 = LINE('',#6638,#6639);
#6638 = CARTESIAN_POINT('',(0.,-0.45));
#6639 = VECTOR('',#6640,1.);
#6640 = DIRECTION('',(1.,0.));
#6641 = ( GEOMETRIC_REPRESENTATION_CONTEXT(2) 
PARAMETRIC_REPRESENTATION_CONTEXT() REPRESENTATION_CONTEXT('2D SPACE',''
  ) );
#6642 = PCURVE('',#5589,#6643);
#6643 = DEFINITIONAL_REPRESENTATION('',(#6644),#6648);
#6644 = B_SPLINE_CURVE_WITH_KNOTS('',2,(#6645,#6646,#6647),
  .UNSPECIFIED.,.F.,.F.,(3,3),(0.,1.),.PIECEWISE_BEZIER_KNOTS.);
#6645 = CARTESIAN_POINT('',(0.8046875,0.91845703125));
#6646 = CARTESIAN_POINT('',(0.8818359375,0.9765625));
#6647 = CARTESIAN_POINT('',(0.8818359375,1.0859375));
#6648 = ( GEOMETRIC_REPRESENTATION_CONTEXT(2) 
PARAMETRIC_REPRESENTATION_CONTEXT() REPRESENTATION_CONTEXT('2D SPACE',''
  ) );
#6649 = ORIENTED_EDGE('',*,*,#6508,.F.);
#6650 = ORIENTED_EDGE('',*,*,#1032,.F.);
#6651 = ADVANCED_FACE('',(#6652),#844,.T.);
#6652 = FACE_BOUND('',#6653,.T.);
#6653 = EDGE_LOOP('',(#6654,#6655,#6678,#6699));
#6654 = ORIENTED_EDGE('',*,*,#6581,.T.);
#6655 = ORIENTED_EDGE('',*,*,#6656,.T.);
#6656 = EDGE_CURVE('',#6559,#6657,#6659,.T.);
#6657 = VERTEX_POINT('',#6658);
#6658 = CARTESIAN_POINT('',(-12.67431640625,3.7314453125,6.45));
#6659 = SURFACE_CURVE('',#6660,(#6664,#6671),.PCURVE_S1.);
#6660 = B_SPLINE_CURVE_WITH_KNOTS('',2,(#6661,#6662,#6663),
  .UNSPECIFIED.,.F.,.F.,(3,3),(0.,1.),.PIECEWISE_BEZIER_KNOTS.);
#6661 = CARTESIAN_POINT('',(-12.771484375,3.5185546875,6.45));
#6662 = CARTESIAN_POINT('',(-12.67431640625,3.591796875,6.45));
#6663 = CARTESIAN_POINT('',(-12.67431640625,3.7314453125,6.45));
#6664 = PCURVE('',#844,#6665);
#6665 = DEFINITIONAL_REPRESENTATION('',(#6666),#6670);
#6666 = LINE('',#6667,#6668);
#6667 = CARTESIAN_POINT('',(0.,-0.45));
#6668 = VECTOR('',#6669,1.);
#6669 = DIRECTION('',(1.,0.));
#6670 = ( GEOMETRIC_REPRESENTATION_CONTEXT(2) 
PARAMETRIC_REPRESENTATION_CONTEXT() REPRESENTATION_CONTEXT('2D SPACE',''
  ) );
#6671 = PCURVE('',#5589,#6672);
#6672 = DEFINITIONAL_REPRESENTATION('',(#6673),#6677);
#6673 = B_SPLINE_CURVE_WITH_KNOTS('',2,(#6674,#6675,#6676),
  .UNSPECIFIED.,.F.,.F.,(3,3),(0.,1.),.PIECEWISE_BEZIER_KNOTS.);
#6674 = CARTESIAN_POINT('',(0.81884765625,0.2109375));
#6675 = CARTESIAN_POINT('',(0.916015625,0.2841796875));
#6676 = CARTESIAN_POINT('',(0.916015625,0.423828125));
#6677 = ( GEOMETRIC_REPRESENTATION_CONTEXT(2) 
PARAMETRIC_REPRESENTATION_CONTEXT() REPRESENTATION_CONTEXT('2D SPACE',''
  ) );
#6678 = ORIENTED_EDGE('',*,*,#6679,.F.);
#6679 = EDGE_CURVE('',#829,#6657,#6680,.T.);
#6680 = SURFACE_CURVE('',#6681,(#6685,#6692),.PCURVE_S1.);
#6681 = LINE('',#6682,#6683);
#6682 = CARTESIAN_POINT('',(-12.67431640625,3.7314453125,6.));
#6683 = VECTOR('',#6684,1.);
#6684 = DIRECTION('',(0.,0.,1.));
#6685 = PCURVE('',#844,#6686);
#6686 = DEFINITIONAL_REPRESENTATION('',(#6687),#6691);
#6687 = LINE('',#6688,#6689);
#6688 = CARTESIAN_POINT('',(1.,0.));
#6689 = VECTOR('',#6690,1.);
#6690 = DIRECTION('',(0.,-1.));
#6691 = ( GEOMETRIC_REPRESENTATION_CONTEXT(2) 
PARAMETRIC_REPRESENTATION_CONTEXT() REPRESENTATION_CONTEXT('2D SPACE',''
  ) );
#6692 = PCURVE('',#874,#6693);
#6693 = DEFINITIONAL_REPRESENTATION('',(#6694),#6698);
#6694 = LINE('',#6695,#6696);
#6695 = CARTESIAN_POINT('',(0.,0.));
#6696 = VECTOR('',#6697,1.);
#6697 = DIRECTION('',(0.,-1.));
#6698 = ( GEOMETRIC_REPRESENTATION_CONTEXT(2) 
PARAMETRIC_REPRESENTATION_CONTEXT() REPRESENTATION_CONTEXT('2D SPACE',''
  ) );
#6699 = ORIENTED_EDGE('',*,*,#828,.F.);
#6700 = ADVANCED_FACE('',(#6701),#1018,.T.);
#6701 = FACE_BOUND('',#6702,.T.);
#6702 = EDGE_LOOP('',(#6703,#6726,#6747,#6748));
#6703 = ORIENTED_EDGE('',*,*,#6704,.T.);
#6704 = EDGE_CURVE('',#975,#6705,#6707,.T.);
#6705 = VERTEX_POINT('',#6706);
#6706 = CARTESIAN_POINT('',(-13.00830078125,4.16796875,6.45));
#6707 = SURFACE_CURVE('',#6708,(#6712,#6719),.PCURVE_S1.);
#6708 = LINE('',#6709,#6710);
#6709 = CARTESIAN_POINT('',(-13.00830078125,4.16796875,6.));
#6710 = VECTOR('',#6711,1.);
#6711 = DIRECTION('',(0.,0.,1.));
#6712 = PCURVE('',#1018,#6713);
#6713 = DEFINITIONAL_REPRESENTATION('',(#6714),#6718);
#6714 = LINE('',#6715,#6716);
#6715 = CARTESIAN_POINT('',(0.,0.));
#6716 = VECTOR('',#6717,1.);
#6717 = DIRECTION('',(0.,-1.));
#6718 = ( GEOMETRIC_REPRESENTATION_CONTEXT(2) 
PARAMETRIC_REPRESENTATION_CONTEXT() REPRESENTATION_CONTEXT('2D SPACE',''
  ) );
#6719 = PCURVE('',#990,#6720);
#6720 = DEFINITIONAL_REPRESENTATION('',(#6721),#6725);
#6721 = LINE('',#6722,#6723);
#6722 = CARTESIAN_POINT('',(0.177734375,0.));
#6723 = VECTOR('',#6724,1.);
#6724 = DIRECTION('',(0.,-1.));
#6725 = ( GEOMETRIC_REPRESENTATION_CONTEXT(2) 
PARAMETRIC_REPRESENTATION_CONTEXT() REPRESENTATION_CONTEXT('2D SPACE',''
  ) );
#6726 = ORIENTED_EDGE('',*,*,#6727,.T.);
#6727 = EDGE_CURVE('',#6705,#6607,#6728,.T.);
#6728 = SURFACE_CURVE('',#6729,(#6733,#6740),.PCURVE_S1.);
#6729 = B_SPLINE_CURVE_WITH_KNOTS('',2,(#6730,#6731,#6732),
  .UNSPECIFIED.,.F.,.F.,(3,3),(0.,1.),.PIECEWISE_BEZIER_KNOTS.);
#6730 = CARTESIAN_POINT('',(-13.00830078125,4.16796875,6.45));
#6731 = CARTESIAN_POINT('',(-12.86279296875,4.16796875,6.45));
#6732 = CARTESIAN_POINT('',(-12.78564453125,4.22607421875,6.45));
#6733 = PCURVE('',#1018,#6734);
#6734 = DEFINITIONAL_REPRESENTATION('',(#6735),#6739);
#6735 = LINE('',#6736,#6737);
#6736 = CARTESIAN_POINT('',(0.,-0.45));
#6737 = VECTOR('',#6738,1.);
#6738 = DIRECTION('',(1.,0.));
#6739 = ( GEOMETRIC_REPRESENTATION_CONTEXT(2) 
PARAMETRIC_REPRESENTATION_CONTEXT() REPRESENTATION_CONTEXT('2D SPACE',''
  ) );
#6740 = PCURVE('',#5589,#6741);
#6741 = DEFINITIONAL_REPRESENTATION('',(#6742),#6746);
#6742 = B_SPLINE_CURVE_WITH_KNOTS('',2,(#6743,#6744,#6745),
  .UNSPECIFIED.,.F.,.F.,(3,3),(0.,1.),.PIECEWISE_BEZIER_KNOTS.);
#6743 = CARTESIAN_POINT('',(0.58203125,0.8603515625));
#6744 = CARTESIAN_POINT('',(0.7275390625,0.8603515625));
#6745 = CARTESIAN_POINT('',(0.8046875,0.91845703125));
#6746 = ( GEOMETRIC_REPRESENTATION_CONTEXT(2) 
PARAMETRIC_REPRESENTATION_CONTEXT() REPRESENTATION_CONTEXT('2D SPACE',''
  ) );
#6747 = ORIENTED_EDGE('',*,*,#6606,.F.);
#6748 = ORIENTED_EDGE('',*,*,#1002,.F.);
#6749 = ADVANCED_FACE('',(#6750),#874,.T.);
#6750 = FACE_BOUND('',#6751,.T.);
#6751 = EDGE_LOOP('',(#6752,#6753,#6776,#6797));
#6752 = ORIENTED_EDGE('',*,*,#6679,.T.);
#6753 = ORIENTED_EDGE('',*,*,#6754,.T.);
#6754 = EDGE_CURVE('',#6657,#6755,#6757,.T.);
#6755 = VERTEX_POINT('',#6756);
#6756 = CARTESIAN_POINT('',(-12.7646484375,3.93310546875,6.45));
#6757 = SURFACE_CURVE('',#6758,(#6762,#6769),.PCURVE_S1.);
#6758 = B_SPLINE_CURVE_WITH_KNOTS('',2,(#6759,#6760,#6761),
  .UNSPECIFIED.,.F.,.F.,(3,3),(0.,1.),.PIECEWISE_BEZIER_KNOTS.);
#6759 = CARTESIAN_POINT('',(-12.67431640625,3.7314453125,6.45));
#6760 = CARTESIAN_POINT('',(-12.67431640625,3.8603515625,6.45));
#6761 = CARTESIAN_POINT('',(-12.7646484375,3.93310546875,6.45));
#6762 = PCURVE('',#874,#6763);
#6763 = DEFINITIONAL_REPRESENTATION('',(#6764),#6768);
#6764 = LINE('',#6765,#6766);
#6765 = CARTESIAN_POINT('',(0.,-0.45));
#6766 = VECTOR('',#6767,1.);
#6767 = DIRECTION('',(1.,0.));
#6768 = ( GEOMETRIC_REPRESENTATION_CONTEXT(2) 
PARAMETRIC_REPRESENTATION_CONTEXT() REPRESENTATION_CONTEXT('2D SPACE',''
  ) );
#6769 = PCURVE('',#5589,#6770);
#6770 = DEFINITIONAL_REPRESENTATION('',(#6771),#6775);
#6771 = B_SPLINE_CURVE_WITH_KNOTS('',2,(#6772,#6773,#6774),
  .UNSPECIFIED.,.F.,.F.,(3,3),(0.,1.),.PIECEWISE_BEZIER_KNOTS.);
#6772 = CARTESIAN_POINT('',(0.916015625,0.423828125));
#6773 = CARTESIAN_POINT('',(0.916015625,0.552734375));
#6774 = CARTESIAN_POINT('',(0.82568359375,0.62548828125));
#6775 = ( GEOMETRIC_REPRESENTATION_CONTEXT(2) 
PARAMETRIC_REPRESENTATION_CONTEXT() REPRESENTATION_CONTEXT('2D SPACE',''
  ) );
#6776 = ORIENTED_EDGE('',*,*,#6777,.F.);
#6777 = EDGE_CURVE('',#859,#6755,#6778,.T.);
#6778 = SURFACE_CURVE('',#6779,(#6783,#6790),.PCURVE_S1.);
#6779 = LINE('',#6780,#6781);
#6780 = CARTESIAN_POINT('',(-12.7646484375,3.93310546875,6.));
#6781 = VECTOR('',#6782,1.);
#6782 = DIRECTION('',(0.,0.,1.));
#6783 = PCURVE('',#874,#6784);
#6784 = DEFINITIONAL_REPRESENTATION('',(#6785),#6789);
#6785 = LINE('',#6786,#6787);
#6786 = CARTESIAN_POINT('',(1.,0.));
#6787 = VECTOR('',#6788,1.);
#6788 = DIRECTION('',(0.,-1.));
#6789 = ( GEOMETRIC_REPRESENTATION_CONTEXT(2) 
PARAMETRIC_REPRESENTATION_CONTEXT() REPRESENTATION_CONTEXT('2D SPACE',''
  ) );
#6790 = PCURVE('',#904,#6791);
#6791 = DEFINITIONAL_REPRESENTATION('',(#6792),#6796);
#6792 = LINE('',#6793,#6794);
#6793 = CARTESIAN_POINT('',(0.,0.));
#6794 = VECTOR('',#6795,1.);
#6795 = DIRECTION('',(0.,-1.));
#6796 = ( GEOMETRIC_REPRESENTATION_CONTEXT(2) 
PARAMETRIC_REPRESENTATION_CONTEXT() REPRESENTATION_CONTEXT('2D SPACE',''
  ) );
#6797 = ORIENTED_EDGE('',*,*,#858,.F.);
#6798 = ADVANCED_FACE('',(#6799),#990,.T.);
#6799 = FACE_BOUND('',#6800,.T.);
#6800 = EDGE_LOOP('',(#6801,#6824,#6845,#6846));
#6801 = ORIENTED_EDGE('',*,*,#6802,.T.);
#6802 = EDGE_CURVE('',#947,#6803,#6805,.T.);
#6803 = VERTEX_POINT('',#6804);
#6804 = CARTESIAN_POINT('',(-13.18603515625,4.16796875,6.45));
#6805 = SURFACE_CURVE('',#6806,(#6810,#6817),.PCURVE_S1.);
#6806 = LINE('',#6807,#6808);
#6807 = CARTESIAN_POINT('',(-13.18603515625,4.16796875,6.));
#6808 = VECTOR('',#6809,1.);
#6809 = DIRECTION('',(0.,0.,1.));
#6810 = PCURVE('',#990,#6811);
#6811 = DEFINITIONAL_REPRESENTATION('',(#6812),#6816);
#6812 = LINE('',#6813,#6814);
#6813 = CARTESIAN_POINT('',(0.,0.));
#6814 = VECTOR('',#6815,1.);
#6815 = DIRECTION('',(0.,-1.));
#6816 = ( GEOMETRIC_REPRESENTATION_CONTEXT(2) 
PARAMETRIC_REPRESENTATION_CONTEXT() REPRESENTATION_CONTEXT('2D SPACE',''
  ) );
#6817 = PCURVE('',#962,#6818);
#6818 = DEFINITIONAL_REPRESENTATION('',(#6819),#6823);
#6819 = LINE('',#6820,#6821);
#6820 = CARTESIAN_POINT('',(0.162109375,0.));
#6821 = VECTOR('',#6822,1.);
#6822 = DIRECTION('',(0.,-1.));
#6823 = ( GEOMETRIC_REPRESENTATION_CONTEXT(2) 
PARAMETRIC_REPRESENTATION_CONTEXT() REPRESENTATION_CONTEXT('2D SPACE',''
  ) );
#6824 = ORIENTED_EDGE('',*,*,#6825,.T.);
#6825 = EDGE_CURVE('',#6803,#6705,#6826,.T.);
#6826 = SURFACE_CURVE('',#6827,(#6831,#6838),.PCURVE_S1.);
#6827 = LINE('',#6828,#6829);
#6828 = CARTESIAN_POINT('',(-13.18603515625,4.16796875,6.45));
#6829 = VECTOR('',#6830,1.);
#6830 = DIRECTION('',(1.,0.,0.));
#6831 = PCURVE('',#990,#6832);
#6832 = DEFINITIONAL_REPRESENTATION('',(#6833),#6837);
#6833 = LINE('',#6834,#6835);
#6834 = CARTESIAN_POINT('',(0.,-0.45));
#6835 = VECTOR('',#6836,1.);
#6836 = DIRECTION('',(1.,0.));
#6837 = ( GEOMETRIC_REPRESENTATION_CONTEXT(2) 
PARAMETRIC_REPRESENTATION_CONTEXT() REPRESENTATION_CONTEXT('2D SPACE',''
  ) );
#6838 = PCURVE('',#5589,#6839);
#6839 = DEFINITIONAL_REPRESENTATION('',(#6840),#6844);
#6840 = LINE('',#6841,#6842);
#6841 = CARTESIAN_POINT('',(0.404296875,0.8603515625));
#6842 = VECTOR('',#6843,1.);
#6843 = DIRECTION('',(1.,0.));
#6844 = ( GEOMETRIC_REPRESENTATION_CONTEXT(2) 
PARAMETRIC_REPRESENTATION_CONTEXT() REPRESENTATION_CONTEXT('2D SPACE',''
  ) );
#6845 = ORIENTED_EDGE('',*,*,#6704,.F.);
#6846 = ORIENTED_EDGE('',*,*,#974,.F.);
#6847 = ADVANCED_FACE('',(#6848),#904,.T.);
#6848 = FACE_BOUND('',#6849,.T.);
#6849 = EDGE_LOOP('',(#6850,#6851,#6874,#6895));
#6850 = ORIENTED_EDGE('',*,*,#6777,.T.);
#6851 = ORIENTED_EDGE('',*,*,#6852,.T.);
#6852 = EDGE_CURVE('',#6755,#6853,#6855,.T.);
#6853 = VERTEX_POINT('',#6854);
#6854 = CARTESIAN_POINT('',(-13.01611328125,4.005859375,6.45));
#6855 = SURFACE_CURVE('',#6856,(#6860,#6867),.PCURVE_S1.);
#6856 = B_SPLINE_CURVE_WITH_KNOTS('',2,(#6857,#6858,#6859),
  .UNSPECIFIED.,.F.,.F.,(3,3),(0.,1.),.PIECEWISE_BEZIER_KNOTS.);
#6857 = CARTESIAN_POINT('',(-12.7646484375,3.93310546875,6.45));
#6858 = CARTESIAN_POINT('',(-12.85498046875,4.005859375,6.45));
#6859 = CARTESIAN_POINT('',(-13.01611328125,4.005859375,6.45));
#6860 = PCURVE('',#904,#6861);
#6861 = DEFINITIONAL_REPRESENTATION('',(#6862),#6866);
#6862 = LINE('',#6863,#6864);
#6863 = CARTESIAN_POINT('',(0.,-0.45));
#6864 = VECTOR('',#6865,1.);
#6865 = DIRECTION('',(1.,0.));
#6866 = ( GEOMETRIC_REPRESENTATION_CONTEXT(2) 
PARAMETRIC_REPRESENTATION_CONTEXT() REPRESENTATION_CONTEXT('2D SPACE',''
  ) );
#6867 = PCURVE('',#5589,#6868);
#6868 = DEFINITIONAL_REPRESENTATION('',(#6869),#6873);
#6869 = B_SPLINE_CURVE_WITH_KNOTS('',2,(#6870,#6871,#6872),
  .UNSPECIFIED.,.F.,.F.,(3,3),(0.,1.),.PIECEWISE_BEZIER_KNOTS.);
#6870 = CARTESIAN_POINT('',(0.82568359375,0.62548828125));
#6871 = CARTESIAN_POINT('',(0.7353515625,0.6982421875));
#6872 = CARTESIAN_POINT('',(0.57421875,0.6982421875));
#6873 = ( GEOMETRIC_REPRESENTATION_CONTEXT(2) 
PARAMETRIC_REPRESENTATION_CONTEXT() REPRESENTATION_CONTEXT('2D SPACE',''
  ) );
#6874 = ORIENTED_EDGE('',*,*,#6875,.F.);
#6875 = EDGE_CURVE('',#889,#6853,#6876,.T.);
#6876 = SURFACE_CURVE('',#6877,(#6881,#6888),.PCURVE_S1.);
#6877 = LINE('',#6878,#6879);
#6878 = CARTESIAN_POINT('',(-13.01611328125,4.005859375,6.));
#6879 = VECTOR('',#6880,1.);
#6880 = DIRECTION('',(0.,0.,1.));
#6881 = PCURVE('',#904,#6882);
#6882 = DEFINITIONAL_REPRESENTATION('',(#6883),#6887);
#6883 = LINE('',#6884,#6885);
#6884 = CARTESIAN_POINT('',(1.,0.));
#6885 = VECTOR('',#6886,1.);
#6886 = DIRECTION('',(0.,-1.));
#6887 = ( GEOMETRIC_REPRESENTATION_CONTEXT(2) 
PARAMETRIC_REPRESENTATION_CONTEXT() REPRESENTATION_CONTEXT('2D SPACE',''
  ) );
#6888 = PCURVE('',#934,#6889);
#6889 = DEFINITIONAL_REPRESENTATION('',(#6890),#6894);
#6890 = LINE('',#6891,#6892);
#6891 = CARTESIAN_POINT('',(0.,-0.));
#6892 = VECTOR('',#6893,1.);
#6893 = DIRECTION('',(0.,-1.));
#6894 = ( GEOMETRIC_REPRESENTATION_CONTEXT(2) 
PARAMETRIC_REPRESENTATION_CONTEXT() REPRESENTATION_CONTEXT('2D SPACE',''
  ) );
#6895 = ORIENTED_EDGE('',*,*,#888,.F.);
#6896 = ADVANCED_FACE('',(#6897),#962,.T.);
#6897 = FACE_BOUND('',#6898,.T.);
#6898 = EDGE_LOOP('',(#6899,#6922,#6943,#6944));
#6899 = ORIENTED_EDGE('',*,*,#6900,.T.);
#6900 = EDGE_CURVE('',#919,#6901,#6903,.T.);
#6901 = VERTEX_POINT('',#6902);
#6902 = CARTESIAN_POINT('',(-13.18603515625,4.005859375,6.45));
#6903 = SURFACE_CURVE('',#6904,(#6908,#6915),.PCURVE_S1.);
#6904 = LINE('',#6905,#6906);
#6905 = CARTESIAN_POINT('',(-13.18603515625,4.005859375,6.));
#6906 = VECTOR('',#6907,1.);
#6907 = DIRECTION('',(0.,0.,1.));
#6908 = PCURVE('',#962,#6909);
#6909 = DEFINITIONAL_REPRESENTATION('',(#6910),#6914);
#6910 = LINE('',#6911,#6912);
#6911 = CARTESIAN_POINT('',(0.,0.));
#6912 = VECTOR('',#6913,1.);
#6913 = DIRECTION('',(0.,-1.));
#6914 = ( GEOMETRIC_REPRESENTATION_CONTEXT(2) 
PARAMETRIC_REPRESENTATION_CONTEXT() REPRESENTATION_CONTEXT('2D SPACE',''
  ) );
#6915 = PCURVE('',#934,#6916);
#6916 = DEFINITIONAL_REPRESENTATION('',(#6917),#6921);
#6917 = LINE('',#6918,#6919);
#6918 = CARTESIAN_POINT('',(0.169921875,0.));
#6919 = VECTOR('',#6920,1.);
#6920 = DIRECTION('',(0.,-1.));
#6921 = ( GEOMETRIC_REPRESENTATION_CONTEXT(2) 
PARAMETRIC_REPRESENTATION_CONTEXT() REPRESENTATION_CONTEXT('2D SPACE',''
  ) );
#6922 = ORIENTED_EDGE('',*,*,#6923,.T.);
#6923 = EDGE_CURVE('',#6901,#6803,#6924,.T.);
#6924 = SURFACE_CURVE('',#6925,(#6929,#6936),.PCURVE_S1.);
#6925 = LINE('',#6926,#6927);
#6926 = CARTESIAN_POINT('',(-13.18603515625,4.005859375,6.45));
#6927 = VECTOR('',#6928,1.);
#6928 = DIRECTION('',(0.,1.,0.));
#6929 = PCURVE('',#962,#6930);
#6930 = DEFINITIONAL_REPRESENTATION('',(#6931),#6935);
#6931 = LINE('',#6932,#6933);
#6932 = CARTESIAN_POINT('',(0.,-0.45));
#6933 = VECTOR('',#6934,1.);
#6934 = DIRECTION('',(1.,0.));
#6935 = ( GEOMETRIC_REPRESENTATION_CONTEXT(2) 
PARAMETRIC_REPRESENTATION_CONTEXT() REPRESENTATION_CONTEXT('2D SPACE',''
  ) );
#6936 = PCURVE('',#5589,#6937);
#6937 = DEFINITIONAL_REPRESENTATION('',(#6938),#6942);
#6938 = LINE('',#6939,#6940);
#6939 = CARTESIAN_POINT('',(0.404296875,0.6982421875));
#6940 = VECTOR('',#6941,1.);
#6941 = DIRECTION('',(0.,1.));
#6942 = ( GEOMETRIC_REPRESENTATION_CONTEXT(2) 
PARAMETRIC_REPRESENTATION_CONTEXT() REPRESENTATION_CONTEXT('2D SPACE',''
  ) );
#6943 = ORIENTED_EDGE('',*,*,#6802,.F.);
#6944 = ORIENTED_EDGE('',*,*,#946,.F.);
#6945 = ADVANCED_FACE('',(#6946),#934,.T.);
#6946 = FACE_BOUND('',#6947,.T.);
#6947 = EDGE_LOOP('',(#6948,#6949,#6970,#6971));
#6948 = ORIENTED_EDGE('',*,*,#6875,.T.);
#6949 = ORIENTED_EDGE('',*,*,#6950,.T.);
#6950 = EDGE_CURVE('',#6853,#6901,#6951,.T.);
#6951 = SURFACE_CURVE('',#6952,(#6956,#6963),.PCURVE_S1.);
#6952 = LINE('',#6953,#6954);
#6953 = CARTESIAN_POINT('',(-13.01611328125,4.005859375,6.45));
#6954 = VECTOR('',#6955,1.);
#6955 = DIRECTION('',(-1.,0.,0.));
#6956 = PCURVE('',#934,#6957);
#6957 = DEFINITIONAL_REPRESENTATION('',(#6958),#6962);
#6958 = LINE('',#6959,#6960);
#6959 = CARTESIAN_POINT('',(0.,-0.45));
#6960 = VECTOR('',#6961,1.);
#6961 = DIRECTION('',(1.,0.));
#6962 = ( GEOMETRIC_REPRESENTATION_CONTEXT(2) 
PARAMETRIC_REPRESENTATION_CONTEXT() REPRESENTATION_CONTEXT('2D SPACE',''
  ) );
#6963 = PCURVE('',#5589,#6964);
#6964 = DEFINITIONAL_REPRESENTATION('',(#6965),#6969);
#6965 = LINE('',#6966,#6967);
#6966 = CARTESIAN_POINT('',(0.57421875,0.6982421875));
#6967 = VECTOR('',#6968,1.);
#6968 = DIRECTION('',(-1.,0.));
#6969 = ( GEOMETRIC_REPRESENTATION_CONTEXT(2) 
PARAMETRIC_REPRESENTATION_CONTEXT() REPRESENTATION_CONTEXT('2D SPACE',''
  ) );
#6970 = ORIENTED_EDGE('',*,*,#6900,.F.);
#6971 = ORIENTED_EDGE('',*,*,#918,.F.);
#6972 = ADVANCED_FACE('',(#6973),#1378,.T.);
#6973 = FACE_BOUND('',#6974,.T.);
#6974 = EDGE_LOOP('',(#6975,#6998,#7026,#7047));
#6975 = ORIENTED_EDGE('',*,*,#6976,.T.);
#6976 = EDGE_CURVE('',#1361,#6977,#6979,.T.);
#6977 = VERTEX_POINT('',#6978);
#6978 = CARTESIAN_POINT('',(-10.92919921875,3.85205078125,6.45));
#6979 = SURFACE_CURVE('',#6980,(#6984,#6991),.PCURVE_S1.);
#6980 = LINE('',#6981,#6982);
#6981 = CARTESIAN_POINT('',(-10.92919921875,3.85205078125,6.));
#6982 = VECTOR('',#6983,1.);
#6983 = DIRECTION('',(0.,0.,1.));
#6984 = PCURVE('',#1378,#6985);
#6985 = DEFINITIONAL_REPRESENTATION('',(#6986),#6990);
#6986 = LINE('',#6987,#6988);
#6987 = CARTESIAN_POINT('',(0.,0.));
#6988 = VECTOR('',#6989,1.);
#6989 = DIRECTION('',(0.,-1.));
#6990 = ( GEOMETRIC_REPRESENTATION_CONTEXT(2) 
PARAMETRIC_REPRESENTATION_CONTEXT() REPRESENTATION_CONTEXT('2D SPACE',''
  ) );
#6991 = PCURVE('',#1966,#6992);
#6992 = DEFINITIONAL_REPRESENTATION('',(#6993),#6997);
#6993 = LINE('',#6994,#6995);
#6994 = CARTESIAN_POINT('',(1.,0.));
#6995 = VECTOR('',#6996,1.);
#6996 = DIRECTION('',(0.,-1.));
#6997 = ( GEOMETRIC_REPRESENTATION_CONTEXT(2) 
PARAMETRIC_REPRESENTATION_CONTEXT() REPRESENTATION_CONTEXT('2D SPACE',''
  ) );
#6998 = ORIENTED_EDGE('',*,*,#6999,.T.);
#6999 = EDGE_CURVE('',#6977,#7000,#7002,.T.);
#7000 = VERTEX_POINT('',#7001);
#7001 = CARTESIAN_POINT('',(-11.29833984375,3.4736328125,6.45));
#7002 = SURFACE_CURVE('',#7003,(#7007,#7014),.PCURVE_S1.);
#7003 = B_SPLINE_CURVE_WITH_KNOTS('',2,(#7004,#7005,#7006),
  .UNSPECIFIED.,.F.,.F.,(3,3),(0.,1.),.PIECEWISE_BEZIER_KNOTS.);
#7004 = CARTESIAN_POINT('',(-10.92919921875,3.85205078125,6.45));
#7005 = CARTESIAN_POINT('',(-11.06005859375,3.716796875,6.45));
#7006 = CARTESIAN_POINT('',(-11.29833984375,3.4736328125,6.45));
#7007 = PCURVE('',#1378,#7008);
#7008 = DEFINITIONAL_REPRESENTATION('',(#7009),#7013);
#7009 = LINE('',#7010,#7011);
#7010 = CARTESIAN_POINT('',(0.,-0.45));
#7011 = VECTOR('',#7012,1.);
#7012 = DIRECTION('',(1.,0.));
#7013 = ( GEOMETRIC_REPRESENTATION_CONTEXT(2) 
PARAMETRIC_REPRESENTATION_CONTEXT() REPRESENTATION_CONTEXT('2D SPACE',''
  ) );
#7014 = PCURVE('',#7015,#7020);
#7015 = PLANE('',#7016);
#7016 = AXIS2_PLACEMENT_3D('',#7017,#7018,#7019);
#7017 = CARTESIAN_POINT('',(-11.68212890625,3.3076171875,6.45));
#7018 = DIRECTION('',(0.,0.,1.));
#7019 = DIRECTION('',(1.,0.,0.));
#7020 = DEFINITIONAL_REPRESENTATION('',(#7021),#7025);
#7021 = B_SPLINE_CURVE_WITH_KNOTS('',2,(#7022,#7023,#7024),
  .UNSPECIFIED.,.F.,.F.,(3,3),(0.,1.),.PIECEWISE_BEZIER_KNOTS.);
#7022 = CARTESIAN_POINT('',(0.7529296875,0.54443359375));
#7023 = CARTESIAN_POINT('',(0.6220703125,0.4091796875));
#7024 = CARTESIAN_POINT('',(0.3837890625,0.166015625));
#7025 = ( GEOMETRIC_REPRESENTATION_CONTEXT(2) 
PARAMETRIC_REPRESENTATION_CONTEXT() REPRESENTATION_CONTEXT('2D SPACE',''
  ) );
#7026 = ORIENTED_EDGE('',*,*,#7027,.F.);
#7027 = EDGE_CURVE('',#1363,#7000,#7028,.T.);
#7028 = SURFACE_CURVE('',#7029,(#7033,#7040),.PCURVE_S1.);
#7029 = LINE('',#7030,#7031);
#7030 = CARTESIAN_POINT('',(-11.29833984375,3.4736328125,6.));
#7031 = VECTOR('',#7032,1.);
#7032 = DIRECTION('',(0.,0.,1.));
#7033 = PCURVE('',#1378,#7034);
#7034 = DEFINITIONAL_REPRESENTATION('',(#7035),#7039);
#7035 = LINE('',#7036,#7037);
#7036 = CARTESIAN_POINT('',(1.,0.));
#7037 = VECTOR('',#7038,1.);
#7038 = DIRECTION('',(0.,-1.));
#7039 = ( GEOMETRIC_REPRESENTATION_CONTEXT(2) 
PARAMETRIC_REPRESENTATION_CONTEXT() REPRESENTATION_CONTEXT('2D SPACE',''
  ) );
#7040 = PCURVE('',#1408,#7041);
#7041 = DEFINITIONAL_REPRESENTATION('',(#7042),#7046);
#7042 = LINE('',#7043,#7044);
#7043 = CARTESIAN_POINT('',(0.,0.));
#7044 = VECTOR('',#7045,1.);
#7045 = DIRECTION('',(0.,-1.));
#7046 = ( GEOMETRIC_REPRESENTATION_CONTEXT(2) 
PARAMETRIC_REPRESENTATION_CONTEXT() REPRESENTATION_CONTEXT('2D SPACE',''
  ) );
#7047 = ORIENTED_EDGE('',*,*,#1360,.F.);
#7048 = ADVANCED_FACE('',(#7049),#1966,.T.);
#7049 = FACE_BOUND('',#7050,.T.);
#7050 = EDGE_LOOP('',(#7051,#7074,#7095,#7096));
#7051 = ORIENTED_EDGE('',*,*,#7052,.T.);
#7052 = EDGE_CURVE('',#1923,#7053,#7055,.T.);
#7053 = VERTEX_POINT('',#7054);
#7054 = CARTESIAN_POINT('',(-10.77392578125,4.015625,6.45));
#7055 = SURFACE_CURVE('',#7056,(#7060,#7067),.PCURVE_S1.);
#7056 = LINE('',#7057,#7058);
#7057 = CARTESIAN_POINT('',(-10.77392578125,4.015625,6.));
#7058 = VECTOR('',#7059,1.);
#7059 = DIRECTION('',(0.,0.,1.));
#7060 = PCURVE('',#1966,#7061);
#7061 = DEFINITIONAL_REPRESENTATION('',(#7062),#7066);
#7062 = LINE('',#7063,#7064);
#7063 = CARTESIAN_POINT('',(0.,0.));
#7064 = VECTOR('',#7065,1.);
#7065 = DIRECTION('',(0.,-1.));
#7066 = ( GEOMETRIC_REPRESENTATION_CONTEXT(2) 
PARAMETRIC_REPRESENTATION_CONTEXT() REPRESENTATION_CONTEXT('2D SPACE',''
  ) );
#7067 = PCURVE('',#1938,#7068);
#7068 = DEFINITIONAL_REPRESENTATION('',(#7069),#7073);
#7069 = LINE('',#7070,#7071);
#7070 = CARTESIAN_POINT('',(1.,0.));
#7071 = VECTOR('',#7072,1.);
#7072 = DIRECTION('',(0.,-1.));
#7073 = ( GEOMETRIC_REPRESENTATION_CONTEXT(2) 
PARAMETRIC_REPRESENTATION_CONTEXT() REPRESENTATION_CONTEXT('2D SPACE',''
  ) );
#7074 = ORIENTED_EDGE('',*,*,#7075,.T.);
#7075 = EDGE_CURVE('',#7053,#6977,#7076,.T.);
#7076 = SURFACE_CURVE('',#7077,(#7081,#7088),.PCURVE_S1.);
#7077 = B_SPLINE_CURVE_WITH_KNOTS('',2,(#7078,#7079,#7080),
  .UNSPECIFIED.,.F.,.F.,(3,3),(0.,1.),.PIECEWISE_BEZIER_KNOTS.);
#7078 = CARTESIAN_POINT('',(-10.77392578125,4.015625,6.45));
#7079 = CARTESIAN_POINT('',(-10.79833984375,3.9873046875,6.45));
#7080 = CARTESIAN_POINT('',(-10.92919921875,3.85205078125,6.45));
#7081 = PCURVE('',#1966,#7082);
#7082 = DEFINITIONAL_REPRESENTATION('',(#7083),#7087);
#7083 = LINE('',#7084,#7085);
#7084 = CARTESIAN_POINT('',(0.,-0.45));
#7085 = VECTOR('',#7086,1.);
#7086 = DIRECTION('',(1.,0.));
#7087 = ( GEOMETRIC_REPRESENTATION_CONTEXT(2) 
PARAMETRIC_REPRESENTATION_CONTEXT() REPRESENTATION_CONTEXT('2D SPACE',''
  ) );
#7088 = PCURVE('',#7015,#7089);
#7089 = DEFINITIONAL_REPRESENTATION('',(#7090),#7094);
#7090 = B_SPLINE_CURVE_WITH_KNOTS('',2,(#7091,#7092,#7093),
  .UNSPECIFIED.,.F.,.F.,(3,3),(0.,1.),.PIECEWISE_BEZIER_KNOTS.);
#7091 = CARTESIAN_POINT('',(0.908203125,0.7080078125));
#7092 = CARTESIAN_POINT('',(0.8837890625,0.6796875));
#7093 = CARTESIAN_POINT('',(0.7529296875,0.54443359375));
#7094 = ( GEOMETRIC_REPRESENTATION_CONTEXT(2) 
PARAMETRIC_REPRESENTATION_CONTEXT() REPRESENTATION_CONTEXT('2D SPACE',''
  ) );
#7095 = ORIENTED_EDGE('',*,*,#6976,.F.);
#7096 = ORIENTED_EDGE('',*,*,#1952,.F.);
#7097 = ADVANCED_FACE('',(#7098),#1408,.T.);
#7098 = FACE_BOUND('',#7099,.T.);
#7099 = EDGE_LOOP('',(#7100,#7101,#7124,#7145));
#7100 = ORIENTED_EDGE('',*,*,#7027,.T.);
#7101 = ORIENTED_EDGE('',*,*,#7102,.T.);
#7102 = EDGE_CURVE('',#7000,#7103,#7105,.T.);
#7103 = VERTEX_POINT('',#7104);
#7104 = CARTESIAN_POINT('',(-10.60986328125,3.4736328125,6.45));
#7105 = SURFACE_CURVE('',#7106,(#7110,#7117),.PCURVE_S1.);
#7106 = LINE('',#7107,#7108);
#7107 = CARTESIAN_POINT('',(-11.29833984375,3.4736328125,6.45));
#7108 = VECTOR('',#7109,1.);
#7109 = DIRECTION('',(1.,0.,0.));
#7110 = PCURVE('',#1408,#7111);
#7111 = DEFINITIONAL_REPRESENTATION('',(#7112),#7116);
#7112 = LINE('',#7113,#7114);
#7113 = CARTESIAN_POINT('',(0.,-0.45));
#7114 = VECTOR('',#7115,1.);
#7115 = DIRECTION('',(1.,0.));
#7116 = ( GEOMETRIC_REPRESENTATION_CONTEXT(2) 
PARAMETRIC_REPRESENTATION_CONTEXT() REPRESENTATION_CONTEXT('2D SPACE',''
  ) );
#7117 = PCURVE('',#7015,#7118);
#7118 = DEFINITIONAL_REPRESENTATION('',(#7119),#7123);
#7119 = LINE('',#7120,#7121);
#7120 = CARTESIAN_POINT('',(0.3837890625,0.166015625));
#7121 = VECTOR('',#7122,1.);
#7122 = DIRECTION('',(1.,0.));
#7123 = ( GEOMETRIC_REPRESENTATION_CONTEXT(2) 
PARAMETRIC_REPRESENTATION_CONTEXT() REPRESENTATION_CONTEXT('2D SPACE',''
  ) );
#7124 = ORIENTED_EDGE('',*,*,#7125,.F.);
#7125 = EDGE_CURVE('',#1393,#7103,#7126,.T.);
#7126 = SURFACE_CURVE('',#7127,(#7131,#7138),.PCURVE_S1.);
#7127 = LINE('',#7128,#7129);
#7128 = CARTESIAN_POINT('',(-10.60986328125,3.4736328125,6.));
#7129 = VECTOR('',#7130,1.);
#7130 = DIRECTION('',(0.,0.,1.));
#7131 = PCURVE('',#1408,#7132);
#7132 = DEFINITIONAL_REPRESENTATION('',(#7133),#7137);
#7133 = LINE('',#7134,#7135);
#7134 = CARTESIAN_POINT('',(0.6884765625,0.));
#7135 = VECTOR('',#7136,1.);
#7136 = DIRECTION('',(0.,-1.));
#7137 = ( GEOMETRIC_REPRESENTATION_CONTEXT(2) 
PARAMETRIC_REPRESENTATION_CONTEXT() REPRESENTATION_CONTEXT('2D SPACE',''
  ) );
#7138 = PCURVE('',#1436,#7139);
#7139 = DEFINITIONAL_REPRESENTATION('',(#7140),#7144);
#7140 = LINE('',#7141,#7142);
#7141 = CARTESIAN_POINT('',(0.,0.));
#7142 = VECTOR('',#7143,1.);
#7143 = DIRECTION('',(0.,-1.));
#7144 = ( GEOMETRIC_REPRESENTATION_CONTEXT(2) 
PARAMETRIC_REPRESENTATION_CONTEXT() REPRESENTATION_CONTEXT('2D SPACE',''
  ) );
#7145 = ORIENTED_EDGE('',*,*,#1392,.F.);
#7146 = ADVANCED_FACE('',(#7147),#1938,.T.);
#7147 = FACE_BOUND('',#7148,.T.);
#7148 = EDGE_LOOP('',(#7149,#7172,#7193,#7194));
#7149 = ORIENTED_EDGE('',*,*,#7150,.T.);
#7150 = EDGE_CURVE('',#1893,#7151,#7153,.T.);
#7151 = VERTEX_POINT('',#7152);
#7152 = CARTESIAN_POINT('',(-10.6513671875,4.20556640625,6.45));
#7153 = SURFACE_CURVE('',#7154,(#7158,#7165),.PCURVE_S1.);
#7154 = LINE('',#7155,#7156);
#7155 = CARTESIAN_POINT('',(-10.6513671875,4.20556640625,6.));
#7156 = VECTOR('',#7157,1.);
#7157 = DIRECTION('',(0.,0.,1.));
#7158 = PCURVE('',#1938,#7159);
#7159 = DEFINITIONAL_REPRESENTATION('',(#7160),#7164);
#7160 = LINE('',#7161,#7162);
#7161 = CARTESIAN_POINT('',(0.,0.));
#7162 = VECTOR('',#7163,1.);
#7163 = DIRECTION('',(0.,-1.));
#7164 = ( GEOMETRIC_REPRESENTATION_CONTEXT(2) 
PARAMETRIC_REPRESENTATION_CONTEXT() REPRESENTATION_CONTEXT('2D SPACE',''
  ) );
#7165 = PCURVE('',#1908,#7166);
#7166 = DEFINITIONAL_REPRESENTATION('',(#7167),#7171);
#7167 = LINE('',#7168,#7169);
#7168 = CARTESIAN_POINT('',(1.,0.));
#7169 = VECTOR('',#7170,1.);
#7170 = DIRECTION('',(0.,-1.));
#7171 = ( GEOMETRIC_REPRESENTATION_CONTEXT(2) 
PARAMETRIC_REPRESENTATION_CONTEXT() REPRESENTATION_CONTEXT('2D SPACE',''
  ) );
#7172 = ORIENTED_EDGE('',*,*,#7173,.T.);
#7173 = EDGE_CURVE('',#7151,#7053,#7174,.T.);
#7174 = SURFACE_CURVE('',#7175,(#7179,#7186),.PCURVE_S1.);
#7175 = B_SPLINE_CURVE_WITH_KNOTS('',2,(#7176,#7177,#7178),
  .UNSPECIFIED.,.F.,.F.,(3,3),(0.,1.),.PIECEWISE_BEZIER_KNOTS.);
#7176 = CARTESIAN_POINT('',(-10.6513671875,4.20556640625,6.45));
#7177 = CARTESIAN_POINT('',(-10.68505859375,4.125,6.45));
#7178 = CARTESIAN_POINT('',(-10.77392578125,4.015625,6.45));
#7179 = PCURVE('',#1938,#7180);
#7180 = DEFINITIONAL_REPRESENTATION('',(#7181),#7185);
#7181 = LINE('',#7182,#7183);
#7182 = CARTESIAN_POINT('',(0.,-0.45));
#7183 = VECTOR('',#7184,1.);
#7184 = DIRECTION('',(1.,0.));
#7185 = ( GEOMETRIC_REPRESENTATION_CONTEXT(2) 
PARAMETRIC_REPRESENTATION_CONTEXT() REPRESENTATION_CONTEXT('2D SPACE',''
  ) );
#7186 = PCURVE('',#7015,#7187);
#7187 = DEFINITIONAL_REPRESENTATION('',(#7188),#7192);
#7188 = B_SPLINE_CURVE_WITH_KNOTS('',2,(#7189,#7190,#7191),
  .UNSPECIFIED.,.F.,.F.,(3,3),(0.,1.),.PIECEWISE_BEZIER_KNOTS.);
#7189 = CARTESIAN_POINT('',(1.03076171875,0.89794921875));
#7190 = CARTESIAN_POINT('',(0.9970703125,0.8173828125));
#7191 = CARTESIAN_POINT('',(0.908203125,0.7080078125));
#7192 = ( GEOMETRIC_REPRESENTATION_CONTEXT(2) 
PARAMETRIC_REPRESENTATION_CONTEXT() REPRESENTATION_CONTEXT('2D SPACE',''
  ) );
#7193 = ORIENTED_EDGE('',*,*,#7052,.F.);
#7194 = ORIENTED_EDGE('',*,*,#1922,.F.);
#7195 = ADVANCED_FACE('',(#7196),#1436,.T.);
#7196 = FACE_BOUND('',#7197,.T.);
#7197 = EDGE_LOOP('',(#7198,#7199,#7222,#7243));
#7198 = ORIENTED_EDGE('',*,*,#7125,.T.);
#7199 = ORIENTED_EDGE('',*,*,#7200,.T.);
#7200 = EDGE_CURVE('',#7103,#7201,#7203,.T.);
#7201 = VERTEX_POINT('',#7202);
#7202 = CARTESIAN_POINT('',(-10.60986328125,3.3076171875,6.45));
#7203 = SURFACE_CURVE('',#7204,(#7208,#7215),.PCURVE_S1.);
#7204 = LINE('',#7205,#7206);
#7205 = CARTESIAN_POINT('',(-10.60986328125,3.4736328125,6.45));
#7206 = VECTOR('',#7207,1.);
#7207 = DIRECTION('',(0.,-1.,0.));
#7208 = PCURVE('',#1436,#7209);
#7209 = DEFINITIONAL_REPRESENTATION('',(#7210),#7214);
#7210 = LINE('',#7211,#7212);
#7211 = CARTESIAN_POINT('',(0.,-0.45));
#7212 = VECTOR('',#7213,1.);
#7213 = DIRECTION('',(1.,0.));
#7214 = ( GEOMETRIC_REPRESENTATION_CONTEXT(2) 
PARAMETRIC_REPRESENTATION_CONTEXT() REPRESENTATION_CONTEXT('2D SPACE',''
  ) );
#7215 = PCURVE('',#7015,#7216);
#7216 = DEFINITIONAL_REPRESENTATION('',(#7217),#7221);
#7217 = LINE('',#7218,#7219);
#7218 = CARTESIAN_POINT('',(1.072265625,0.166015625));
#7219 = VECTOR('',#7220,1.);
#7220 = DIRECTION('',(0.,-1.));
#7221 = ( GEOMETRIC_REPRESENTATION_CONTEXT(2) 
PARAMETRIC_REPRESENTATION_CONTEXT() REPRESENTATION_CONTEXT('2D SPACE',''
  ) );
#7222 = ORIENTED_EDGE('',*,*,#7223,.F.);
#7223 = EDGE_CURVE('',#1421,#7201,#7224,.T.);
#7224 = SURFACE_CURVE('',#7225,(#7229,#7236),.PCURVE_S1.);
#7225 = LINE('',#7226,#7227);
#7226 = CARTESIAN_POINT('',(-10.60986328125,3.3076171875,6.));
#7227 = VECTOR('',#7228,1.);
#7228 = DIRECTION('',(0.,0.,1.));
#7229 = PCURVE('',#1436,#7230);
#7230 = DEFINITIONAL_REPRESENTATION('',(#7231),#7235);
#7231 = LINE('',#7232,#7233);
#7232 = CARTESIAN_POINT('',(0.166015625,0.));
#7233 = VECTOR('',#7234,1.);
#7234 = DIRECTION('',(0.,-1.));
#7235 = ( GEOMETRIC_REPRESENTATION_CONTEXT(2) 
PARAMETRIC_REPRESENTATION_CONTEXT() REPRESENTATION_CONTEXT('2D SPACE',''
  ) );
#7236 = PCURVE('',#1464,#7237);
#7237 = DEFINITIONAL_REPRESENTATION('',(#7238),#7242);
#7238 = LINE('',#7239,#7240);
#7239 = CARTESIAN_POINT('',(0.,-0.));
#7240 = VECTOR('',#7241,1.);
#7241 = DIRECTION('',(0.,-1.));
#7242 = ( GEOMETRIC_REPRESENTATION_CONTEXT(2) 
PARAMETRIC_REPRESENTATION_CONTEXT() REPRESENTATION_CONTEXT('2D SPACE',''
  ) );
#7243 = ORIENTED_EDGE('',*,*,#1420,.F.);
#7244 = ADVANCED_FACE('',(#7245),#1908,.T.);
#7245 = FACE_BOUND('',#7246,.T.);
#7246 = EDGE_LOOP('',(#7247,#7270,#7291,#7292));
#7247 = ORIENTED_EDGE('',*,*,#7248,.T.);
#7248 = EDGE_CURVE('',#1863,#7249,#7251,.T.);
#7249 = VERTEX_POINT('',#7250);
#7250 = CARTESIAN_POINT('',(-10.61767578125,4.3759765625,6.45));
#7251 = SURFACE_CURVE('',#7252,(#7256,#7263),.PCURVE_S1.);
#7252 = LINE('',#7253,#7254);
#7253 = CARTESIAN_POINT('',(-10.61767578125,4.3759765625,6.));
#7254 = VECTOR('',#7255,1.);
#7255 = DIRECTION('',(0.,0.,1.));
#7256 = PCURVE('',#1908,#7257);
#7257 = DEFINITIONAL_REPRESENTATION('',(#7258),#7262);
#7258 = LINE('',#7259,#7260);
#7259 = CARTESIAN_POINT('',(0.,0.));
#7260 = VECTOR('',#7261,1.);
#7261 = DIRECTION('',(0.,-1.));
#7262 = ( GEOMETRIC_REPRESENTATION_CONTEXT(2) 
PARAMETRIC_REPRESENTATION_CONTEXT() REPRESENTATION_CONTEXT('2D SPACE',''
  ) );
#7263 = PCURVE('',#1878,#7264);
#7264 = DEFINITIONAL_REPRESENTATION('',(#7265),#7269);
#7265 = LINE('',#7266,#7267);
#7266 = CARTESIAN_POINT('',(1.,0.));
#7267 = VECTOR('',#7268,1.);
#7268 = DIRECTION('',(0.,-1.));
#7269 = ( GEOMETRIC_REPRESENTATION_CONTEXT(2) 
PARAMETRIC_REPRESENTATION_CONTEXT() REPRESENTATION_CONTEXT('2D SPACE',''
  ) );
#7270 = ORIENTED_EDGE('',*,*,#7271,.T.);
#7271 = EDGE_CURVE('',#7249,#7151,#7272,.T.);
#7272 = SURFACE_CURVE('',#7273,(#7277,#7284),.PCURVE_S1.);
#7273 = B_SPLINE_CURVE_WITH_KNOTS('',2,(#7274,#7275,#7276),
  .UNSPECIFIED.,.F.,.F.,(3,3),(0.,1.),.PIECEWISE_BEZIER_KNOTS.);
#7274 = CARTESIAN_POINT('',(-10.61767578125,4.3759765625,6.45));
#7275 = CARTESIAN_POINT('',(-10.61767578125,4.2861328125,6.45));
#7276 = CARTESIAN_POINT('',(-10.6513671875,4.20556640625,6.45));
#7277 = PCURVE('',#1908,#7278);
#7278 = DEFINITIONAL_REPRESENTATION('',(#7279),#7283);
#7279 = LINE('',#7280,#7281);
#7280 = CARTESIAN_POINT('',(0.,-0.45));
#7281 = VECTOR('',#7282,1.);
#7282 = DIRECTION('',(1.,0.));
#7283 = ( GEOMETRIC_REPRESENTATION_CONTEXT(2) 
PARAMETRIC_REPRESENTATION_CONTEXT() REPRESENTATION_CONTEXT('2D SPACE',''
  ) );
#7284 = PCURVE('',#7015,#7285);
#7285 = DEFINITIONAL_REPRESENTATION('',(#7286),#7290);
#7286 = B_SPLINE_CURVE_WITH_KNOTS('',2,(#7287,#7288,#7289),
  .UNSPECIFIED.,.F.,.F.,(3,3),(0.,1.),.PIECEWISE_BEZIER_KNOTS.);
#7287 = CARTESIAN_POINT('',(1.064453125,1.068359375));
#7288 = CARTESIAN_POINT('',(1.064453125,0.978515625));
#7289 = CARTESIAN_POINT('',(1.03076171875,0.89794921875));
#7290 = ( GEOMETRIC_REPRESENTATION_CONTEXT(2) 
PARAMETRIC_REPRESENTATION_CONTEXT() REPRESENTATION_CONTEXT('2D SPACE',''
  ) );
#7291 = ORIENTED_EDGE('',*,*,#7150,.F.);
#7292 = ORIENTED_EDGE('',*,*,#1892,.F.);
#7293 = ADVANCED_FACE('',(#7294),#1464,.T.);
#7294 = FACE_BOUND('',#7295,.T.);
#7295 = EDGE_LOOP('',(#7296,#7297,#7320,#7341));
#7296 = ORIENTED_EDGE('',*,*,#7223,.T.);
#7297 = ORIENTED_EDGE('',*,*,#7298,.T.);
#7298 = EDGE_CURVE('',#7201,#7299,#7301,.T.);
#7299 = VERTEX_POINT('',#7300);
#7300 = CARTESIAN_POINT('',(-11.53564453125,3.3076171875,6.45));
#7301 = SURFACE_CURVE('',#7302,(#7306,#7313),.PCURVE_S1.);
#7302 = LINE('',#7303,#7304);
#7303 = CARTESIAN_POINT('',(-10.60986328125,3.3076171875,6.45));
#7304 = VECTOR('',#7305,1.);
#7305 = DIRECTION('',(-1.,0.,0.));
#7306 = PCURVE('',#1464,#7307);
#7307 = DEFINITIONAL_REPRESENTATION('',(#7308),#7312);
#7308 = LINE('',#7309,#7310);
#7309 = CARTESIAN_POINT('',(0.,-0.45));
#7310 = VECTOR('',#7311,1.);
#7311 = DIRECTION('',(1.,0.));
#7312 = ( GEOMETRIC_REPRESENTATION_CONTEXT(2) 
PARAMETRIC_REPRESENTATION_CONTEXT() REPRESENTATION_CONTEXT('2D SPACE',''
  ) );
#7313 = PCURVE('',#7015,#7314);
#7314 = DEFINITIONAL_REPRESENTATION('',(#7315),#7319);
#7315 = LINE('',#7316,#7317);
#7316 = CARTESIAN_POINT('',(1.072265625,0.));
#7317 = VECTOR('',#7318,1.);
#7318 = DIRECTION('',(-1.,0.));
#7319 = ( GEOMETRIC_REPRESENTATION_CONTEXT(2) 
PARAMETRIC_REPRESENTATION_CONTEXT() REPRESENTATION_CONTEXT('2D SPACE',''
  ) );
#7320 = ORIENTED_EDGE('',*,*,#7321,.F.);
#7321 = EDGE_CURVE('',#1449,#7299,#7322,.T.);
#7322 = SURFACE_CURVE('',#7323,(#7327,#7334),.PCURVE_S1.);
#7323 = LINE('',#7324,#7325);
#7324 = CARTESIAN_POINT('',(-11.53564453125,3.3076171875,6.));
#7325 = VECTOR('',#7326,1.);
#7326 = DIRECTION('',(0.,0.,1.));
#7327 = PCURVE('',#1464,#7328);
#7328 = DEFINITIONAL_REPRESENTATION('',(#7329),#7333);
#7329 = LINE('',#7330,#7331);
#7330 = CARTESIAN_POINT('',(0.92578125,0.));
#7331 = VECTOR('',#7332,1.);
#7332 = DIRECTION('',(0.,-1.));
#7333 = ( GEOMETRIC_REPRESENTATION_CONTEXT(2) 
PARAMETRIC_REPRESENTATION_CONTEXT() REPRESENTATION_CONTEXT('2D SPACE',''
  ) );
#7334 = PCURVE('',#1492,#7335);
#7335 = DEFINITIONAL_REPRESENTATION('',(#7336),#7340);
#7336 = LINE('',#7337,#7338);
#7337 = CARTESIAN_POINT('',(0.,0.));
#7338 = VECTOR('',#7339,1.);
#7339 = DIRECTION('',(0.,-1.));
#7340 = ( GEOMETRIC_REPRESENTATION_CONTEXT(2) 
PARAMETRIC_REPRESENTATION_CONTEXT() REPRESENTATION_CONTEXT('2D SPACE',''
  ) );
#7341 = ORIENTED_EDGE('',*,*,#1448,.F.);
#7342 = ADVANCED_FACE('',(#7343),#1878,.T.);
#7343 = FACE_BOUND('',#7344,.T.);
#7344 = EDGE_LOOP('',(#7345,#7368,#7389,#7390));
#7345 = ORIENTED_EDGE('',*,*,#7346,.T.);
#7346 = EDGE_CURVE('',#1833,#7347,#7349,.T.);
#7347 = VERTEX_POINT('',#7348);
#7348 = CARTESIAN_POINT('',(-10.75244140625,4.6787109375,6.45));
#7349 = SURFACE_CURVE('',#7350,(#7354,#7361),.PCURVE_S1.);
#7350 = LINE('',#7351,#7352);
#7351 = CARTESIAN_POINT('',(-10.75244140625,4.6787109375,6.));
#7352 = VECTOR('',#7353,1.);
#7353 = DIRECTION('',(0.,0.,1.));
#7354 = PCURVE('',#1878,#7355);
#7355 = DEFINITIONAL_REPRESENTATION('',(#7356),#7360);
#7356 = LINE('',#7357,#7358);
#7357 = CARTESIAN_POINT('',(0.,0.));
#7358 = VECTOR('',#7359,1.);
#7359 = DIRECTION('',(0.,-1.));
#7360 = ( GEOMETRIC_REPRESENTATION_CONTEXT(2) 
PARAMETRIC_REPRESENTATION_CONTEXT() REPRESENTATION_CONTEXT('2D SPACE',''
  ) );
#7361 = PCURVE('',#1848,#7362);
#7362 = DEFINITIONAL_REPRESENTATION('',(#7363),#7367);
#7363 = LINE('',#7364,#7365);
#7364 = CARTESIAN_POINT('',(1.,0.));
#7365 = VECTOR('',#7366,1.);
#7366 = DIRECTION('',(0.,-1.));
#7367 = ( GEOMETRIC_REPRESENTATION_CONTEXT(2) 
PARAMETRIC_REPRESENTATION_CONTEXT() REPRESENTATION_CONTEXT('2D SPACE',''
  ) );
#7368 = ORIENTED_EDGE('',*,*,#7369,.T.);
#7369 = EDGE_CURVE('',#7347,#7249,#7370,.T.);
#7370 = SURFACE_CURVE('',#7371,(#7375,#7382),.PCURVE_S1.);
#7371 = B_SPLINE_CURVE_WITH_KNOTS('',2,(#7372,#7373,#7374),
  .UNSPECIFIED.,.F.,.F.,(3,3),(0.,1.),.PIECEWISE_BEZIER_KNOTS.);
#7372 = CARTESIAN_POINT('',(-10.75244140625,4.6787109375,6.45));
#7373 = CARTESIAN_POINT('',(-10.61767578125,4.5654296875,6.45));
#7374 = CARTESIAN_POINT('',(-10.61767578125,4.3759765625,6.45));
#7375 = PCURVE('',#1878,#7376);
#7376 = DEFINITIONAL_REPRESENTATION('',(#7377),#7381);
#7377 = LINE('',#7378,#7379);
#7378 = CARTESIAN_POINT('',(0.,-0.45));
#7379 = VECTOR('',#7380,1.);
#7380 = DIRECTION('',(1.,0.));
#7381 = ( GEOMETRIC_REPRESENTATION_CONTEXT(2) 
PARAMETRIC_REPRESENTATION_CONTEXT() REPRESENTATION_CONTEXT('2D SPACE',''
  ) );
#7382 = PCURVE('',#7015,#7383);
#7383 = DEFINITIONAL_REPRESENTATION('',(#7384),#7388);
#7384 = B_SPLINE_CURVE_WITH_KNOTS('',2,(#7385,#7386,#7387),
  .UNSPECIFIED.,.F.,.F.,(3,3),(0.,1.),.PIECEWISE_BEZIER_KNOTS.);
#7385 = CARTESIAN_POINT('',(0.9296875,1.37109375));
#7386 = CARTESIAN_POINT('',(1.064453125,1.2578125));
#7387 = CARTESIAN_POINT('',(1.064453125,1.068359375));
#7388 = ( GEOMETRIC_REPRESENTATION_CONTEXT(2) 
PARAMETRIC_REPRESENTATION_CONTEXT() REPRESENTATION_CONTEXT('2D SPACE',''
  ) );
#7389 = ORIENTED_EDGE('',*,*,#7248,.F.);
#7390 = ORIENTED_EDGE('',*,*,#1862,.F.);
#7391 = ADVANCED_FACE('',(#7392),#1492,.T.);
#7392 = FACE_BOUND('',#7393,.T.);
#7393 = EDGE_LOOP('',(#7394,#7395,#7418,#7439));
#7394 = ORIENTED_EDGE('',*,*,#7321,.T.);
#7395 = ORIENTED_EDGE('',*,*,#7396,.T.);
#7396 = EDGE_CURVE('',#7299,#7397,#7399,.T.);
#7397 = VERTEX_POINT('',#7398);
#7398 = CARTESIAN_POINT('',(-11.53564453125,3.4736328125,6.45));
#7399 = SURFACE_CURVE('',#7400,(#7404,#7411),.PCURVE_S1.);
#7400 = LINE('',#7401,#7402);
#7401 = CARTESIAN_POINT('',(-11.53564453125,3.3076171875,6.45));
#7402 = VECTOR('',#7403,1.);
#7403 = DIRECTION('',(0.,1.,0.));
#7404 = PCURVE('',#1492,#7405);
#7405 = DEFINITIONAL_REPRESENTATION('',(#7406),#7410);
#7406 = LINE('',#7407,#7408);
#7407 = CARTESIAN_POINT('',(0.,-0.45));
#7408 = VECTOR('',#7409,1.);
#7409 = DIRECTION('',(1.,0.));
#7410 = ( GEOMETRIC_REPRESENTATION_CONTEXT(2) 
PARAMETRIC_REPRESENTATION_CONTEXT() REPRESENTATION_CONTEXT('2D SPACE',''
  ) );
#7411 = PCURVE('',#7015,#7412);
#7412 = DEFINITIONAL_REPRESENTATION('',(#7413),#7417);
#7413 = LINE('',#7414,#7415);
#7414 = CARTESIAN_POINT('',(0.146484375,0.));
#7415 = VECTOR('',#7416,1.);
#7416 = DIRECTION('',(0.,1.));
#7417 = ( GEOMETRIC_REPRESENTATION_CONTEXT(2) 
PARAMETRIC_REPRESENTATION_CONTEXT() REPRESENTATION_CONTEXT('2D SPACE',''
  ) );
#7418 = ORIENTED_EDGE('',*,*,#7419,.F.);
#7419 = EDGE_CURVE('',#1477,#7397,#7420,.T.);
#7420 = SURFACE_CURVE('',#7421,(#7425,#7432),.PCURVE_S1.);
#7421 = LINE('',#7422,#7423);
#7422 = CARTESIAN_POINT('',(-11.53564453125,3.4736328125,6.));
#7423 = VECTOR('',#7424,1.);
#7424 = DIRECTION('',(0.,0.,1.));
#7425 = PCURVE('',#1492,#7426);
#7426 = DEFINITIONAL_REPRESENTATION('',(#7427),#7431);
#7427 = LINE('',#7428,#7429);
#7428 = CARTESIAN_POINT('',(0.166015625,0.));
#7429 = VECTOR('',#7430,1.);
#7430 = DIRECTION('',(0.,-1.));
#7431 = ( GEOMETRIC_REPRESENTATION_CONTEXT(2) 
PARAMETRIC_REPRESENTATION_CONTEXT() REPRESENTATION_CONTEXT('2D SPACE',''
  ) );
#7432 = PCURVE('',#1520,#7433);
#7433 = DEFINITIONAL_REPRESENTATION('',(#7434),#7438);
#7434 = LINE('',#7435,#7436);
#7435 = CARTESIAN_POINT('',(0.,0.));
#7436 = VECTOR('',#7437,1.);
#7437 = DIRECTION('',(0.,-1.));
#7438 = ( GEOMETRIC_REPRESENTATION_CONTEXT(2) 
PARAMETRIC_REPRESENTATION_CONTEXT() REPRESENTATION_CONTEXT('2D SPACE',''
  ) );
#7439 = ORIENTED_EDGE('',*,*,#1476,.F.);
#7440 = ADVANCED_FACE('',(#7441),#1848,.T.);
#7441 = FACE_BOUND('',#7442,.T.);
#7442 = EDGE_LOOP('',(#7443,#7466,#7487,#7488));
#7443 = ORIENTED_EDGE('',*,*,#7444,.T.);
#7444 = EDGE_CURVE('',#1803,#7445,#7447,.T.);
#7445 = VERTEX_POINT('',#7446);
#7446 = CARTESIAN_POINT('',(-11.11376953125,4.7919921875,6.45));
#7447 = SURFACE_CURVE('',#7448,(#7452,#7459),.PCURVE_S1.);
#7448 = LINE('',#7449,#7450);
#7449 = CARTESIAN_POINT('',(-11.11376953125,4.7919921875,6.));
#7450 = VECTOR('',#7451,1.);
#7451 = DIRECTION('',(0.,0.,1.));
#7452 = PCURVE('',#1848,#7453);
#7453 = DEFINITIONAL_REPRESENTATION('',(#7454),#7458);
#7454 = LINE('',#7455,#7456);
#7455 = CARTESIAN_POINT('',(0.,0.));
#7456 = VECTOR('',#7457,1.);
#7457 = DIRECTION('',(0.,-1.));
#7458 = ( GEOMETRIC_REPRESENTATION_CONTEXT(2) 
PARAMETRIC_REPRESENTATION_CONTEXT() REPRESENTATION_CONTEXT('2D SPACE',''
  ) );
#7459 = PCURVE('',#1818,#7460);
#7460 = DEFINITIONAL_REPRESENTATION('',(#7461),#7465);
#7461 = LINE('',#7462,#7463);
#7462 = CARTESIAN_POINT('',(1.,0.));
#7463 = VECTOR('',#7464,1.);
#7464 = DIRECTION('',(0.,-1.));
#7465 = ( GEOMETRIC_REPRESENTATION_CONTEXT(2) 
PARAMETRIC_REPRESENTATION_CONTEXT() REPRESENTATION_CONTEXT('2D SPACE',''
  ) );
#7466 = ORIENTED_EDGE('',*,*,#7467,.T.);
#7467 = EDGE_CURVE('',#7445,#7347,#7468,.T.);
#7468 = SURFACE_CURVE('',#7469,(#7473,#7480),.PCURVE_S1.);
#7469 = B_SPLINE_CURVE_WITH_KNOTS('',2,(#7470,#7471,#7472),
  .UNSPECIFIED.,.F.,.F.,(3,3),(0.,1.),.PIECEWISE_BEZIER_KNOTS.);
#7470 = CARTESIAN_POINT('',(-11.11376953125,4.7919921875,6.45));
#7471 = CARTESIAN_POINT('',(-10.88720703125,4.7919921875,6.45));
#7472 = CARTESIAN_POINT('',(-10.75244140625,4.6787109375,6.45));
#7473 = PCURVE('',#1848,#7474);
#7474 = DEFINITIONAL_REPRESENTATION('',(#7475),#7479);
#7475 = LINE('',#7476,#7477);
#7476 = CARTESIAN_POINT('',(0.,-0.45));
#7477 = VECTOR('',#7478,1.);
#7478 = DIRECTION('',(1.,0.));
#7479 = ( GEOMETRIC_REPRESENTATION_CONTEXT(2) 
PARAMETRIC_REPRESENTATION_CONTEXT() REPRESENTATION_CONTEXT('2D SPACE',''
  ) );
#7480 = PCURVE('',#7015,#7481);
#7481 = DEFINITIONAL_REPRESENTATION('',(#7482),#7486);
#7482 = B_SPLINE_CURVE_WITH_KNOTS('',2,(#7483,#7484,#7485),
  .UNSPECIFIED.,.F.,.F.,(3,3),(0.,1.),.PIECEWISE_BEZIER_KNOTS.);
#7483 = CARTESIAN_POINT('',(0.568359375,1.484375));
#7484 = CARTESIAN_POINT('',(0.794921875,1.484375));
#7485 = CARTESIAN_POINT('',(0.9296875,1.37109375));
#7486 = ( GEOMETRIC_REPRESENTATION_CONTEXT(2) 
PARAMETRIC_REPRESENTATION_CONTEXT() REPRESENTATION_CONTEXT('2D SPACE',''
  ) );
#7487 = ORIENTED_EDGE('',*,*,#7346,.F.);
#7488 = ORIENTED_EDGE('',*,*,#1832,.F.);
#7489 = ADVANCED_FACE('',(#7490),#1520,.T.);
#7490 = FACE_BOUND('',#7491,.T.);
#7491 = EDGE_LOOP('',(#7492,#7493,#7516,#7537));
#7492 = ORIENTED_EDGE('',*,*,#7419,.T.);
#7493 = ORIENTED_EDGE('',*,*,#7494,.T.);
#7494 = EDGE_CURVE('',#7397,#7495,#7497,.T.);
#7495 = VERTEX_POINT('',#7496);
#7496 = CARTESIAN_POINT('',(-11.2294921875,3.78564453125,6.45));
#7497 = SURFACE_CURVE('',#7498,(#7502,#7509),.PCURVE_S1.);
#7498 = B_SPLINE_CURVE_WITH_KNOTS('',2,(#7499,#7500,#7501),
  .UNSPECIFIED.,.F.,.F.,(3,3),(0.,1.),.PIECEWISE_BEZIER_KNOTS.);
#7499 = CARTESIAN_POINT('',(-11.53564453125,3.4736328125,6.45));
#7500 = CARTESIAN_POINT('',(-11.42333984375,3.58984375,6.45));
#7501 = CARTESIAN_POINT('',(-11.2294921875,3.78564453125,6.45));
#7502 = PCURVE('',#1520,#7503);
#7503 = DEFINITIONAL_REPRESENTATION('',(#7504),#7508);
#7504 = LINE('',#7505,#7506);
#7505 = CARTESIAN_POINT('',(0.,-0.45));
#7506 = VECTOR('',#7507,1.);
#7507 = DIRECTION('',(1.,0.));
#7508 = ( GEOMETRIC_REPRESENTATION_CONTEXT(2) 
PARAMETRIC_REPRESENTATION_CONTEXT() REPRESENTATION_CONTEXT('2D SPACE',''
  ) );
#7509 = PCURVE('',#7015,#7510);
#7510 = DEFINITIONAL_REPRESENTATION('',(#7511),#7515);
#7511 = B_SPLINE_CURVE_WITH_KNOTS('',2,(#7512,#7513,#7514),
  .UNSPECIFIED.,.F.,.F.,(3,3),(0.,1.),.PIECEWISE_BEZIER_KNOTS.);
#7512 = CARTESIAN_POINT('',(0.146484375,0.166015625));
#7513 = CARTESIAN_POINT('',(0.2587890625,0.2822265625));
#7514 = CARTESIAN_POINT('',(0.45263671875,0.47802734375));
#7515 = ( GEOMETRIC_REPRESENTATION_CONTEXT(2) 
PARAMETRIC_REPRESENTATION_CONTEXT() REPRESENTATION_CONTEXT('2D SPACE',''
  ) );
#7516 = ORIENTED_EDGE('',*,*,#7517,.F.);
#7517 = EDGE_CURVE('',#1505,#7495,#7518,.T.);
#7518 = SURFACE_CURVE('',#7519,(#7523,#7530),.PCURVE_S1.);
#7519 = LINE('',#7520,#7521);
#7520 = CARTESIAN_POINT('',(-11.2294921875,3.78564453125,6.));
#7521 = VECTOR('',#7522,1.);
#7522 = DIRECTION('',(0.,0.,1.));
#7523 = PCURVE('',#1520,#7524);
#7524 = DEFINITIONAL_REPRESENTATION('',(#7525),#7529);
#7525 = LINE('',#7526,#7527);
#7526 = CARTESIAN_POINT('',(1.,0.));
#7527 = VECTOR('',#7528,1.);
#7528 = DIRECTION('',(0.,-1.));
#7529 = ( GEOMETRIC_REPRESENTATION_CONTEXT(2) 
PARAMETRIC_REPRESENTATION_CONTEXT() REPRESENTATION_CONTEXT('2D SPACE',''
  ) );
#7530 = PCURVE('',#1550,#7531);
#7531 = DEFINITIONAL_REPRESENTATION('',(#7532),#7536);
#7532 = LINE('',#7533,#7534);
#7533 = CARTESIAN_POINT('',(0.,0.));
#7534 = VECTOR('',#7535,1.);
#7535 = DIRECTION('',(0.,-1.));
#7536 = ( GEOMETRIC_REPRESENTATION_CONTEXT(2) 
PARAMETRIC_REPRESENTATION_CONTEXT() REPRESENTATION_CONTEXT('2D SPACE',''
  ) );
#7537 = ORIENTED_EDGE('',*,*,#1504,.F.);
#7538 = ADVANCED_FACE('',(#7539),#1818,.T.);
#7539 = FACE_BOUND('',#7540,.T.);
#7540 = EDGE_LOOP('',(#7541,#7564,#7585,#7586));
#7541 = ORIENTED_EDGE('',*,*,#7542,.T.);
#7542 = EDGE_CURVE('',#1773,#7543,#7545,.T.);
#7543 = VERTEX_POINT('',#7544);
#7544 = CARTESIAN_POINT('',(-11.30322265625,4.767578125,6.45));
#7545 = SURFACE_CURVE('',#7546,(#7550,#7557),.PCURVE_S1.);
#7546 = LINE('',#7547,#7548);
#7547 = CARTESIAN_POINT('',(-11.30322265625,4.767578125,6.));
#7548 = VECTOR('',#7549,1.);
#7549 = DIRECTION('',(0.,0.,1.));
#7550 = PCURVE('',#1818,#7551);
#7551 = DEFINITIONAL_REPRESENTATION('',(#7552),#7556);
#7552 = LINE('',#7553,#7554);
#7553 = CARTESIAN_POINT('',(0.,0.));
#7554 = VECTOR('',#7555,1.);
#7555 = DIRECTION('',(0.,-1.));
#7556 = ( GEOMETRIC_REPRESENTATION_CONTEXT(2) 
PARAMETRIC_REPRESENTATION_CONTEXT() REPRESENTATION_CONTEXT('2D SPACE',''
  ) );
#7557 = PCURVE('',#1788,#7558);
#7558 = DEFINITIONAL_REPRESENTATION('',(#7559),#7563);
#7559 = LINE('',#7560,#7561);
#7560 = CARTESIAN_POINT('',(1.,0.));
#7561 = VECTOR('',#7562,1.);
#7562 = DIRECTION('',(0.,-1.));
#7563 = ( GEOMETRIC_REPRESENTATION_CONTEXT(2) 
PARAMETRIC_REPRESENTATION_CONTEXT() REPRESENTATION_CONTEXT('2D SPACE',''
  ) );
#7564 = ORIENTED_EDGE('',*,*,#7565,.T.);
#7565 = EDGE_CURVE('',#7543,#7445,#7566,.T.);
#7566 = SURFACE_CURVE('',#7567,(#7571,#7578),.PCURVE_S1.);
#7567 = B_SPLINE_CURVE_WITH_KNOTS('',2,(#7568,#7569,#7570),
  .UNSPECIFIED.,.F.,.F.,(3,3),(0.,1.),.PIECEWISE_BEZIER_KNOTS.);
#7568 = CARTESIAN_POINT('',(-11.30322265625,4.767578125,6.45));
#7569 = CARTESIAN_POINT('',(-11.19970703125,4.7919921875,6.45));
#7570 = CARTESIAN_POINT('',(-11.11376953125,4.7919921875,6.45));
#7571 = PCURVE('',#1818,#7572);
#7572 = DEFINITIONAL_REPRESENTATION('',(#7573),#7577);
#7573 = LINE('',#7574,#7575);
#7574 = CARTESIAN_POINT('',(0.,-0.45));
#7575 = VECTOR('',#7576,1.);
#7576 = DIRECTION('',(1.,0.));
#7577 = ( GEOMETRIC_REPRESENTATION_CONTEXT(2) 
PARAMETRIC_REPRESENTATION_CONTEXT() REPRESENTATION_CONTEXT('2D SPACE',''
  ) );
#7578 = PCURVE('',#7015,#7579);
#7579 = DEFINITIONAL_REPRESENTATION('',(#7580),#7584);
#7580 = B_SPLINE_CURVE_WITH_KNOTS('',2,(#7581,#7582,#7583),
  .UNSPECIFIED.,.F.,.F.,(3,3),(0.,1.),.PIECEWISE_BEZIER_KNOTS.);
#7581 = CARTESIAN_POINT('',(0.37890625,1.4599609375));
#7582 = CARTESIAN_POINT('',(0.482421875,1.484375));
#7583 = CARTESIAN_POINT('',(0.568359375,1.484375));
#7584 = ( GEOMETRIC_REPRESENTATION_CONTEXT(2) 
PARAMETRIC_REPRESENTATION_CONTEXT() REPRESENTATION_CONTEXT('2D SPACE',''
  ) );
#7585 = ORIENTED_EDGE('',*,*,#7444,.F.);
#7586 = ORIENTED_EDGE('',*,*,#1802,.F.);
#7587 = ADVANCED_FACE('',(#7588),#1550,.T.);
#7588 = FACE_BOUND('',#7589,.T.);
#7589 = EDGE_LOOP('',(#7590,#7591,#7614,#7635));
#7590 = ORIENTED_EDGE('',*,*,#7517,.T.);
#7591 = ORIENTED_EDGE('',*,*,#7592,.T.);
#7592 = EDGE_CURVE('',#7495,#7593,#7595,.T.);
#7593 = VERTEX_POINT('',#7594);
#7594 = CARTESIAN_POINT('',(-10.98583984375,4.0380859375,6.45));
#7595 = SURFACE_CURVE('',#7596,(#7600,#7607),.PCURVE_S1.);
#7596 = B_SPLINE_CURVE_WITH_KNOTS('',2,(#7597,#7598,#7599),
  .UNSPECIFIED.,.F.,.F.,(3,3),(0.,1.),.PIECEWISE_BEZIER_KNOTS.);
#7597 = CARTESIAN_POINT('',(-11.2294921875,3.78564453125,6.45));
#7598 = CARTESIAN_POINT('',(-11.03564453125,3.9814453125,6.45));
#7599 = CARTESIAN_POINT('',(-10.98583984375,4.0380859375,6.45));
#7600 = PCURVE('',#1550,#7601);
#7601 = DEFINITIONAL_REPRESENTATION('',(#7602),#7606);
#7602 = LINE('',#7603,#7604);
#7603 = CARTESIAN_POINT('',(0.,-0.45));
#7604 = VECTOR('',#7605,1.);
#7605 = DIRECTION('',(1.,0.));
#7606 = ( GEOMETRIC_REPRESENTATION_CONTEXT(2) 
PARAMETRIC_REPRESENTATION_CONTEXT() REPRESENTATION_CONTEXT('2D SPACE',''
  ) );
#7607 = PCURVE('',#7015,#7608);
#7608 = DEFINITIONAL_REPRESENTATION('',(#7609),#7613);
#7609 = B_SPLINE_CURVE_WITH_KNOTS('',2,(#7610,#7611,#7612),
  .UNSPECIFIED.,.F.,.F.,(3,3),(0.,1.),.PIECEWISE_BEZIER_KNOTS.);
#7610 = CARTESIAN_POINT('',(0.45263671875,0.47802734375));
#7611 = CARTESIAN_POINT('',(0.646484375,0.673828125));
#7612 = CARTESIAN_POINT('',(0.6962890625,0.73046875));
#7613 = ( GEOMETRIC_REPRESENTATION_CONTEXT(2) 
PARAMETRIC_REPRESENTATION_CONTEXT() REPRESENTATION_CONTEXT('2D SPACE',''
  ) );
#7614 = ORIENTED_EDGE('',*,*,#7615,.F.);
#7615 = EDGE_CURVE('',#1535,#7593,#7616,.T.);
#7616 = SURFACE_CURVE('',#7617,(#7621,#7628),.PCURVE_S1.);
#7617 = LINE('',#7618,#7619);
#7618 = CARTESIAN_POINT('',(-10.98583984375,4.0380859375,6.));
#7619 = VECTOR('',#7620,1.);
#7620 = DIRECTION('',(0.,0.,1.));
#7621 = PCURVE('',#1550,#7622);
#7622 = DEFINITIONAL_REPRESENTATION('',(#7623),#7627);
#7623 = LINE('',#7624,#7625);
#7624 = CARTESIAN_POINT('',(1.,0.));
#7625 = VECTOR('',#7626,1.);
#7626 = DIRECTION('',(0.,-1.));
#7627 = ( GEOMETRIC_REPRESENTATION_CONTEXT(2) 
PARAMETRIC_REPRESENTATION_CONTEXT() REPRESENTATION_CONTEXT('2D SPACE',''
  ) );
#7628 = PCURVE('',#1580,#7629);
#7629 = DEFINITIONAL_REPRESENTATION('',(#7630),#7634);
#7630 = LINE('',#7631,#7632);
#7631 = CARTESIAN_POINT('',(0.,0.));
#7632 = VECTOR('',#7633,1.);
#7633 = DIRECTION('',(0.,-1.));
#7634 = ( GEOMETRIC_REPRESENTATION_CONTEXT(2) 
PARAMETRIC_REPRESENTATION_CONTEXT() REPRESENTATION_CONTEXT('2D SPACE',''
  ) );
#7635 = ORIENTED_EDGE('',*,*,#1534,.F.);
#7636 = ADVANCED_FACE('',(#7637),#1788,.T.);
#7637 = FACE_BOUND('',#7638,.T.);
#7638 = EDGE_LOOP('',(#7639,#7662,#7683,#7684));
#7639 = ORIENTED_EDGE('',*,*,#7640,.T.);
#7640 = EDGE_CURVE('',#1745,#7641,#7643,.T.);
#7641 = VERTEX_POINT('',#7642);
#7642 = CARTESIAN_POINT('',(-11.52587890625,4.6953125,6.45));
#7643 = SURFACE_CURVE('',#7644,(#7648,#7655),.PCURVE_S1.);
#7644 = LINE('',#7645,#7646);
#7645 = CARTESIAN_POINT('',(-11.52587890625,4.6953125,6.));
#7646 = VECTOR('',#7647,1.);
#7647 = DIRECTION('',(0.,0.,1.));
#7648 = PCURVE('',#1788,#7649);
#7649 = DEFINITIONAL_REPRESENTATION('',(#7650),#7654);
#7650 = LINE('',#7651,#7652);
#7651 = CARTESIAN_POINT('',(0.,0.));
#7652 = VECTOR('',#7653,1.);
#7653 = DIRECTION('',(0.,-1.));
#7654 = ( GEOMETRIC_REPRESENTATION_CONTEXT(2) 
PARAMETRIC_REPRESENTATION_CONTEXT() REPRESENTATION_CONTEXT('2D SPACE',''
  ) );
#7655 = PCURVE('',#1760,#7656);
#7656 = DEFINITIONAL_REPRESENTATION('',(#7657),#7661);
#7657 = LINE('',#7658,#7659);
#7658 = CARTESIAN_POINT('',(0.19921875,0.));
#7659 = VECTOR('',#7660,1.);
#7660 = DIRECTION('',(0.,-1.));
#7661 = ( GEOMETRIC_REPRESENTATION_CONTEXT(2) 
PARAMETRIC_REPRESENTATION_CONTEXT() REPRESENTATION_CONTEXT('2D SPACE',''
  ) );
#7662 = ORIENTED_EDGE('',*,*,#7663,.T.);
#7663 = EDGE_CURVE('',#7641,#7543,#7664,.T.);
#7664 = SURFACE_CURVE('',#7665,(#7669,#7676),.PCURVE_S1.);
#7665 = B_SPLINE_CURVE_WITH_KNOTS('',2,(#7666,#7667,#7668),
  .UNSPECIFIED.,.F.,.F.,(3,3),(0.,1.),.PIECEWISE_BEZIER_KNOTS.);
#7666 = CARTESIAN_POINT('',(-11.52587890625,4.6953125,6.45));
#7667 = CARTESIAN_POINT('',(-11.40673828125,4.7431640625,6.45));
#7668 = CARTESIAN_POINT('',(-11.30322265625,4.767578125,6.45));
#7669 = PCURVE('',#1788,#7670);
#7670 = DEFINITIONAL_REPRESENTATION('',(#7671),#7675);
#7671 = LINE('',#7672,#7673);
#7672 = CARTESIAN_POINT('',(0.,-0.45));
#7673 = VECTOR('',#7674,1.);
#7674 = DIRECTION('',(1.,0.));
#7675 = ( GEOMETRIC_REPRESENTATION_CONTEXT(2) 
PARAMETRIC_REPRESENTATION_CONTEXT() REPRESENTATION_CONTEXT('2D SPACE',''
  ) );
#7676 = PCURVE('',#7015,#7677);
#7677 = DEFINITIONAL_REPRESENTATION('',(#7678),#7682);
#7678 = B_SPLINE_CURVE_WITH_KNOTS('',2,(#7679,#7680,#7681),
  .UNSPECIFIED.,.F.,.F.,(3,3),(0.,1.),.PIECEWISE_BEZIER_KNOTS.);
#7679 = CARTESIAN_POINT('',(0.15625,1.3876953125));
#7680 = CARTESIAN_POINT('',(0.275390625,1.435546875));
#7681 = CARTESIAN_POINT('',(0.37890625,1.4599609375));
#7682 = ( GEOMETRIC_REPRESENTATION_CONTEXT(2) 
PARAMETRIC_REPRESENTATION_CONTEXT() REPRESENTATION_CONTEXT('2D SPACE',''
  ) );
#7683 = ORIENTED_EDGE('',*,*,#7542,.F.);
#7684 = ORIENTED_EDGE('',*,*,#1772,.F.);
#7685 = ADVANCED_FACE('',(#7686),#1580,.T.);
#7686 = FACE_BOUND('',#7687,.T.);
#7687 = EDGE_LOOP('',(#7688,#7689,#7712,#7733));
#7688 = ORIENTED_EDGE('',*,*,#7615,.T.);
#7689 = ORIENTED_EDGE('',*,*,#7690,.T.);
#7690 = EDGE_CURVE('',#7593,#7691,#7693,.T.);
#7691 = VERTEX_POINT('',#7692);
#7692 = CARTESIAN_POINT('',(-10.853515625,4.21826171875,6.45));
#7693 = SURFACE_CURVE('',#7694,(#7698,#7705),.PCURVE_S1.);
#7694 = B_SPLINE_CURVE_WITH_KNOTS('',2,(#7695,#7696,#7697),
  .UNSPECIFIED.,.F.,.F.,(3,3),(0.,1.),.PIECEWISE_BEZIER_KNOTS.);
#7695 = CARTESIAN_POINT('',(-10.98583984375,4.0380859375,6.45));
#7696 = CARTESIAN_POINT('',(-10.89111328125,4.14453125,6.45));
#7697 = CARTESIAN_POINT('',(-10.853515625,4.21826171875,6.45));
#7698 = PCURVE('',#1580,#7699);
#7699 = DEFINITIONAL_REPRESENTATION('',(#7700),#7704);
#7700 = LINE('',#7701,#7702);
#7701 = CARTESIAN_POINT('',(0.,-0.45));
#7702 = VECTOR('',#7703,1.);
#7703 = DIRECTION('',(1.,0.));
#7704 = ( GEOMETRIC_REPRESENTATION_CONTEXT(2) 
PARAMETRIC_REPRESENTATION_CONTEXT() REPRESENTATION_CONTEXT('2D SPACE',''
  ) );
#7705 = PCURVE('',#7015,#7706);
#7706 = DEFINITIONAL_REPRESENTATION('',(#7707),#7711);
#7707 = B_SPLINE_CURVE_WITH_KNOTS('',2,(#7708,#7709,#7710),
  .UNSPECIFIED.,.F.,.F.,(3,3),(0.,1.),.PIECEWISE_BEZIER_KNOTS.);
#7708 = CARTESIAN_POINT('',(0.6962890625,0.73046875));
#7709 = CARTESIAN_POINT('',(0.791015625,0.8369140625));
#7710 = CARTESIAN_POINT('',(0.82861328125,0.91064453125));
#7711 = ( GEOMETRIC_REPRESENTATION_CONTEXT(2) 
PARAMETRIC_REPRESENTATION_CONTEXT() REPRESENTATION_CONTEXT('2D SPACE',''
  ) );
#7712 = ORIENTED_EDGE('',*,*,#7713,.F.);
#7713 = EDGE_CURVE('',#1565,#7691,#7714,.T.);
#7714 = SURFACE_CURVE('',#7715,(#7719,#7726),.PCURVE_S1.);
#7715 = LINE('',#7716,#7717);
#7716 = CARTESIAN_POINT('',(-10.853515625,4.21826171875,6.));
#7717 = VECTOR('',#7718,1.);
#7718 = DIRECTION('',(0.,0.,1.));
#7719 = PCURVE('',#1580,#7720);
#7720 = DEFINITIONAL_REPRESENTATION('',(#7721),#7725);
#7721 = LINE('',#7722,#7723);
#7722 = CARTESIAN_POINT('',(1.,0.));
#7723 = VECTOR('',#7724,1.);
#7724 = DIRECTION('',(0.,-1.));
#7725 = ( GEOMETRIC_REPRESENTATION_CONTEXT(2) 
PARAMETRIC_REPRESENTATION_CONTEXT() REPRESENTATION_CONTEXT('2D SPACE',''
  ) );
#7726 = PCURVE('',#1610,#7727);
#7727 = DEFINITIONAL_REPRESENTATION('',(#7728),#7732);
#7728 = LINE('',#7729,#7730);
#7729 = CARTESIAN_POINT('',(0.,0.));
#7730 = VECTOR('',#7731,1.);
#7731 = DIRECTION('',(0.,-1.));
#7732 = ( GEOMETRIC_REPRESENTATION_CONTEXT(2) 
PARAMETRIC_REPRESENTATION_CONTEXT() REPRESENTATION_CONTEXT('2D SPACE',''
  ) );
#7733 = ORIENTED_EDGE('',*,*,#1564,.F.);
#7734 = ADVANCED_FACE('',(#7735),#1760,.T.);
#7735 = FACE_BOUND('',#7736,.T.);
#7736 = EDGE_LOOP('',(#7737,#7760,#7781,#7782));
#7737 = ORIENTED_EDGE('',*,*,#7738,.T.);
#7738 = EDGE_CURVE('',#1715,#7739,#7741,.T.);
#7739 = VERTEX_POINT('',#7740);
#7740 = CARTESIAN_POINT('',(-11.52587890625,4.49609375,6.45));
#7741 = SURFACE_CURVE('',#7742,(#7746,#7753),.PCURVE_S1.);
#7742 = LINE('',#7743,#7744);
#7743 = CARTESIAN_POINT('',(-11.52587890625,4.49609375,6.));
#7744 = VECTOR('',#7745,1.);
#7745 = DIRECTION('',(0.,0.,1.));
#7746 = PCURVE('',#1760,#7747);
#7747 = DEFINITIONAL_REPRESENTATION('',(#7748),#7752);
#7748 = LINE('',#7749,#7750);
#7749 = CARTESIAN_POINT('',(0.,0.));
#7750 = VECTOR('',#7751,1.);
#7751 = DIRECTION('',(0.,-1.));
#7752 = ( GEOMETRIC_REPRESENTATION_CONTEXT(2) 
PARAMETRIC_REPRESENTATION_CONTEXT() REPRESENTATION_CONTEXT('2D SPACE',''
  ) );
#7753 = PCURVE('',#1730,#7754);
#7754 = DEFINITIONAL_REPRESENTATION('',(#7755),#7759);
#7755 = LINE('',#7756,#7757);
#7756 = CARTESIAN_POINT('',(1.,0.));
#7757 = VECTOR('',#7758,1.);
#7758 = DIRECTION('',(0.,-1.));
#7759 = ( GEOMETRIC_REPRESENTATION_CONTEXT(2) 
PARAMETRIC_REPRESENTATION_CONTEXT() REPRESENTATION_CONTEXT('2D SPACE',''
  ) );
#7760 = ORIENTED_EDGE('',*,*,#7761,.T.);
#7761 = EDGE_CURVE('',#7739,#7641,#7762,.T.);
#7762 = SURFACE_CURVE('',#7763,(#7767,#7774),.PCURVE_S1.);
#7763 = LINE('',#7764,#7765);
#7764 = CARTESIAN_POINT('',(-11.52587890625,4.49609375,6.45));
#7765 = VECTOR('',#7766,1.);
#7766 = DIRECTION('',(0.,1.,0.));
#7767 = PCURVE('',#1760,#7768);
#7768 = DEFINITIONAL_REPRESENTATION('',(#7769),#7773);
#7769 = LINE('',#7770,#7771);
#7770 = CARTESIAN_POINT('',(0.,-0.45));
#7771 = VECTOR('',#7772,1.);
#7772 = DIRECTION('',(1.,0.));
#7773 = ( GEOMETRIC_REPRESENTATION_CONTEXT(2) 
PARAMETRIC_REPRESENTATION_CONTEXT() REPRESENTATION_CONTEXT('2D SPACE',''
  ) );
#7774 = PCURVE('',#7015,#7775);
#7775 = DEFINITIONAL_REPRESENTATION('',(#7776),#7780);
#7776 = LINE('',#7777,#7778);
#7777 = CARTESIAN_POINT('',(0.15625,1.1884765625));
#7778 = VECTOR('',#7779,1.);
#7779 = DIRECTION('',(0.,1.));
#7780 = ( GEOMETRIC_REPRESENTATION_CONTEXT(2) 
PARAMETRIC_REPRESENTATION_CONTEXT() REPRESENTATION_CONTEXT('2D SPACE',''
  ) );
#7781 = ORIENTED_EDGE('',*,*,#7640,.F.);
#7782 = ORIENTED_EDGE('',*,*,#1744,.F.);
#7783 = ADVANCED_FACE('',(#7784),#1610,.T.);
#7784 = FACE_BOUND('',#7785,.T.);
#7785 = EDGE_LOOP('',(#7786,#7787,#7810,#7831));
#7786 = ORIENTED_EDGE('',*,*,#7713,.T.);
#7787 = ORIENTED_EDGE('',*,*,#7788,.T.);
#7788 = EDGE_CURVE('',#7691,#7789,#7791,.T.);
#7789 = VERTEX_POINT('',#7790);
#7790 = CARTESIAN_POINT('',(-10.81591796875,4.36328125,6.45));
#7791 = SURFACE_CURVE('',#7792,(#7796,#7803),.PCURVE_S1.);
#7792 = B_SPLINE_CURVE_WITH_KNOTS('',2,(#7793,#7794,#7795),
  .UNSPECIFIED.,.F.,.F.,(3,3),(0.,1.),.PIECEWISE_BEZIER_KNOTS.);
#7793 = CARTESIAN_POINT('',(-10.853515625,4.21826171875,6.45));
#7794 = CARTESIAN_POINT('',(-10.81591796875,4.2919921875,6.45));
#7795 = CARTESIAN_POINT('',(-10.81591796875,4.36328125,6.45));
#7796 = PCURVE('',#1610,#7797);
#7797 = DEFINITIONAL_REPRESENTATION('',(#7798),#7802);
#7798 = LINE('',#7799,#7800);
#7799 = CARTESIAN_POINT('',(0.,-0.45));
#7800 = VECTOR('',#7801,1.);
#7801 = DIRECTION('',(1.,0.));
#7802 = ( GEOMETRIC_REPRESENTATION_CONTEXT(2) 
PARAMETRIC_REPRESENTATION_CONTEXT() REPRESENTATION_CONTEXT('2D SPACE',''
  ) );
#7803 = PCURVE('',#7015,#7804);
#7804 = DEFINITIONAL_REPRESENTATION('',(#7805),#7809);
#7805 = B_SPLINE_CURVE_WITH_KNOTS('',2,(#7806,#7807,#7808),
  .UNSPECIFIED.,.F.,.F.,(3,3),(0.,1.),.PIECEWISE_BEZIER_KNOTS.);
#7806 = CARTESIAN_POINT('',(0.82861328125,0.91064453125));
#7807 = CARTESIAN_POINT('',(0.8662109375,0.984375));
#7808 = CARTESIAN_POINT('',(0.8662109375,1.0556640625));
#7809 = ( GEOMETRIC_REPRESENTATION_CONTEXT(2) 
PARAMETRIC_REPRESENTATION_CONTEXT() REPRESENTATION_CONTEXT('2D SPACE',''
  ) );
#7810 = ORIENTED_EDGE('',*,*,#7811,.F.);
#7811 = EDGE_CURVE('',#1595,#7789,#7812,.T.);
#7812 = SURFACE_CURVE('',#7813,(#7817,#7824),.PCURVE_S1.);
#7813 = LINE('',#7814,#7815);
#7814 = CARTESIAN_POINT('',(-10.81591796875,4.36328125,6.));
#7815 = VECTOR('',#7816,1.);
#7816 = DIRECTION('',(0.,0.,1.));
#7817 = PCURVE('',#1610,#7818);
#7818 = DEFINITIONAL_REPRESENTATION('',(#7819),#7823);
#7819 = LINE('',#7820,#7821);
#7820 = CARTESIAN_POINT('',(1.,0.));
#7821 = VECTOR('',#7822,1.);
#7822 = DIRECTION('',(0.,-1.));
#7823 = ( GEOMETRIC_REPRESENTATION_CONTEXT(2) 
PARAMETRIC_REPRESENTATION_CONTEXT() REPRESENTATION_CONTEXT('2D SPACE',''
  ) );
#7824 = PCURVE('',#1640,#7825);
#7825 = DEFINITIONAL_REPRESENTATION('',(#7826),#7830);
#7826 = LINE('',#7827,#7828);
#7827 = CARTESIAN_POINT('',(0.,0.));
#7828 = VECTOR('',#7829,1.);
#7829 = DIRECTION('',(0.,-1.));
#7830 = ( GEOMETRIC_REPRESENTATION_CONTEXT(2) 
PARAMETRIC_REPRESENTATION_CONTEXT() REPRESENTATION_CONTEXT('2D SPACE',''
  ) );
#7831 = ORIENTED_EDGE('',*,*,#1594,.F.);
#7832 = ADVANCED_FACE('',(#7833),#1730,.T.);
#7833 = FACE_BOUND('',#7834,.T.);
#7834 = EDGE_LOOP('',(#7835,#7858,#7879,#7880));
#7835 = ORIENTED_EDGE('',*,*,#7836,.T.);
#7836 = EDGE_CURVE('',#1685,#7837,#7839,.T.);
#7837 = VERTEX_POINT('',#7838);
#7838 = CARTESIAN_POINT('',(-11.3056640625,4.59375,6.45));
#7839 = SURFACE_CURVE('',#7840,(#7844,#7851),.PCURVE_S1.);
#7840 = LINE('',#7841,#7842);
#7841 = CARTESIAN_POINT('',(-11.3056640625,4.59375,6.));
#7842 = VECTOR('',#7843,1.);
#7843 = DIRECTION('',(0.,0.,1.));
#7844 = PCURVE('',#1730,#7845);
#7845 = DEFINITIONAL_REPRESENTATION('',(#7846),#7850);
#7846 = LINE('',#7847,#7848);
#7847 = CARTESIAN_POINT('',(0.,0.));
#7848 = VECTOR('',#7849,1.);
#7849 = DIRECTION('',(0.,-1.));
#7850 = ( GEOMETRIC_REPRESENTATION_CONTEXT(2) 
PARAMETRIC_REPRESENTATION_CONTEXT() REPRESENTATION_CONTEXT('2D SPACE',''
  ) );
#7851 = PCURVE('',#1700,#7852);
#7852 = DEFINITIONAL_REPRESENTATION('',(#7853),#7857);
#7853 = LINE('',#7854,#7855);
#7854 = CARTESIAN_POINT('',(1.,0.));
#7855 = VECTOR('',#7856,1.);
#7856 = DIRECTION('',(0.,-1.));
#7857 = ( GEOMETRIC_REPRESENTATION_CONTEXT(2) 
PARAMETRIC_REPRESENTATION_CONTEXT() REPRESENTATION_CONTEXT('2D SPACE',''
  ) );
#7858 = ORIENTED_EDGE('',*,*,#7859,.T.);
#7859 = EDGE_CURVE('',#7837,#7739,#7860,.T.);
#7860 = SURFACE_CURVE('',#7861,(#7865,#7872),.PCURVE_S1.);
#7861 = B_SPLINE_CURVE_WITH_KNOTS('',2,(#7862,#7863,#7864),
  .UNSPECIFIED.,.F.,.F.,(3,3),(0.,1.),.PIECEWISE_BEZIER_KNOTS.);
#7862 = CARTESIAN_POINT('',(-11.3056640625,4.59375,6.45));
#7863 = CARTESIAN_POINT('',(-11.40869140625,4.5615234375,6.45));
#7864 = CARTESIAN_POINT('',(-11.52587890625,4.49609375,6.45));
#7865 = PCURVE('',#1730,#7866);
#7866 = DEFINITIONAL_REPRESENTATION('',(#7867),#7871);
#7867 = LINE('',#7868,#7869);
#7868 = CARTESIAN_POINT('',(0.,-0.45));
#7869 = VECTOR('',#7870,1.);
#7870 = DIRECTION('',(1.,0.));
#7871 = ( GEOMETRIC_REPRESENTATION_CONTEXT(2) 
PARAMETRIC_REPRESENTATION_CONTEXT() REPRESENTATION_CONTEXT('2D SPACE',''
  ) );
#7872 = PCURVE('',#7015,#7873);
#7873 = DEFINITIONAL_REPRESENTATION('',(#7874),#7878);
#7874 = B_SPLINE_CURVE_WITH_KNOTS('',2,(#7875,#7876,#7877),
  .UNSPECIFIED.,.F.,.F.,(3,3),(0.,1.),.PIECEWISE_BEZIER_KNOTS.);
#7875 = CARTESIAN_POINT('',(0.37646484375,1.2861328125));
#7876 = CARTESIAN_POINT('',(0.2734375,1.25390625));
#7877 = CARTESIAN_POINT('',(0.15625,1.1884765625));
#7878 = ( GEOMETRIC_REPRESENTATION_CONTEXT(2) 
PARAMETRIC_REPRESENTATION_CONTEXT() REPRESENTATION_CONTEXT('2D SPACE',''
  ) );
#7879 = ORIENTED_EDGE('',*,*,#7738,.F.);
#7880 = ORIENTED_EDGE('',*,*,#1714,.F.);
#7881 = ADVANCED_FACE('',(#7882),#1640,.T.);
#7882 = FACE_BOUND('',#7883,.T.);
#7883 = EDGE_LOOP('',(#7884,#7885,#7908,#7929));
#7884 = ORIENTED_EDGE('',*,*,#7811,.T.);
#7885 = ORIENTED_EDGE('',*,*,#7886,.T.);
#7886 = EDGE_CURVE('',#7789,#7887,#7889,.T.);
#7887 = VERTEX_POINT('',#7888);
#7888 = CARTESIAN_POINT('',(-10.8974609375,4.552734375,6.45));
#7889 = SURFACE_CURVE('',#7890,(#7894,#7901),.PCURVE_S1.);
#7890 = B_SPLINE_CURVE_WITH_KNOTS('',2,(#7891,#7892,#7893),
  .UNSPECIFIED.,.F.,.F.,(3,3),(0.,1.),.PIECEWISE_BEZIER_KNOTS.);
#7891 = CARTESIAN_POINT('',(-10.81591796875,4.36328125,6.45));
#7892 = CARTESIAN_POINT('',(-10.81591796875,4.4794921875,6.45));
#7893 = CARTESIAN_POINT('',(-10.8974609375,4.552734375,6.45));
#7894 = PCURVE('',#1640,#7895);
#7895 = DEFINITIONAL_REPRESENTATION('',(#7896),#7900);
#7896 = LINE('',#7897,#7898);
#7897 = CARTESIAN_POINT('',(0.,-0.45));
#7898 = VECTOR('',#7899,1.);
#7899 = DIRECTION('',(1.,0.));
#7900 = ( GEOMETRIC_REPRESENTATION_CONTEXT(2) 
PARAMETRIC_REPRESENTATION_CONTEXT() REPRESENTATION_CONTEXT('2D SPACE',''
  ) );
#7901 = PCURVE('',#7015,#7902);
#7902 = DEFINITIONAL_REPRESENTATION('',(#7903),#7907);
#7903 = B_SPLINE_CURVE_WITH_KNOTS('',2,(#7904,#7905,#7906),
  .UNSPECIFIED.,.F.,.F.,(3,3),(0.,1.),.PIECEWISE_BEZIER_KNOTS.);
#7904 = CARTESIAN_POINT('',(0.8662109375,1.0556640625));
#7905 = CARTESIAN_POINT('',(0.8662109375,1.171875));
#7906 = CARTESIAN_POINT('',(0.78466796875,1.2451171875));
#7907 = ( GEOMETRIC_REPRESENTATION_CONTEXT(2) 
PARAMETRIC_REPRESENTATION_CONTEXT() REPRESENTATION_CONTEXT('2D SPACE',''
  ) );
#7908 = ORIENTED_EDGE('',*,*,#7909,.F.);
#7909 = EDGE_CURVE('',#1625,#7887,#7910,.T.);
#7910 = SURFACE_CURVE('',#7911,(#7915,#7922),.PCURVE_S1.);
#7911 = LINE('',#7912,#7913);
#7912 = CARTESIAN_POINT('',(-10.8974609375,4.552734375,6.));
#7913 = VECTOR('',#7914,1.);
#7914 = DIRECTION('',(0.,0.,1.));
#7915 = PCURVE('',#1640,#7916);
#7916 = DEFINITIONAL_REPRESENTATION('',(#7917),#7921);
#7917 = LINE('',#7918,#7919);
#7918 = CARTESIAN_POINT('',(1.,0.));
#7919 = VECTOR('',#7920,1.);
#7920 = DIRECTION('',(0.,-1.));
#7921 = ( GEOMETRIC_REPRESENTATION_CONTEXT(2) 
PARAMETRIC_REPRESENTATION_CONTEXT() REPRESENTATION_CONTEXT('2D SPACE',''
  ) );
#7922 = PCURVE('',#1670,#7923);
#7923 = DEFINITIONAL_REPRESENTATION('',(#7924),#7928);
#7924 = LINE('',#7925,#7926);
#7925 = CARTESIAN_POINT('',(0.,0.));
#7926 = VECTOR('',#7927,1.);
#7927 = DIRECTION('',(0.,-1.));
#7928 = ( GEOMETRIC_REPRESENTATION_CONTEXT(2) 
PARAMETRIC_REPRESENTATION_CONTEXT() REPRESENTATION_CONTEXT('2D SPACE',''
  ) );
#7929 = ORIENTED_EDGE('',*,*,#1624,.F.);
#7930 = ADVANCED_FACE('',(#7931),#1700,.T.);
#7931 = FACE_BOUND('',#7932,.T.);
#7932 = EDGE_LOOP('',(#7933,#7956,#7977,#7978));
#7933 = ORIENTED_EDGE('',*,*,#7934,.T.);
#7934 = EDGE_CURVE('',#1655,#7935,#7937,.T.);
#7935 = VERTEX_POINT('',#7936);
#7936 = CARTESIAN_POINT('',(-11.10986328125,4.6259765625,6.45));
#7937 = SURFACE_CURVE('',#7938,(#7942,#7949),.PCURVE_S1.);
#7938 = LINE('',#7939,#7940);
#7939 = CARTESIAN_POINT('',(-11.10986328125,4.6259765625,6.));
#7940 = VECTOR('',#7941,1.);
#7941 = DIRECTION('',(0.,0.,1.));
#7942 = PCURVE('',#1700,#7943);
#7943 = DEFINITIONAL_REPRESENTATION('',(#7944),#7948);
#7944 = LINE('',#7945,#7946);
#7945 = CARTESIAN_POINT('',(0.,0.));
#7946 = VECTOR('',#7947,1.);
#7947 = DIRECTION('',(0.,-1.));
#7948 = ( GEOMETRIC_REPRESENTATION_CONTEXT(2) 
PARAMETRIC_REPRESENTATION_CONTEXT() REPRESENTATION_CONTEXT('2D SPACE',''
  ) );
#7949 = PCURVE('',#1670,#7950);
#7950 = DEFINITIONAL_REPRESENTATION('',(#7951),#7955);
#7951 = LINE('',#7952,#7953);
#7952 = CARTESIAN_POINT('',(1.,0.));
#7953 = VECTOR('',#7954,1.);
#7954 = DIRECTION('',(0.,-1.));
#7955 = ( GEOMETRIC_REPRESENTATION_CONTEXT(2) 
PARAMETRIC_REPRESENTATION_CONTEXT() REPRESENTATION_CONTEXT('2D SPACE',''
  ) );
#7956 = ORIENTED_EDGE('',*,*,#7957,.T.);
#7957 = EDGE_CURVE('',#7935,#7837,#7958,.T.);
#7958 = SURFACE_CURVE('',#7959,(#7963,#7970),.PCURVE_S1.);
#7959 = B_SPLINE_CURVE_WITH_KNOTS('',2,(#7960,#7961,#7962),
  .UNSPECIFIED.,.F.,.F.,(3,3),(0.,1.),.PIECEWISE_BEZIER_KNOTS.);
#7960 = CARTESIAN_POINT('',(-11.10986328125,4.6259765625,6.45));
#7961 = CARTESIAN_POINT('',(-11.20263671875,4.6259765625,6.45));
#7962 = CARTESIAN_POINT('',(-11.3056640625,4.59375,6.45));
#7963 = PCURVE('',#1700,#7964);
#7964 = DEFINITIONAL_REPRESENTATION('',(#7965),#7969);
#7965 = LINE('',#7966,#7967);
#7966 = CARTESIAN_POINT('',(0.,-0.45));
#7967 = VECTOR('',#7968,1.);
#7968 = DIRECTION('',(1.,0.));
#7969 = ( GEOMETRIC_REPRESENTATION_CONTEXT(2) 
PARAMETRIC_REPRESENTATION_CONTEXT() REPRESENTATION_CONTEXT('2D SPACE',''
  ) );
#7970 = PCURVE('',#7015,#7971);
#7971 = DEFINITIONAL_REPRESENTATION('',(#7972),#7976);
#7972 = B_SPLINE_CURVE_WITH_KNOTS('',2,(#7973,#7974,#7975),
  .UNSPECIFIED.,.F.,.F.,(3,3),(0.,1.),.PIECEWISE_BEZIER_KNOTS.);
#7973 = CARTESIAN_POINT('',(0.572265625,1.318359375));
#7974 = CARTESIAN_POINT('',(0.4794921875,1.318359375));
#7975 = CARTESIAN_POINT('',(0.37646484375,1.2861328125));
#7976 = ( GEOMETRIC_REPRESENTATION_CONTEXT(2) 
PARAMETRIC_REPRESENTATION_CONTEXT() REPRESENTATION_CONTEXT('2D SPACE',''
  ) );
#7977 = ORIENTED_EDGE('',*,*,#7836,.F.);
#7978 = ORIENTED_EDGE('',*,*,#1684,.F.);
#7979 = ADVANCED_FACE('',(#7980),#1670,.T.);
#7980 = FACE_BOUND('',#7981,.T.);
#7981 = EDGE_LOOP('',(#7982,#7983,#8004,#8005));
#7982 = ORIENTED_EDGE('',*,*,#7909,.T.);
#7983 = ORIENTED_EDGE('',*,*,#7984,.T.);
#7984 = EDGE_CURVE('',#7887,#7935,#7985,.T.);
#7985 = SURFACE_CURVE('',#7986,(#7990,#7997),.PCURVE_S1.);
#7986 = B_SPLINE_CURVE_WITH_KNOTS('',2,(#7987,#7988,#7989),
  .UNSPECIFIED.,.F.,.F.,(3,3),(0.,1.),.PIECEWISE_BEZIER_KNOTS.);
#7987 = CARTESIAN_POINT('',(-10.8974609375,4.552734375,6.45));
#7988 = CARTESIAN_POINT('',(-10.97900390625,4.6259765625,6.45));
#7989 = CARTESIAN_POINT('',(-11.10986328125,4.6259765625,6.45));
#7990 = PCURVE('',#1670,#7991);
#7991 = DEFINITIONAL_REPRESENTATION('',(#7992),#7996);
#7992 = LINE('',#7993,#7994);
#7993 = CARTESIAN_POINT('',(0.,-0.45));
#7994 = VECTOR('',#7995,1.);
#7995 = DIRECTION('',(1.,0.));
#7996 = ( GEOMETRIC_REPRESENTATION_CONTEXT(2) 
PARAMETRIC_REPRESENTATION_CONTEXT() REPRESENTATION_CONTEXT('2D SPACE',''
  ) );
#7997 = PCURVE('',#7015,#7998);
#7998 = DEFINITIONAL_REPRESENTATION('',(#7999),#8003);
#7999 = B_SPLINE_CURVE_WITH_KNOTS('',2,(#8000,#8001,#8002),
  .UNSPECIFIED.,.F.,.F.,(3,3),(0.,1.),.PIECEWISE_BEZIER_KNOTS.);
#8000 = CARTESIAN_POINT('',(0.78466796875,1.2451171875));
#8001 = CARTESIAN_POINT('',(0.703125,1.318359375));
#8002 = CARTESIAN_POINT('',(0.572265625,1.318359375));
#8003 = ( GEOMETRIC_REPRESENTATION_CONTEXT(2) 
PARAMETRIC_REPRESENTATION_CONTEXT() REPRESENTATION_CONTEXT('2D SPACE',''
  ) );
#8004 = ORIENTED_EDGE('',*,*,#7934,.F.);
#8005 = ORIENTED_EDGE('',*,*,#1654,.F.);
#8006 = ADVANCED_FACE('',(#8007),#2000,.T.);
#8007 = FACE_BOUND('',#8008,.T.);
#8008 = EDGE_LOOP('',(#8009,#8032,#8060,#8081));
#8009 = ORIENTED_EDGE('',*,*,#8010,.T.);
#8010 = EDGE_CURVE('',#1983,#8011,#8013,.T.);
#8011 = VERTEX_POINT('',#8012);
#8012 = CARTESIAN_POINT('',(0.10205078125,3.3076171875,6.45));
#8013 = SURFACE_CURVE('',#8014,(#8018,#8025),.PCURVE_S1.);
#8014 = LINE('',#8015,#8016);
#8015 = CARTESIAN_POINT('',(0.10205078125,3.3076171875,6.));
#8016 = VECTOR('',#8017,1.);
#8017 = DIRECTION('',(0.,0.,1.));
#8018 = PCURVE('',#2000,#8019);
#8019 = DEFINITIONAL_REPRESENTATION('',(#8020),#8024);
#8020 = LINE('',#8021,#8022);
#8021 = CARTESIAN_POINT('',(0.,-0.));
#8022 = VECTOR('',#8023,1.);
#8023 = DIRECTION('',(0.,-1.));
#8024 = ( GEOMETRIC_REPRESENTATION_CONTEXT(2) 
PARAMETRIC_REPRESENTATION_CONTEXT() REPRESENTATION_CONTEXT('2D SPACE',''
  ) );
#8025 = PCURVE('',#2082,#8026);
#8026 = DEFINITIONAL_REPRESENTATION('',(#8027),#8031);
#8027 = LINE('',#8028,#8029);
#8028 = CARTESIAN_POINT('',(0.248046875,0.));
#8029 = VECTOR('',#8030,1.);
#8030 = DIRECTION('',(0.,-1.));
#8031 = ( GEOMETRIC_REPRESENTATION_CONTEXT(2) 
PARAMETRIC_REPRESENTATION_CONTEXT() REPRESENTATION_CONTEXT('2D SPACE',''
  ) );
#8032 = ORIENTED_EDGE('',*,*,#8033,.T.);
#8033 = EDGE_CURVE('',#8011,#8034,#8036,.T.);
#8034 = VERTEX_POINT('',#8035);
#8035 = CARTESIAN_POINT('',(-0.10400390625,3.3076171875,6.45));
#8036 = SURFACE_CURVE('',#8037,(#8041,#8048),.PCURVE_S1.);
#8037 = LINE('',#8038,#8039);
#8038 = CARTESIAN_POINT('',(0.10205078125,3.3076171875,6.45));
#8039 = VECTOR('',#8040,1.);
#8040 = DIRECTION('',(-1.,0.,0.));
#8041 = PCURVE('',#2000,#8042);
#8042 = DEFINITIONAL_REPRESENTATION('',(#8043),#8047);
#8043 = LINE('',#8044,#8045);
#8044 = CARTESIAN_POINT('',(0.,-0.45));
#8045 = VECTOR('',#8046,1.);
#8046 = DIRECTION('',(1.,0.));
#8047 = ( GEOMETRIC_REPRESENTATION_CONTEXT(2) 
PARAMETRIC_REPRESENTATION_CONTEXT() REPRESENTATION_CONTEXT('2D SPACE',''
  ) );
#8048 = PCURVE('',#8049,#8054);
#8049 = PLANE('',#8050);
#8050 = AXIS2_PLACEMENT_3D('',#8051,#8052,#8053);
#8051 = CARTESIAN_POINT('',(-0.31787109375,3.3076171875,6.45));
#8052 = DIRECTION('',(0.,0.,1.));
#8053 = DIRECTION('',(1.,0.,0.));
#8054 = DEFINITIONAL_REPRESENTATION('',(#8055),#8059);
#8055 = LINE('',#8056,#8057);
#8056 = CARTESIAN_POINT('',(0.419921875,0.));
#8057 = VECTOR('',#8058,1.);
#8058 = DIRECTION('',(-1.,0.));
#8059 = ( GEOMETRIC_REPRESENTATION_CONTEXT(2) 
PARAMETRIC_REPRESENTATION_CONTEXT() REPRESENTATION_CONTEXT('2D SPACE',''
  ) );
#8060 = ORIENTED_EDGE('',*,*,#8061,.F.);
#8061 = EDGE_CURVE('',#1985,#8034,#8062,.T.);
#8062 = SURFACE_CURVE('',#8063,(#8067,#8074),.PCURVE_S1.);
#8063 = LINE('',#8064,#8065);
#8064 = CARTESIAN_POINT('',(-0.10400390625,3.3076171875,6.));
#8065 = VECTOR('',#8066,1.);
#8066 = DIRECTION('',(0.,0.,1.));
#8067 = PCURVE('',#2000,#8068);
#8068 = DEFINITIONAL_REPRESENTATION('',(#8069),#8073);
#8069 = LINE('',#8070,#8071);
#8070 = CARTESIAN_POINT('',(0.2060546875,0.));
#8071 = VECTOR('',#8072,1.);
#8072 = DIRECTION('',(0.,-1.));
#8073 = ( GEOMETRIC_REPRESENTATION_CONTEXT(2) 
PARAMETRIC_REPRESENTATION_CONTEXT() REPRESENTATION_CONTEXT('2D SPACE',''
  ) );
#8074 = PCURVE('',#2028,#8075);
#8075 = DEFINITIONAL_REPRESENTATION('',(#8076),#8080);
#8076 = LINE('',#8077,#8078);
#8077 = CARTESIAN_POINT('',(0.,0.));
#8078 = VECTOR('',#8079,1.);
#8079 = DIRECTION('',(0.,-1.));
#8080 = ( GEOMETRIC_REPRESENTATION_CONTEXT(2) 
PARAMETRIC_REPRESENTATION_CONTEXT() REPRESENTATION_CONTEXT('2D SPACE',''
  ) );
#8081 = ORIENTED_EDGE('',*,*,#1982,.F.);
#8082 = ADVANCED_FACE('',(#8083),#2082,.T.);
#8083 = FACE_BOUND('',#8084,.T.);
#8084 = EDGE_LOOP('',(#8085,#8108,#8129,#8130));
#8085 = ORIENTED_EDGE('',*,*,#8086,.T.);
#8086 = EDGE_CURVE('',#2041,#8087,#8089,.T.);
#8087 = VERTEX_POINT('',#8088);
#8088 = CARTESIAN_POINT('',(0.10205078125,3.5556640625,6.45));
#8089 = SURFACE_CURVE('',#8090,(#8094,#8101),.PCURVE_S1.);
#8090 = LINE('',#8091,#8092);
#8091 = CARTESIAN_POINT('',(0.10205078125,3.5556640625,6.));
#8092 = VECTOR('',#8093,1.);
#8093 = DIRECTION('',(0.,0.,1.));
#8094 = PCURVE('',#2082,#8095);
#8095 = DEFINITIONAL_REPRESENTATION('',(#8096),#8100);
#8096 = LINE('',#8097,#8098);
#8097 = CARTESIAN_POINT('',(0.,0.));
#8098 = VECTOR('',#8099,1.);
#8099 = DIRECTION('',(0.,-1.));
#8100 = ( GEOMETRIC_REPRESENTATION_CONTEXT(2) 
PARAMETRIC_REPRESENTATION_CONTEXT() REPRESENTATION_CONTEXT('2D SPACE',''
  ) );
#8101 = PCURVE('',#2056,#8102);
#8102 = DEFINITIONAL_REPRESENTATION('',(#8103),#8107);
#8103 = LINE('',#8104,#8105);
#8104 = CARTESIAN_POINT('',(0.2060546875,0.));
#8105 = VECTOR('',#8106,1.);
#8106 = DIRECTION('',(0.,-1.));
#8107 = ( GEOMETRIC_REPRESENTATION_CONTEXT(2) 
PARAMETRIC_REPRESENTATION_CONTEXT() REPRESENTATION_CONTEXT('2D SPACE',''
  ) );
#8108 = ORIENTED_EDGE('',*,*,#8109,.T.);
#8109 = EDGE_CURVE('',#8087,#8011,#8110,.T.);
#8110 = SURFACE_CURVE('',#8111,(#8115,#8122),.PCURVE_S1.);
#8111 = LINE('',#8112,#8113);
#8112 = CARTESIAN_POINT('',(0.10205078125,3.5556640625,6.45));
#8113 = VECTOR('',#8114,1.);
#8114 = DIRECTION('',(0.,-1.,0.));
#8115 = PCURVE('',#2082,#8116);
#8116 = DEFINITIONAL_REPRESENTATION('',(#8117),#8121);
#8117 = LINE('',#8118,#8119);
#8118 = CARTESIAN_POINT('',(0.,-0.45));
#8119 = VECTOR('',#8120,1.);
#8120 = DIRECTION('',(1.,0.));
#8121 = ( GEOMETRIC_REPRESENTATION_CONTEXT(2) 
PARAMETRIC_REPRESENTATION_CONTEXT() REPRESENTATION_CONTEXT('2D SPACE',''
  ) );
#8122 = PCURVE('',#8049,#8123);
#8123 = DEFINITIONAL_REPRESENTATION('',(#8124),#8128);
#8124 = LINE('',#8125,#8126);
#8125 = CARTESIAN_POINT('',(0.419921875,0.248046875));
#8126 = VECTOR('',#8127,1.);
#8127 = DIRECTION('',(0.,-1.));
#8128 = ( GEOMETRIC_REPRESENTATION_CONTEXT(2) 
PARAMETRIC_REPRESENTATION_CONTEXT() REPRESENTATION_CONTEXT('2D SPACE',''
  ) );
#8129 = ORIENTED_EDGE('',*,*,#8010,.F.);
#8130 = ORIENTED_EDGE('',*,*,#2068,.F.);
#8131 = ADVANCED_FACE('',(#8132),#2028,.T.);
#8132 = FACE_BOUND('',#8133,.T.);
#8133 = EDGE_LOOP('',(#8134,#8135,#8158,#8179));
#8134 = ORIENTED_EDGE('',*,*,#8061,.T.);
#8135 = ORIENTED_EDGE('',*,*,#8136,.T.);
#8136 = EDGE_CURVE('',#8034,#8137,#8139,.T.);
#8137 = VERTEX_POINT('',#8138);
#8138 = CARTESIAN_POINT('',(-0.10400390625,3.5556640625,6.45));
#8139 = SURFACE_CURVE('',#8140,(#8144,#8151),.PCURVE_S1.);
#8140 = LINE('',#8141,#8142);
#8141 = CARTESIAN_POINT('',(-0.10400390625,3.3076171875,6.45));
#8142 = VECTOR('',#8143,1.);
#8143 = DIRECTION('',(0.,1.,0.));
#8144 = PCURVE('',#2028,#8145);
#8145 = DEFINITIONAL_REPRESENTATION('',(#8146),#8150);
#8146 = LINE('',#8147,#8148);
#8147 = CARTESIAN_POINT('',(0.,-0.45));
#8148 = VECTOR('',#8149,1.);
#8149 = DIRECTION('',(1.,0.));
#8150 = ( GEOMETRIC_REPRESENTATION_CONTEXT(2) 
PARAMETRIC_REPRESENTATION_CONTEXT() REPRESENTATION_CONTEXT('2D SPACE',''
  ) );
#8151 = PCURVE('',#8049,#8152);
#8152 = DEFINITIONAL_REPRESENTATION('',(#8153),#8157);
#8153 = LINE('',#8154,#8155);
#8154 = CARTESIAN_POINT('',(0.2138671875,0.));
#8155 = VECTOR('',#8156,1.);
#8156 = DIRECTION('',(0.,1.));
#8157 = ( GEOMETRIC_REPRESENTATION_CONTEXT(2) 
PARAMETRIC_REPRESENTATION_CONTEXT() REPRESENTATION_CONTEXT('2D SPACE',''
  ) );
#8158 = ORIENTED_EDGE('',*,*,#8159,.F.);
#8159 = EDGE_CURVE('',#2013,#8137,#8160,.T.);
#8160 = SURFACE_CURVE('',#8161,(#8165,#8172),.PCURVE_S1.);
#8161 = LINE('',#8162,#8163);
#8162 = CARTESIAN_POINT('',(-0.10400390625,3.5556640625,6.));
#8163 = VECTOR('',#8164,1.);
#8164 = DIRECTION('',(0.,0.,1.));
#8165 = PCURVE('',#2028,#8166);
#8166 = DEFINITIONAL_REPRESENTATION('',(#8167),#8171);
#8167 = LINE('',#8168,#8169);
#8168 = CARTESIAN_POINT('',(0.248046875,0.));
#8169 = VECTOR('',#8170,1.);
#8170 = DIRECTION('',(0.,-1.));
#8171 = ( GEOMETRIC_REPRESENTATION_CONTEXT(2) 
PARAMETRIC_REPRESENTATION_CONTEXT() REPRESENTATION_CONTEXT('2D SPACE',''
  ) );
#8172 = PCURVE('',#2056,#8173);
#8173 = DEFINITIONAL_REPRESENTATION('',(#8174),#8178);
#8174 = LINE('',#8175,#8176);
#8175 = CARTESIAN_POINT('',(0.,0.));
#8176 = VECTOR('',#8177,1.);
#8177 = DIRECTION('',(0.,-1.));
#8178 = ( GEOMETRIC_REPRESENTATION_CONTEXT(2) 
PARAMETRIC_REPRESENTATION_CONTEXT() REPRESENTATION_CONTEXT('2D SPACE',''
  ) );
#8179 = ORIENTED_EDGE('',*,*,#2012,.F.);
#8180 = ADVANCED_FACE('',(#8181),#2056,.T.);
#8181 = FACE_BOUND('',#8182,.T.);
#8182 = EDGE_LOOP('',(#8183,#8184,#8205,#8206));
#8183 = ORIENTED_EDGE('',*,*,#8159,.T.);
#8184 = ORIENTED_EDGE('',*,*,#8185,.T.);
#8185 = EDGE_CURVE('',#8137,#8087,#8186,.T.);
#8186 = SURFACE_CURVE('',#8187,(#8191,#8198),.PCURVE_S1.);
#8187 = LINE('',#8188,#8189);
#8188 = CARTESIAN_POINT('',(-0.10400390625,3.5556640625,6.45));
#8189 = VECTOR('',#8190,1.);
#8190 = DIRECTION('',(1.,0.,0.));
#8191 = PCURVE('',#2056,#8192);
#8192 = DEFINITIONAL_REPRESENTATION('',(#8193),#8197);
#8193 = LINE('',#8194,#8195);
#8194 = CARTESIAN_POINT('',(0.,-0.45));
#8195 = VECTOR('',#8196,1.);
#8196 = DIRECTION('',(1.,0.));
#8197 = ( GEOMETRIC_REPRESENTATION_CONTEXT(2) 
PARAMETRIC_REPRESENTATION_CONTEXT() REPRESENTATION_CONTEXT('2D SPACE',''
  ) );
#8198 = PCURVE('',#8049,#8199);
#8199 = DEFINITIONAL_REPRESENTATION('',(#8200),#8204);
#8200 = LINE('',#8201,#8202);
#8201 = CARTESIAN_POINT('',(0.2138671875,0.248046875));
#8202 = VECTOR('',#8203,1.);
#8203 = DIRECTION('',(1.,0.));
#8204 = ( GEOMETRIC_REPRESENTATION_CONTEXT(2) 
PARAMETRIC_REPRESENTATION_CONTEXT() REPRESENTATION_CONTEXT('2D SPACE',''
  ) );
#8205 = ORIENTED_EDGE('',*,*,#8086,.F.);
#8206 = ORIENTED_EDGE('',*,*,#2040,.F.);
#8207 = ADVANCED_FACE('',(#8208),#2114,.T.);
#8208 = FACE_BOUND('',#8209,.T.);
#8209 = EDGE_LOOP('',(#8210,#8233,#8261,#8282));
#8210 = ORIENTED_EDGE('',*,*,#8211,.T.);
#8211 = EDGE_CURVE('',#2097,#8212,#8214,.T.);
#8212 = VERTEX_POINT('',#8213);
#8213 = CARTESIAN_POINT('',(-0.58154296875,4.20947265625,6.45));
#8214 = SURFACE_CURVE('',#8215,(#8219,#8226),.PCURVE_S1.);
#8215 = LINE('',#8216,#8217);
#8216 = CARTESIAN_POINT('',(-0.58154296875,4.20947265625,6.));
#8217 = VECTOR('',#8218,1.);
#8218 = DIRECTION('',(0.,0.,1.));
#8219 = PCURVE('',#2114,#8220);
#8220 = DEFINITIONAL_REPRESENTATION('',(#8221),#8225);
#8221 = LINE('',#8222,#8223);
#8222 = CARTESIAN_POINT('',(0.,0.));
#8223 = VECTOR('',#8224,1.);
#8224 = DIRECTION('',(0.,-1.));
#8225 = ( GEOMETRIC_REPRESENTATION_CONTEXT(2) 
PARAMETRIC_REPRESENTATION_CONTEXT() REPRESENTATION_CONTEXT('2D SPACE',''
  ) );
#8226 = PCURVE('',#2942,#8227);
#8227 = DEFINITIONAL_REPRESENTATION('',(#8228),#8232);
#8228 = LINE('',#8229,#8230);
#8229 = CARTESIAN_POINT('',(1.,0.));
#8230 = VECTOR('',#8231,1.);
#8231 = DIRECTION('',(0.,-1.));
#8232 = ( GEOMETRIC_REPRESENTATION_CONTEXT(2) 
PARAMETRIC_REPRESENTATION_CONTEXT() REPRESENTATION_CONTEXT('2D SPACE',''
  ) );
#8233 = ORIENTED_EDGE('',*,*,#8234,.T.);
#8234 = EDGE_CURVE('',#8212,#8235,#8237,.T.);
#8235 = VERTEX_POINT('',#8236);
#8236 = CARTESIAN_POINT('',(-0.77880859375,4.09375,6.45));
#8237 = SURFACE_CURVE('',#8238,(#8242,#8249),.PCURVE_S1.);
#8238 = B_SPLINE_CURVE_WITH_KNOTS('',2,(#8239,#8240,#8241),
  .UNSPECIFIED.,.F.,.F.,(3,3),(0.,1.),.PIECEWISE_BEZIER_KNOTS.);
#8239 = CARTESIAN_POINT('',(-0.58154296875,4.20947265625,6.45));
#8240 = CARTESIAN_POINT('',(-0.65087890625,4.1259765625,6.45));
#8241 = CARTESIAN_POINT('',(-0.77880859375,4.09375,6.45));
#8242 = PCURVE('',#2114,#8243);
#8243 = DEFINITIONAL_REPRESENTATION('',(#8244),#8248);
#8244 = LINE('',#8245,#8246);
#8245 = CARTESIAN_POINT('',(0.,-0.45));
#8246 = VECTOR('',#8247,1.);
#8247 = DIRECTION('',(1.,0.));
#8248 = ( GEOMETRIC_REPRESENTATION_CONTEXT(2) 
PARAMETRIC_REPRESENTATION_CONTEXT() REPRESENTATION_CONTEXT('2D SPACE',''
  ) );
#8249 = PCURVE('',#8250,#8255);
#8250 = PLANE('',#8251);
#8251 = AXIS2_PLACEMENT_3D('',#8252,#8253,#8254);
#8252 = CARTESIAN_POINT('',(-1.59033203125,3.3076171875,6.45));
#8253 = DIRECTION('',(0.,0.,1.));
#8254 = DIRECTION('',(1.,0.,0.));
#8255 = DEFINITIONAL_REPRESENTATION('',(#8256),#8260);
#8256 = B_SPLINE_CURVE_WITH_KNOTS('',2,(#8257,#8258,#8259),
  .UNSPECIFIED.,.F.,.F.,(3,3),(0.,1.),.PIECEWISE_BEZIER_KNOTS.);
#8257 = CARTESIAN_POINT('',(1.0087890625,0.90185546875));
#8258 = CARTESIAN_POINT('',(0.939453125,0.818359375));
#8259 = CARTESIAN_POINT('',(0.8115234375,0.7861328125));
#8260 = ( GEOMETRIC_REPRESENTATION_CONTEXT(2) 
PARAMETRIC_REPRESENTATION_CONTEXT() REPRESENTATION_CONTEXT('2D SPACE',''
  ) );
#8261 = ORIENTED_EDGE('',*,*,#8262,.F.);
#8262 = EDGE_CURVE('',#2099,#8235,#8263,.T.);
#8263 = SURFACE_CURVE('',#8264,(#8268,#8275),.PCURVE_S1.);
#8264 = LINE('',#8265,#8266);
#8265 = CARTESIAN_POINT('',(-0.77880859375,4.09375,6.));
#8266 = VECTOR('',#8267,1.);
#8267 = DIRECTION('',(0.,0.,1.));
#8268 = PCURVE('',#2114,#8269);
#8269 = DEFINITIONAL_REPRESENTATION('',(#8270),#8274);
#8270 = LINE('',#8271,#8272);
#8271 = CARTESIAN_POINT('',(1.,0.));
#8272 = VECTOR('',#8273,1.);
#8273 = DIRECTION('',(0.,-1.));
#8274 = ( GEOMETRIC_REPRESENTATION_CONTEXT(2) 
PARAMETRIC_REPRESENTATION_CONTEXT() REPRESENTATION_CONTEXT('2D SPACE',''
  ) );
#8275 = PCURVE('',#2144,#8276);
#8276 = DEFINITIONAL_REPRESENTATION('',(#8277),#8281);
#8277 = LINE('',#8278,#8279);
#8278 = CARTESIAN_POINT('',(0.,0.));
#8279 = VECTOR('',#8280,1.);
#8280 = DIRECTION('',(0.,-1.));
#8281 = ( GEOMETRIC_REPRESENTATION_CONTEXT(2) 
PARAMETRIC_REPRESENTATION_CONTEXT() REPRESENTATION_CONTEXT('2D SPACE',''
  ) );
#8282 = ORIENTED_EDGE('',*,*,#2096,.F.);
#8283 = ADVANCED_FACE('',(#8284),#2942,.T.);
#8284 = FACE_BOUND('',#8285,.T.);
#8285 = EDGE_LOOP('',(#8286,#8309,#8330,#8331));
#8286 = ORIENTED_EDGE('',*,*,#8287,.T.);
#8287 = EDGE_CURVE('',#2899,#8288,#8290,.T.);
#8288 = VERTEX_POINT('',#8289);
#8289 = CARTESIAN_POINT('',(-0.51220703125,4.4140625,6.45));
#8290 = SURFACE_CURVE('',#8291,(#8295,#8302),.PCURVE_S1.);
#8291 = LINE('',#8292,#8293);
#8292 = CARTESIAN_POINT('',(-0.51220703125,4.4140625,6.));
#8293 = VECTOR('',#8294,1.);
#8294 = DIRECTION('',(0.,0.,1.));
#8295 = PCURVE('',#2942,#8296);
#8296 = DEFINITIONAL_REPRESENTATION('',(#8297),#8301);
#8297 = LINE('',#8298,#8299);
#8298 = CARTESIAN_POINT('',(0.,0.));
#8299 = VECTOR('',#8300,1.);
#8300 = DIRECTION('',(0.,-1.));
#8301 = ( GEOMETRIC_REPRESENTATION_CONTEXT(2) 
PARAMETRIC_REPRESENTATION_CONTEXT() REPRESENTATION_CONTEXT('2D SPACE',''
  ) );
#8302 = PCURVE('',#2914,#8303);
#8303 = DEFINITIONAL_REPRESENTATION('',(#8304),#8308);
#8304 = LINE('',#8305,#8306);
#8305 = CARTESIAN_POINT('',(1.,0.));
#8306 = VECTOR('',#8307,1.);
#8307 = DIRECTION('',(0.,-1.));
#8308 = ( GEOMETRIC_REPRESENTATION_CONTEXT(2) 
PARAMETRIC_REPRESENTATION_CONTEXT() REPRESENTATION_CONTEXT('2D SPACE',''
  ) );
#8309 = ORIENTED_EDGE('',*,*,#8310,.T.);
#8310 = EDGE_CURVE('',#8288,#8212,#8311,.T.);
#8311 = SURFACE_CURVE('',#8312,(#8316,#8323),.PCURVE_S1.);
#8312 = B_SPLINE_CURVE_WITH_KNOTS('',2,(#8313,#8314,#8315),
  .UNSPECIFIED.,.F.,.F.,(3,3),(0.,1.),.PIECEWISE_BEZIER_KNOTS.);
#8313 = CARTESIAN_POINT('',(-0.51220703125,4.4140625,6.45));
#8314 = CARTESIAN_POINT('',(-0.51220703125,4.29296875,6.45));
#8315 = CARTESIAN_POINT('',(-0.58154296875,4.20947265625,6.45));
#8316 = PCURVE('',#2942,#8317);
#8317 = DEFINITIONAL_REPRESENTATION('',(#8318),#8322);
#8318 = LINE('',#8319,#8320);
#8319 = CARTESIAN_POINT('',(0.,-0.45));
#8320 = VECTOR('',#8321,1.);
#8321 = DIRECTION('',(1.,0.));
#8322 = ( GEOMETRIC_REPRESENTATION_CONTEXT(2) 
PARAMETRIC_REPRESENTATION_CONTEXT() REPRESENTATION_CONTEXT('2D SPACE',''
  ) );
#8323 = PCURVE('',#8250,#8324);
#8324 = DEFINITIONAL_REPRESENTATION('',(#8325),#8329);
#8325 = B_SPLINE_CURVE_WITH_KNOTS('',2,(#8326,#8327,#8328),
  .UNSPECIFIED.,.F.,.F.,(3,3),(0.,1.),.PIECEWISE_BEZIER_KNOTS.);
#8326 = CARTESIAN_POINT('',(1.078125,1.1064453125));
#8327 = CARTESIAN_POINT('',(1.078125,0.9853515625));
#8328 = CARTESIAN_POINT('',(1.0087890625,0.90185546875));
#8329 = ( GEOMETRIC_REPRESENTATION_CONTEXT(2) 
PARAMETRIC_REPRESENTATION_CONTEXT() REPRESENTATION_CONTEXT('2D SPACE',''
  ) );
#8330 = ORIENTED_EDGE('',*,*,#8211,.F.);
#8331 = ORIENTED_EDGE('',*,*,#2928,.F.);
#8332 = ADVANCED_FACE('',(#8333),#2144,.T.);
#8333 = FACE_BOUND('',#8334,.T.);
#8334 = EDGE_LOOP('',(#8335,#8336,#8359,#8380));
#8335 = ORIENTED_EDGE('',*,*,#8262,.T.);
#8336 = ORIENTED_EDGE('',*,*,#8337,.T.);
#8337 = EDGE_CURVE('',#8235,#8338,#8340,.T.);
#8338 = VERTEX_POINT('',#8339);
#8339 = CARTESIAN_POINT('',(-0.5576171875,3.9677734375,6.45));
#8340 = SURFACE_CURVE('',#8341,(#8345,#8352),.PCURVE_S1.);
#8341 = B_SPLINE_CURVE_WITH_KNOTS('',2,(#8342,#8343,#8344),
  .UNSPECIFIED.,.F.,.F.,(3,3),(0.,1.),.PIECEWISE_BEZIER_KNOTS.);
#8342 = CARTESIAN_POINT('',(-0.77880859375,4.09375,6.45));
#8343 = CARTESIAN_POINT('',(-0.63720703125,4.0634765625,6.45));
#8344 = CARTESIAN_POINT('',(-0.5576171875,3.9677734375,6.45));
#8345 = PCURVE('',#2144,#8346);
#8346 = DEFINITIONAL_REPRESENTATION('',(#8347),#8351);
#8347 = LINE('',#8348,#8349);
#8348 = CARTESIAN_POINT('',(0.,-0.45));
#8349 = VECTOR('',#8350,1.);
#8350 = DIRECTION('',(1.,0.));
#8351 = ( GEOMETRIC_REPRESENTATION_CONTEXT(2) 
PARAMETRIC_REPRESENTATION_CONTEXT() REPRESENTATION_CONTEXT('2D SPACE',''
  ) );
#8352 = PCURVE('',#8250,#8353);
#8353 = DEFINITIONAL_REPRESENTATION('',(#8354),#8358);
#8354 = B_SPLINE_CURVE_WITH_KNOTS('',2,(#8355,#8356,#8357),
  .UNSPECIFIED.,.F.,.F.,(3,3),(0.,1.),.PIECEWISE_BEZIER_KNOTS.);
#8355 = CARTESIAN_POINT('',(0.8115234375,0.7861328125));
#8356 = CARTESIAN_POINT('',(0.953125,0.755859375));
#8357 = CARTESIAN_POINT('',(1.03271484375,0.66015625));
#8358 = ( GEOMETRIC_REPRESENTATION_CONTEXT(2) 
PARAMETRIC_REPRESENTATION_CONTEXT() REPRESENTATION_CONTEXT('2D SPACE',''
  ) );
#8359 = ORIENTED_EDGE('',*,*,#8360,.F.);
#8360 = EDGE_CURVE('',#2129,#8338,#8361,.T.);
#8361 = SURFACE_CURVE('',#8362,(#8366,#8373),.PCURVE_S1.);
#8362 = LINE('',#8363,#8364);
#8363 = CARTESIAN_POINT('',(-0.5576171875,3.9677734375,6.));
#8364 = VECTOR('',#8365,1.);
#8365 = DIRECTION('',(0.,0.,1.));
#8366 = PCURVE('',#2144,#8367);
#8367 = DEFINITIONAL_REPRESENTATION('',(#8368),#8372);
#8368 = LINE('',#8369,#8370);
#8369 = CARTESIAN_POINT('',(1.,0.));
#8370 = VECTOR('',#8371,1.);
#8371 = DIRECTION('',(0.,-1.));
#8372 = ( GEOMETRIC_REPRESENTATION_CONTEXT(2) 
PARAMETRIC_REPRESENTATION_CONTEXT() REPRESENTATION_CONTEXT('2D SPACE',''
  ) );
#8373 = PCURVE('',#2174,#8374);
#8374 = DEFINITIONAL_REPRESENTATION('',(#8375),#8379);
#8375 = LINE('',#8376,#8377);
#8376 = CARTESIAN_POINT('',(0.,0.));
#8377 = VECTOR('',#8378,1.);
#8378 = DIRECTION('',(0.,-1.));
#8379 = ( GEOMETRIC_REPRESENTATION_CONTEXT(2) 
PARAMETRIC_REPRESENTATION_CONTEXT() REPRESENTATION_CONTEXT('2D SPACE',''
  ) );
#8380 = ORIENTED_EDGE('',*,*,#2128,.F.);
#8381 = ADVANCED_FACE('',(#8382),#2914,.T.);
#8382 = FACE_BOUND('',#8383,.T.);
#8383 = EDGE_LOOP('',(#8384,#8407,#8428,#8429));
#8384 = ORIENTED_EDGE('',*,*,#8385,.T.);
#8385 = EDGE_CURVE('',#2869,#8386,#8388,.T.);
#8386 = VERTEX_POINT('',#8387);
#8387 = CARTESIAN_POINT('',(-0.64306640625,4.68994140625,6.45));
#8388 = SURFACE_CURVE('',#8389,(#8393,#8400),.PCURVE_S1.);
#8389 = LINE('',#8390,#8391);
#8390 = CARTESIAN_POINT('',(-0.64306640625,4.68994140625,6.));
#8391 = VECTOR('',#8392,1.);
#8392 = DIRECTION('',(0.,0.,1.));
#8393 = PCURVE('',#2914,#8394);
#8394 = DEFINITIONAL_REPRESENTATION('',(#8395),#8399);
#8395 = LINE('',#8396,#8397);
#8396 = CARTESIAN_POINT('',(0.,0.));
#8397 = VECTOR('',#8398,1.);
#8398 = DIRECTION('',(0.,-1.));
#8399 = ( GEOMETRIC_REPRESENTATION_CONTEXT(2) 
PARAMETRIC_REPRESENTATION_CONTEXT() REPRESENTATION_CONTEXT('2D SPACE',''
  ) );
#8400 = PCURVE('',#2884,#8401);
#8401 = DEFINITIONAL_REPRESENTATION('',(#8402),#8406);
#8402 = LINE('',#8403,#8404);
#8403 = CARTESIAN_POINT('',(1.,0.));
#8404 = VECTOR('',#8405,1.);
#8405 = DIRECTION('',(0.,-1.));
#8406 = ( GEOMETRIC_REPRESENTATION_CONTEXT(2) 
PARAMETRIC_REPRESENTATION_CONTEXT() REPRESENTATION_CONTEXT('2D SPACE',''
  ) );
#8407 = ORIENTED_EDGE('',*,*,#8408,.T.);
#8408 = EDGE_CURVE('',#8386,#8288,#8409,.T.);
#8409 = SURFACE_CURVE('',#8410,(#8414,#8421),.PCURVE_S1.);
#8410 = B_SPLINE_CURVE_WITH_KNOTS('',2,(#8411,#8412,#8413),
  .UNSPECIFIED.,.F.,.F.,(3,3),(0.,1.),.PIECEWISE_BEZIER_KNOTS.);
#8411 = CARTESIAN_POINT('',(-0.64306640625,4.68994140625,6.45));
#8412 = CARTESIAN_POINT('',(-0.51220703125,4.587890625,6.45));
#8413 = CARTESIAN_POINT('',(-0.51220703125,4.4140625,6.45));
#8414 = PCURVE('',#2914,#8415);
#8415 = DEFINITIONAL_REPRESENTATION('',(#8416),#8420);
#8416 = LINE('',#8417,#8418);
#8417 = CARTESIAN_POINT('',(0.,-0.45));
#8418 = VECTOR('',#8419,1.);
#8419 = DIRECTION('',(1.,0.));
#8420 = ( GEOMETRIC_REPRESENTATION_CONTEXT(2) 
PARAMETRIC_REPRESENTATION_CONTEXT() REPRESENTATION_CONTEXT('2D SPACE',''
  ) );
#8421 = PCURVE('',#8250,#8422);
#8422 = DEFINITIONAL_REPRESENTATION('',(#8423),#8427);
#8423 = B_SPLINE_CURVE_WITH_KNOTS('',2,(#8424,#8425,#8426),
  .UNSPECIFIED.,.F.,.F.,(3,3),(0.,1.),.PIECEWISE_BEZIER_KNOTS.);
#8424 = CARTESIAN_POINT('',(0.947265625,1.38232421875));
#8425 = CARTESIAN_POINT('',(1.078125,1.2802734375));
#8426 = CARTESIAN_POINT('',(1.078125,1.1064453125));
#8427 = ( GEOMETRIC_REPRESENTATION_CONTEXT(2) 
PARAMETRIC_REPRESENTATION_CONTEXT() REPRESENTATION_CONTEXT('2D SPACE',''
  ) );
#8428 = ORIENTED_EDGE('',*,*,#8287,.F.);
#8429 = ORIENTED_EDGE('',*,*,#2898,.F.);
#8430 = ADVANCED_FACE('',(#8431),#2174,.T.);
#8431 = FACE_BOUND('',#8432,.T.);
#8432 = EDGE_LOOP('',(#8433,#8434,#8457,#8478));
#8433 = ORIENTED_EDGE('',*,*,#8360,.T.);
#8434 = ORIENTED_EDGE('',*,*,#8435,.T.);
#8435 = EDGE_CURVE('',#8338,#8436,#8438,.T.);
#8436 = VERTEX_POINT('',#8437);
#8437 = CARTESIAN_POINT('',(-0.47802734375,3.7314453125,6.45));
#8438 = SURFACE_CURVE('',#8439,(#8443,#8450),.PCURVE_S1.);
#8439 = B_SPLINE_CURVE_WITH_KNOTS('',2,(#8440,#8441,#8442),
  .UNSPECIFIED.,.F.,.F.,(3,3),(0.,1.),.PIECEWISE_BEZIER_KNOTS.);
#8440 = CARTESIAN_POINT('',(-0.5576171875,3.9677734375,6.45));
#8441 = CARTESIAN_POINT('',(-0.47802734375,3.8720703125,6.45));
#8442 = CARTESIAN_POINT('',(-0.47802734375,3.7314453125,6.45));
#8443 = PCURVE('',#2174,#8444);
#8444 = DEFINITIONAL_REPRESENTATION('',(#8445),#8449);
#8445 = LINE('',#8446,#8447);
#8446 = CARTESIAN_POINT('',(0.,-0.45));
#8447 = VECTOR('',#8448,1.);
#8448 = DIRECTION('',(1.,0.));
#8449 = ( GEOMETRIC_REPRESENTATION_CONTEXT(2) 
PARAMETRIC_REPRESENTATION_CONTEXT() REPRESENTATION_CONTEXT('2D SPACE',''
  ) );
#8450 = PCURVE('',#8250,#8451);
#8451 = DEFINITIONAL_REPRESENTATION('',(#8452),#8456);
#8452 = B_SPLINE_CURVE_WITH_KNOTS('',2,(#8453,#8454,#8455),
  .UNSPECIFIED.,.F.,.F.,(3,3),(0.,1.),.PIECEWISE_BEZIER_KNOTS.);
#8453 = CARTESIAN_POINT('',(1.03271484375,0.66015625));
#8454 = CARTESIAN_POINT('',(1.1123046875,0.564453125));
#8455 = CARTESIAN_POINT('',(1.1123046875,0.423828125));
#8456 = ( GEOMETRIC_REPRESENTATION_CONTEXT(2) 
PARAMETRIC_REPRESENTATION_CONTEXT() REPRESENTATION_CONTEXT('2D SPACE',''
  ) );
#8457 = ORIENTED_EDGE('',*,*,#8458,.F.);
#8458 = EDGE_CURVE('',#2159,#8436,#8459,.T.);
#8459 = SURFACE_CURVE('',#8460,(#8464,#8471),.PCURVE_S1.);
#8460 = LINE('',#8461,#8462);
#8461 = CARTESIAN_POINT('',(-0.47802734375,3.7314453125,6.));
#8462 = VECTOR('',#8463,1.);
#8463 = DIRECTION('',(0.,0.,1.));
#8464 = PCURVE('',#2174,#8465);
#8465 = DEFINITIONAL_REPRESENTATION('',(#8466),#8470);
#8466 = LINE('',#8467,#8468);
#8467 = CARTESIAN_POINT('',(1.,0.));
#8468 = VECTOR('',#8469,1.);
#8469 = DIRECTION('',(0.,-1.));
#8470 = ( GEOMETRIC_REPRESENTATION_CONTEXT(2) 
PARAMETRIC_REPRESENTATION_CONTEXT() REPRESENTATION_CONTEXT('2D SPACE',''
  ) );
#8471 = PCURVE('',#2204,#8472);
#8472 = DEFINITIONAL_REPRESENTATION('',(#8473),#8477);
#8473 = LINE('',#8474,#8475);
#8474 = CARTESIAN_POINT('',(0.,0.));
#8475 = VECTOR('',#8476,1.);
#8476 = DIRECTION('',(0.,-1.));
#8477 = ( GEOMETRIC_REPRESENTATION_CONTEXT(2) 
PARAMETRIC_REPRESENTATION_CONTEXT() REPRESENTATION_CONTEXT('2D SPACE',''
  ) );
#8478 = ORIENTED_EDGE('',*,*,#2158,.F.);
#8479 = ADVANCED_FACE('',(#8480),#2884,.T.);
#8480 = FACE_BOUND('',#8481,.T.);
#8481 = EDGE_LOOP('',(#8482,#8505,#8526,#8527));
#8482 = ORIENTED_EDGE('',*,*,#8483,.T.);
#8483 = EDGE_CURVE('',#2839,#8484,#8486,.T.);
#8484 = VERTEX_POINT('',#8485);
#8485 = CARTESIAN_POINT('',(-0.99853515625,4.7919921875,6.45));
#8486 = SURFACE_CURVE('',#8487,(#8491,#8498),.PCURVE_S1.);
#8487 = LINE('',#8488,#8489);
#8488 = CARTESIAN_POINT('',(-0.99853515625,4.7919921875,6.));
#8489 = VECTOR('',#8490,1.);
#8490 = DIRECTION('',(0.,0.,1.));
#8491 = PCURVE('',#2884,#8492);
#8492 = DEFINITIONAL_REPRESENTATION('',(#8493),#8497);
#8493 = LINE('',#8494,#8495);
#8494 = CARTESIAN_POINT('',(0.,0.));
#8495 = VECTOR('',#8496,1.);
#8496 = DIRECTION('',(0.,-1.));
#8497 = ( GEOMETRIC_REPRESENTATION_CONTEXT(2) 
PARAMETRIC_REPRESENTATION_CONTEXT() REPRESENTATION_CONTEXT('2D SPACE',''
  ) );
#8498 = PCURVE('',#2854,#8499);
#8499 = DEFINITIONAL_REPRESENTATION('',(#8500),#8504);
#8500 = LINE('',#8501,#8502);
#8501 = CARTESIAN_POINT('',(1.,0.));
#8502 = VECTOR('',#8503,1.);
#8503 = DIRECTION('',(0.,-1.));
#8504 = ( GEOMETRIC_REPRESENTATION_CONTEXT(2) 
PARAMETRIC_REPRESENTATION_CONTEXT() REPRESENTATION_CONTEXT('2D SPACE',''
  ) );
#8505 = ORIENTED_EDGE('',*,*,#8506,.T.);
#8506 = EDGE_CURVE('',#8484,#8386,#8507,.T.);
#8507 = SURFACE_CURVE('',#8508,(#8512,#8519),.PCURVE_S1.);
#8508 = B_SPLINE_CURVE_WITH_KNOTS('',2,(#8509,#8510,#8511),
  .UNSPECIFIED.,.F.,.F.,(3,3),(0.,1.),.PIECEWISE_BEZIER_KNOTS.);
#8509 = CARTESIAN_POINT('',(-0.99853515625,4.7919921875,6.45));
#8510 = CARTESIAN_POINT('',(-0.77392578125,4.7919921875,6.45));
#8511 = CARTESIAN_POINT('',(-0.64306640625,4.68994140625,6.45));
#8512 = PCURVE('',#2884,#8513);
#8513 = DEFINITIONAL_REPRESENTATION('',(#8514),#8518);
#8514 = LINE('',#8515,#8516);
#8515 = CARTESIAN_POINT('',(0.,-0.45));
#8516 = VECTOR('',#8517,1.);
#8517 = DIRECTION('',(1.,0.));
#8518 = ( GEOMETRIC_REPRESENTATION_CONTEXT(2) 
PARAMETRIC_REPRESENTATION_CONTEXT() REPRESENTATION_CONTEXT('2D SPACE',''
  ) );
#8519 = PCURVE('',#8250,#8520);
#8520 = DEFINITIONAL_REPRESENTATION('',(#8521),#8525);
#8521 = B_SPLINE_CURVE_WITH_KNOTS('',2,(#8522,#8523,#8524),
  .UNSPECIFIED.,.F.,.F.,(3,3),(0.,1.),.PIECEWISE_BEZIER_KNOTS.);
#8522 = CARTESIAN_POINT('',(0.591796875,1.484375));
#8523 = CARTESIAN_POINT('',(0.81640625,1.484375));
#8524 = CARTESIAN_POINT('',(0.947265625,1.38232421875));
#8525 = ( GEOMETRIC_REPRESENTATION_CONTEXT(2) 
PARAMETRIC_REPRESENTATION_CONTEXT() REPRESENTATION_CONTEXT('2D SPACE',''
  ) );
#8526 = ORIENTED_EDGE('',*,*,#8385,.F.);
#8527 = ORIENTED_EDGE('',*,*,#2868,.F.);
#8528 = ADVANCED_FACE('',(#8529),#2204,.T.);
#8529 = FACE_BOUND('',#8530,.T.);
#8530 = EDGE_LOOP('',(#8531,#8532,#8555,#8576));
#8531 = ORIENTED_EDGE('',*,*,#8458,.T.);
#8532 = ORIENTED_EDGE('',*,*,#8533,.T.);
#8533 = EDGE_CURVE('',#8436,#8534,#8536,.T.);
#8534 = VERTEX_POINT('',#8535);
#8535 = CARTESIAN_POINT('',(-0.62646484375,3.3974609375,6.45));
#8536 = SURFACE_CURVE('',#8537,(#8541,#8548),.PCURVE_S1.);
#8537 = B_SPLINE_CURVE_WITH_KNOTS('',2,(#8538,#8539,#8540),
  .UNSPECIFIED.,.F.,.F.,(3,3),(0.,1.),.PIECEWISE_BEZIER_KNOTS.);
#8538 = CARTESIAN_POINT('',(-0.47802734375,3.7314453125,6.45));
#8539 = CARTESIAN_POINT('',(-0.47802734375,3.515625,6.45));
#8540 = CARTESIAN_POINT('',(-0.62646484375,3.3974609375,6.45));
#8541 = PCURVE('',#2204,#8542);
#8542 = DEFINITIONAL_REPRESENTATION('',(#8543),#8547);
#8543 = LINE('',#8544,#8545);
#8544 = CARTESIAN_POINT('',(0.,-0.45));
#8545 = VECTOR('',#8546,1.);
#8546 = DIRECTION('',(1.,0.));
#8547 = ( GEOMETRIC_REPRESENTATION_CONTEXT(2) 
PARAMETRIC_REPRESENTATION_CONTEXT() REPRESENTATION_CONTEXT('2D SPACE',''
  ) );
#8548 = PCURVE('',#8250,#8549);
#8549 = DEFINITIONAL_REPRESENTATION('',(#8550),#8554);
#8550 = B_SPLINE_CURVE_WITH_KNOTS('',2,(#8551,#8552,#8553),
  .UNSPECIFIED.,.F.,.F.,(3,3),(0.,1.),.PIECEWISE_BEZIER_KNOTS.);
#8551 = CARTESIAN_POINT('',(1.1123046875,0.423828125));
#8552 = CARTESIAN_POINT('',(1.1123046875,0.2080078125));
#8553 = CARTESIAN_POINT('',(0.9638671875,8.984375E-02));
#8554 = ( GEOMETRIC_REPRESENTATION_CONTEXT(2) 
PARAMETRIC_REPRESENTATION_CONTEXT() REPRESENTATION_CONTEXT('2D SPACE',''
  ) );
#8555 = ORIENTED_EDGE('',*,*,#8556,.F.);
#8556 = EDGE_CURVE('',#2189,#8534,#8557,.T.);
#8557 = SURFACE_CURVE('',#8558,(#8562,#8569),.PCURVE_S1.);
#8558 = LINE('',#8559,#8560);
#8559 = CARTESIAN_POINT('',(-0.62646484375,3.3974609375,6.));
#8560 = VECTOR('',#8561,1.);
#8561 = DIRECTION('',(0.,0.,1.));
#8562 = PCURVE('',#2204,#8563);
#8563 = DEFINITIONAL_REPRESENTATION('',(#8564),#8568);
#8564 = LINE('',#8565,#8566);
#8565 = CARTESIAN_POINT('',(1.,0.));
#8566 = VECTOR('',#8567,1.);
#8567 = DIRECTION('',(0.,-1.));
#8568 = ( GEOMETRIC_REPRESENTATION_CONTEXT(2) 
PARAMETRIC_REPRESENTATION_CONTEXT() REPRESENTATION_CONTEXT('2D SPACE',''
  ) );
#8569 = PCURVE('',#2234,#8570);
#8570 = DEFINITIONAL_REPRESENTATION('',(#8571),#8575);
#8571 = LINE('',#8572,#8573);
#8572 = CARTESIAN_POINT('',(0.,0.));
#8573 = VECTOR('',#8574,1.);
#8574 = DIRECTION('',(0.,-1.));
#8575 = ( GEOMETRIC_REPRESENTATION_CONTEXT(2) 
PARAMETRIC_REPRESENTATION_CONTEXT() REPRESENTATION_CONTEXT('2D SPACE',''
  ) );
#8576 = ORIENTED_EDGE('',*,*,#2188,.F.);
#8577 = ADVANCED_FACE('',(#8578),#2854,.T.);
#8578 = FACE_BOUND('',#8579,.T.);
#8579 = EDGE_LOOP('',(#8580,#8603,#8624,#8625));
#8580 = ORIENTED_EDGE('',*,*,#8581,.T.);
#8581 = EDGE_CURVE('',#2809,#8582,#8584,.T.);
#8582 = VERTEX_POINT('',#8583);
#8583 = CARTESIAN_POINT('',(-1.18359375,4.7763671875,6.45));
#8584 = SURFACE_CURVE('',#8585,(#8589,#8596),.PCURVE_S1.);
#8585 = LINE('',#8586,#8587);
#8586 = CARTESIAN_POINT('',(-1.18359375,4.7763671875,6.));
#8587 = VECTOR('',#8588,1.);
#8588 = DIRECTION('',(0.,0.,1.));
#8589 = PCURVE('',#2854,#8590);
#8590 = DEFINITIONAL_REPRESENTATION('',(#8591),#8595);
#8591 = LINE('',#8592,#8593);
#8592 = CARTESIAN_POINT('',(0.,0.));
#8593 = VECTOR('',#8594,1.);
#8594 = DIRECTION('',(0.,-1.));
#8595 = ( GEOMETRIC_REPRESENTATION_CONTEXT(2) 
PARAMETRIC_REPRESENTATION_CONTEXT() REPRESENTATION_CONTEXT('2D SPACE',''
  ) );
#8596 = PCURVE('',#2824,#8597);
#8597 = DEFINITIONAL_REPRESENTATION('',(#8598),#8602);
#8598 = LINE('',#8599,#8600);
#8599 = CARTESIAN_POINT('',(1.,0.));
#8600 = VECTOR('',#8601,1.);
#8601 = DIRECTION('',(0.,-1.));
#8602 = ( GEOMETRIC_REPRESENTATION_CONTEXT(2) 
PARAMETRIC_REPRESENTATION_CONTEXT() REPRESENTATION_CONTEXT('2D SPACE',''
  ) );
#8603 = ORIENTED_EDGE('',*,*,#8604,.T.);
#8604 = EDGE_CURVE('',#8582,#8484,#8605,.T.);
#8605 = SURFACE_CURVE('',#8606,(#8610,#8617),.PCURVE_S1.);
#8606 = B_SPLINE_CURVE_WITH_KNOTS('',2,(#8607,#8608,#8609),
  .UNSPECIFIED.,.F.,.F.,(3,3),(0.,1.),.PIECEWISE_BEZIER_KNOTS.);
#8607 = CARTESIAN_POINT('',(-1.18359375,4.7763671875,6.45));
#8608 = CARTESIAN_POINT('',(-1.08544921875,4.7919921875,6.45));
#8609 = CARTESIAN_POINT('',(-0.99853515625,4.7919921875,6.45));
#8610 = PCURVE('',#2854,#8611);
#8611 = DEFINITIONAL_REPRESENTATION('',(#8612),#8616);
#8612 = LINE('',#8613,#8614);
#8613 = CARTESIAN_POINT('',(0.,-0.45));
#8614 = VECTOR('',#8615,1.);
#8615 = DIRECTION('',(1.,0.));
#8616 = ( GEOMETRIC_REPRESENTATION_CONTEXT(2) 
PARAMETRIC_REPRESENTATION_CONTEXT() REPRESENTATION_CONTEXT('2D SPACE',''
  ) );
#8617 = PCURVE('',#8250,#8618);
#8618 = DEFINITIONAL_REPRESENTATION('',(#8619),#8623);
#8619 = B_SPLINE_CURVE_WITH_KNOTS('',2,(#8620,#8621,#8622),
  .UNSPECIFIED.,.F.,.F.,(3,3),(0.,1.),.PIECEWISE_BEZIER_KNOTS.);
#8620 = CARTESIAN_POINT('',(0.40673828125,1.46875));
#8621 = CARTESIAN_POINT('',(0.5048828125,1.484375));
#8622 = CARTESIAN_POINT('',(0.591796875,1.484375));
#8623 = ( GEOMETRIC_REPRESENTATION_CONTEXT(2) 
PARAMETRIC_REPRESENTATION_CONTEXT() REPRESENTATION_CONTEXT('2D SPACE',''
  ) );
#8624 = ORIENTED_EDGE('',*,*,#8483,.F.);
#8625 = ORIENTED_EDGE('',*,*,#2838,.F.);
#8626 = ADVANCED_FACE('',(#8627),#2234,.T.);
#8627 = FACE_BOUND('',#8628,.T.);
#8628 = EDGE_LOOP('',(#8629,#8630,#8653,#8674));
#8629 = ORIENTED_EDGE('',*,*,#8556,.T.);
#8630 = ORIENTED_EDGE('',*,*,#8631,.T.);
#8631 = EDGE_CURVE('',#8534,#8632,#8634,.T.);
#8632 = VERTEX_POINT('',#8633);
#8633 = CARTESIAN_POINT('',(-1.04833984375,3.279296875,6.45));
#8634 = SURFACE_CURVE('',#8635,(#8639,#8646),.PCURVE_S1.);
#8635 = B_SPLINE_CURVE_WITH_KNOTS('',2,(#8636,#8637,#8638),
  .UNSPECIFIED.,.F.,.F.,(3,3),(0.,1.),.PIECEWISE_BEZIER_KNOTS.);
#8636 = CARTESIAN_POINT('',(-0.62646484375,3.3974609375,6.45));
#8637 = CARTESIAN_POINT('',(-0.77490234375,3.279296875,6.45));
#8638 = CARTESIAN_POINT('',(-1.04833984375,3.279296875,6.45));
#8639 = PCURVE('',#2234,#8640);
#8640 = DEFINITIONAL_REPRESENTATION('',(#8641),#8645);
#8641 = LINE('',#8642,#8643);
#8642 = CARTESIAN_POINT('',(0.,-0.45));
#8643 = VECTOR('',#8644,1.);
#8644 = DIRECTION('',(1.,0.));
#8645 = ( GEOMETRIC_REPRESENTATION_CONTEXT(2) 
PARAMETRIC_REPRESENTATION_CONTEXT() REPRESENTATION_CONTEXT('2D SPACE',''
  ) );
#8646 = PCURVE('',#8250,#8647);
#8647 = DEFINITIONAL_REPRESENTATION('',(#8648),#8652);
#8648 = B_SPLINE_CURVE_WITH_KNOTS('',2,(#8649,#8650,#8651),
  .UNSPECIFIED.,.F.,.F.,(3,3),(0.,1.),.PIECEWISE_BEZIER_KNOTS.);
#8649 = CARTESIAN_POINT('',(0.9638671875,8.984375E-02));
#8650 = CARTESIAN_POINT('',(0.8154296875,-2.83203125E-02));
#8651 = CARTESIAN_POINT('',(0.5419921875,-2.83203125E-02));
#8652 = ( GEOMETRIC_REPRESENTATION_CONTEXT(2) 
PARAMETRIC_REPRESENTATION_CONTEXT() REPRESENTATION_CONTEXT('2D SPACE',''
  ) );
#8653 = ORIENTED_EDGE('',*,*,#8654,.F.);
#8654 = EDGE_CURVE('',#2219,#8632,#8655,.T.);
#8655 = SURFACE_CURVE('',#8656,(#8660,#8667),.PCURVE_S1.);
#8656 = LINE('',#8657,#8658);
#8657 = CARTESIAN_POINT('',(-1.04833984375,3.279296875,6.));
#8658 = VECTOR('',#8659,1.);
#8659 = DIRECTION('',(0.,0.,1.));
#8660 = PCURVE('',#2234,#8661);
#8661 = DEFINITIONAL_REPRESENTATION('',(#8662),#8666);
#8662 = LINE('',#8663,#8664);
#8663 = CARTESIAN_POINT('',(1.,0.));
#8664 = VECTOR('',#8665,1.);
#8665 = DIRECTION('',(0.,-1.));
#8666 = ( GEOMETRIC_REPRESENTATION_CONTEXT(2) 
PARAMETRIC_REPRESENTATION_CONTEXT() REPRESENTATION_CONTEXT('2D SPACE',''
  ) );
#8667 = PCURVE('',#2264,#8668);
#8668 = DEFINITIONAL_REPRESENTATION('',(#8669),#8673);
#8669 = LINE('',#8670,#8671);
#8670 = CARTESIAN_POINT('',(0.,0.));
#8671 = VECTOR('',#8672,1.);
#8672 = DIRECTION('',(0.,-1.));
#8673 = ( GEOMETRIC_REPRESENTATION_CONTEXT(2) 
PARAMETRIC_REPRESENTATION_CONTEXT() REPRESENTATION_CONTEXT('2D SPACE',''
  ) );
#8674 = ORIENTED_EDGE('',*,*,#2218,.F.);
#8675 = ADVANCED_FACE('',(#8676),#2824,.T.);
#8676 = FACE_BOUND('',#8677,.T.);
#8677 = EDGE_LOOP('',(#8678,#8701,#8722,#8723));
#8678 = ORIENTED_EDGE('',*,*,#8679,.T.);
#8679 = EDGE_CURVE('',#2781,#8680,#8682,.T.);
#8680 = VERTEX_POINT('',#8681);
#8681 = CARTESIAN_POINT('',(-1.39404296875,4.7294921875,6.45));
#8682 = SURFACE_CURVE('',#8683,(#8687,#8694),.PCURVE_S1.);
#8683 = LINE('',#8684,#8685);
#8684 = CARTESIAN_POINT('',(-1.39404296875,4.7294921875,6.));
#8685 = VECTOR('',#8686,1.);
#8686 = DIRECTION('',(0.,0.,1.));
#8687 = PCURVE('',#2824,#8688);
#8688 = DEFINITIONAL_REPRESENTATION('',(#8689),#8693);
#8689 = LINE('',#8690,#8691);
#8690 = CARTESIAN_POINT('',(0.,0.));
#8691 = VECTOR('',#8692,1.);
#8692 = DIRECTION('',(0.,-1.));
#8693 = ( GEOMETRIC_REPRESENTATION_CONTEXT(2) 
PARAMETRIC_REPRESENTATION_CONTEXT() REPRESENTATION_CONTEXT('2D SPACE',''
  ) );
#8694 = PCURVE('',#2796,#8695);
#8695 = DEFINITIONAL_REPRESENTATION('',(#8696),#8700);
#8696 = LINE('',#8697,#8698);
#8697 = CARTESIAN_POINT('',(0.17578125,0.));
#8698 = VECTOR('',#8699,1.);
#8699 = DIRECTION('',(0.,-1.));
#8700 = ( GEOMETRIC_REPRESENTATION_CONTEXT(2) 
PARAMETRIC_REPRESENTATION_CONTEXT() REPRESENTATION_CONTEXT('2D SPACE',''
  ) );
#8701 = ORIENTED_EDGE('',*,*,#8702,.T.);
#8702 = EDGE_CURVE('',#8680,#8582,#8703,.T.);
#8703 = SURFACE_CURVE('',#8704,(#8708,#8715),.PCURVE_S1.);
#8704 = B_SPLINE_CURVE_WITH_KNOTS('',2,(#8705,#8706,#8707),
  .UNSPECIFIED.,.F.,.F.,(3,3),(0.,1.),.PIECEWISE_BEZIER_KNOTS.);
#8705 = CARTESIAN_POINT('',(-1.39404296875,4.7294921875,6.45));
#8706 = CARTESIAN_POINT('',(-1.28173828125,4.7607421875,6.45));
#8707 = CARTESIAN_POINT('',(-1.18359375,4.7763671875,6.45));
#8708 = PCURVE('',#2824,#8709);
#8709 = DEFINITIONAL_REPRESENTATION('',(#8710),#8714);
#8710 = LINE('',#8711,#8712);
#8711 = CARTESIAN_POINT('',(0.,-0.45));
#8712 = VECTOR('',#8713,1.);
#8713 = DIRECTION('',(1.,0.));
#8714 = ( GEOMETRIC_REPRESENTATION_CONTEXT(2) 
PARAMETRIC_REPRESENTATION_CONTEXT() REPRESENTATION_CONTEXT('2D SPACE',''
  ) );
#8715 = PCURVE('',#8250,#8716);
#8716 = DEFINITIONAL_REPRESENTATION('',(#8717),#8721);
#8717 = B_SPLINE_CURVE_WITH_KNOTS('',2,(#8718,#8719,#8720),
  .UNSPECIFIED.,.F.,.F.,(3,3),(0.,1.),.PIECEWISE_BEZIER_KNOTS.);
#8718 = CARTESIAN_POINT('',(0.1962890625,1.421875));
#8719 = CARTESIAN_POINT('',(0.30859375,1.453125));
#8720 = CARTESIAN_POINT('',(0.40673828125,1.46875));
#8721 = ( GEOMETRIC_REPRESENTATION_CONTEXT(2) 
PARAMETRIC_REPRESENTATION_CONTEXT() REPRESENTATION_CONTEXT('2D SPACE',''
  ) );
#8722 = ORIENTED_EDGE('',*,*,#8581,.F.);
#8723 = ORIENTED_EDGE('',*,*,#2808,.F.);
#8724 = ADVANCED_FACE('',(#8725),#2264,.T.);
#8725 = FACE_BOUND('',#8726,.T.);
#8726 = EDGE_LOOP('',(#8727,#8728,#8751,#8772));
#8727 = ORIENTED_EDGE('',*,*,#8654,.T.);
#8728 = ORIENTED_EDGE('',*,*,#8729,.T.);
#8729 = EDGE_CURVE('',#8632,#8730,#8732,.T.);
#8730 = VERTEX_POINT('',#8731);
#8731 = CARTESIAN_POINT('',(-1.2373046875,3.29736328125,6.45));
#8732 = SURFACE_CURVE('',#8733,(#8737,#8744),.PCURVE_S1.);
#8733 = B_SPLINE_CURVE_WITH_KNOTS('',2,(#8734,#8735,#8736),
  .UNSPECIFIED.,.F.,.F.,(3,3),(0.,1.),.PIECEWISE_BEZIER_KNOTS.);
#8734 = CARTESIAN_POINT('',(-1.04833984375,3.279296875,6.45));
#8735 = CARTESIAN_POINT('',(-1.14013671875,3.279296875,6.45));
#8736 = CARTESIAN_POINT('',(-1.2373046875,3.29736328125,6.45));
#8737 = PCURVE('',#2264,#8738);
#8738 = DEFINITIONAL_REPRESENTATION('',(#8739),#8743);
#8739 = LINE('',#8740,#8741);
#8740 = CARTESIAN_POINT('',(0.,-0.45));
#8741 = VECTOR('',#8742,1.);
#8742 = DIRECTION('',(1.,0.));
#8743 = ( GEOMETRIC_REPRESENTATION_CONTEXT(2) 
PARAMETRIC_REPRESENTATION_CONTEXT() REPRESENTATION_CONTEXT('2D SPACE',''
  ) );
#8744 = PCURVE('',#8250,#8745);
#8745 = DEFINITIONAL_REPRESENTATION('',(#8746),#8750);
#8746 = B_SPLINE_CURVE_WITH_KNOTS('',2,(#8747,#8748,#8749),
  .UNSPECIFIED.,.F.,.F.,(3,3),(0.,1.),.PIECEWISE_BEZIER_KNOTS.);
#8747 = CARTESIAN_POINT('',(0.5419921875,-2.83203125E-02));
#8748 = CARTESIAN_POINT('',(0.4501953125,-2.83203125E-02));
#8749 = CARTESIAN_POINT('',(0.35302734375,-1.025390625E-02));
#8750 = ( GEOMETRIC_REPRESENTATION_CONTEXT(2) 
PARAMETRIC_REPRESENTATION_CONTEXT() REPRESENTATION_CONTEXT('2D SPACE',''
  ) );
#8751 = ORIENTED_EDGE('',*,*,#8752,.F.);
#8752 = EDGE_CURVE('',#2249,#8730,#8753,.T.);
#8753 = SURFACE_CURVE('',#8754,(#8758,#8765),.PCURVE_S1.);
#8754 = LINE('',#8755,#8756);
#8755 = CARTESIAN_POINT('',(-1.2373046875,3.29736328125,6.));
#8756 = VECTOR('',#8757,1.);
#8757 = DIRECTION('',(0.,0.,1.));
#8758 = PCURVE('',#2264,#8759);
#8759 = DEFINITIONAL_REPRESENTATION('',(#8760),#8764);
#8760 = LINE('',#8761,#8762);
#8761 = CARTESIAN_POINT('',(1.,0.));
#8762 = VECTOR('',#8763,1.);
#8763 = DIRECTION('',(0.,-1.));
#8764 = ( GEOMETRIC_REPRESENTATION_CONTEXT(2) 
PARAMETRIC_REPRESENTATION_CONTEXT() REPRESENTATION_CONTEXT('2D SPACE',''
  ) );
#8765 = PCURVE('',#2294,#8766);
#8766 = DEFINITIONAL_REPRESENTATION('',(#8767),#8771);
#8767 = LINE('',#8768,#8769);
#8768 = CARTESIAN_POINT('',(0.,0.));
#8769 = VECTOR('',#8770,1.);
#8770 = DIRECTION('',(0.,-1.));
#8771 = ( GEOMETRIC_REPRESENTATION_CONTEXT(2) 
PARAMETRIC_REPRESENTATION_CONTEXT() REPRESENTATION_CONTEXT('2D SPACE',''
  ) );
#8772 = ORIENTED_EDGE('',*,*,#2248,.F.);
#8773 = ADVANCED_FACE('',(#8774),#2796,.T.);
#8774 = FACE_BOUND('',#8775,.T.);
#8775 = EDGE_LOOP('',(#8776,#8799,#8820,#8821));
#8776 = ORIENTED_EDGE('',*,*,#8777,.T.);
#8777 = EDGE_CURVE('',#2751,#8778,#8780,.T.);
#8778 = VERTEX_POINT('',#8779);
#8779 = CARTESIAN_POINT('',(-1.39404296875,4.5537109375,6.45));
#8780 = SURFACE_CURVE('',#8781,(#8785,#8792),.PCURVE_S1.);
#8781 = LINE('',#8782,#8783);
#8782 = CARTESIAN_POINT('',(-1.39404296875,4.5537109375,6.));
#8783 = VECTOR('',#8784,1.);
#8784 = DIRECTION('',(0.,0.,1.));
#8785 = PCURVE('',#2796,#8786);
#8786 = DEFINITIONAL_REPRESENTATION('',(#8787),#8791);
#8787 = LINE('',#8788,#8789);
#8788 = CARTESIAN_POINT('',(0.,0.));
#8789 = VECTOR('',#8790,1.);
#8790 = DIRECTION('',(0.,-1.));
#8791 = ( GEOMETRIC_REPRESENTATION_CONTEXT(2) 
PARAMETRIC_REPRESENTATION_CONTEXT() REPRESENTATION_CONTEXT('2D SPACE',''
  ) );
#8792 = PCURVE('',#2766,#8793);
#8793 = DEFINITIONAL_REPRESENTATION('',(#8794),#8798);
#8794 = LINE('',#8795,#8796);
#8795 = CARTESIAN_POINT('',(1.,0.));
#8796 = VECTOR('',#8797,1.);
#8797 = DIRECTION('',(0.,-1.));
#8798 = ( GEOMETRIC_REPRESENTATION_CONTEXT(2) 
PARAMETRIC_REPRESENTATION_CONTEXT() REPRESENTATION_CONTEXT('2D SPACE',''
  ) );
#8799 = ORIENTED_EDGE('',*,*,#8800,.T.);
#8800 = EDGE_CURVE('',#8778,#8680,#8801,.T.);
#8801 = SURFACE_CURVE('',#8802,(#8806,#8813),.PCURVE_S1.);
#8802 = LINE('',#8803,#8804);
#8803 = CARTESIAN_POINT('',(-1.39404296875,4.5537109375,6.45));
#8804 = VECTOR('',#8805,1.);
#8805 = DIRECTION('',(0.,1.,0.));
#8806 = PCURVE('',#2796,#8807);
#8807 = DEFINITIONAL_REPRESENTATION('',(#8808),#8812);
#8808 = LINE('',#8809,#8810);
#8809 = CARTESIAN_POINT('',(0.,-0.45));
#8810 = VECTOR('',#8811,1.);
#8811 = DIRECTION('',(1.,0.));
#8812 = ( GEOMETRIC_REPRESENTATION_CONTEXT(2) 
PARAMETRIC_REPRESENTATION_CONTEXT() REPRESENTATION_CONTEXT('2D SPACE',''
  ) );
#8813 = PCURVE('',#8250,#8814);
#8814 = DEFINITIONAL_REPRESENTATION('',(#8815),#8819);
#8815 = LINE('',#8816,#8817);
#8816 = CARTESIAN_POINT('',(0.1962890625,1.24609375));
#8817 = VECTOR('',#8818,1.);
#8818 = DIRECTION('',(0.,1.));
#8819 = ( GEOMETRIC_REPRESENTATION_CONTEXT(2) 
PARAMETRIC_REPRESENTATION_CONTEXT() REPRESENTATION_CONTEXT('2D SPACE',''
  ) );
#8820 = ORIENTED_EDGE('',*,*,#8679,.F.);
#8821 = ORIENTED_EDGE('',*,*,#2780,.F.);
#8822 = ADVANCED_FACE('',(#8823),#2294,.T.);
#8823 = FACE_BOUND('',#8824,.T.);
#8824 = EDGE_LOOP('',(#8825,#8826,#8849,#8870));
#8825 = ORIENTED_EDGE('',*,*,#8752,.T.);
#8826 = ORIENTED_EDGE('',*,*,#8827,.T.);
#8827 = EDGE_CURVE('',#8730,#8828,#8830,.T.);
#8828 = VERTEX_POINT('',#8829);
#8829 = CARTESIAN_POINT('',(-1.43798828125,3.3515625,6.45));
#8830 = SURFACE_CURVE('',#8831,(#8835,#8842),.PCURVE_S1.);
#8831 = B_SPLINE_CURVE_WITH_KNOTS('',2,(#8832,#8833,#8834),
  .UNSPECIFIED.,.F.,.F.,(3,3),(0.,1.),.PIECEWISE_BEZIER_KNOTS.);
#8832 = CARTESIAN_POINT('',(-1.2373046875,3.29736328125,6.45));
#8833 = CARTESIAN_POINT('',(-1.33447265625,3.3154296875,6.45));
#8834 = CARTESIAN_POINT('',(-1.43798828125,3.3515625,6.45));
#8835 = PCURVE('',#2294,#8836);
#8836 = DEFINITIONAL_REPRESENTATION('',(#8837),#8841);
#8837 = LINE('',#8838,#8839);
#8838 = CARTESIAN_POINT('',(0.,-0.45));
#8839 = VECTOR('',#8840,1.);
#8840 = DIRECTION('',(1.,0.));
#8841 = ( GEOMETRIC_REPRESENTATION_CONTEXT(2) 
PARAMETRIC_REPRESENTATION_CONTEXT() REPRESENTATION_CONTEXT('2D SPACE',''
  ) );
#8842 = PCURVE('',#8250,#8843);
#8843 = DEFINITIONAL_REPRESENTATION('',(#8844),#8848);
#8844 = B_SPLINE_CURVE_WITH_KNOTS('',2,(#8845,#8846,#8847),
  .UNSPECIFIED.,.F.,.F.,(3,3),(0.,1.),.PIECEWISE_BEZIER_KNOTS.);
#8845 = CARTESIAN_POINT('',(0.35302734375,-1.025390625E-02));
#8846 = CARTESIAN_POINT('',(0.255859375,7.8125E-03));
#8847 = CARTESIAN_POINT('',(0.15234375,4.39453125E-02));
#8848 = ( GEOMETRIC_REPRESENTATION_CONTEXT(2) 
PARAMETRIC_REPRESENTATION_CONTEXT() REPRESENTATION_CONTEXT('2D SPACE',''
  ) );
#8849 = ORIENTED_EDGE('',*,*,#8850,.F.);
#8850 = EDGE_CURVE('',#2279,#8828,#8851,.T.);
#8851 = SURFACE_CURVE('',#8852,(#8856,#8863),.PCURVE_S1.);
#8852 = LINE('',#8853,#8854);
#8853 = CARTESIAN_POINT('',(-1.43798828125,3.3515625,6.));
#8854 = VECTOR('',#8855,1.);
#8855 = DIRECTION('',(0.,0.,1.));
#8856 = PCURVE('',#2294,#8857);
#8857 = DEFINITIONAL_REPRESENTATION('',(#8858),#8862);
#8858 = LINE('',#8859,#8860);
#8859 = CARTESIAN_POINT('',(1.,0.));
#8860 = VECTOR('',#8861,1.);
#8861 = DIRECTION('',(0.,-1.));
#8862 = ( GEOMETRIC_REPRESENTATION_CONTEXT(2) 
PARAMETRIC_REPRESENTATION_CONTEXT() REPRESENTATION_CONTEXT('2D SPACE',''
  ) );
#8863 = PCURVE('',#2324,#8864);
#8864 = DEFINITIONAL_REPRESENTATION('',(#8865),#8869);
#8865 = LINE('',#8866,#8867);
#8866 = CARTESIAN_POINT('',(0.,0.));
#8867 = VECTOR('',#8868,1.);
#8868 = DIRECTION('',(0.,-1.));
#8869 = ( GEOMETRIC_REPRESENTATION_CONTEXT(2) 
PARAMETRIC_REPRESENTATION_CONTEXT() REPRESENTATION_CONTEXT('2D SPACE',''
  ) );
#8870 = ORIENTED_EDGE('',*,*,#2278,.F.);
#8871 = ADVANCED_FACE('',(#8872),#2766,.T.);
#8872 = FACE_BOUND('',#8873,.T.);
#8873 = EDGE_LOOP('',(#8874,#8897,#8918,#8919));
#8874 = ORIENTED_EDGE('',*,*,#8875,.T.);
#8875 = EDGE_CURVE('',#2721,#8876,#8878,.T.);
#8876 = VERTEX_POINT('',#8877);
#8877 = CARTESIAN_POINT('',(-1.18994140625,4.6083984375,6.45));
#8878 = SURFACE_CURVE('',#8879,(#8883,#8890),.PCURVE_S1.);
#8879 = LINE('',#8880,#8881);
#8880 = CARTESIAN_POINT('',(-1.18994140625,4.6083984375,6.));
#8881 = VECTOR('',#8882,1.);
#8882 = DIRECTION('',(0.,0.,1.));
#8883 = PCURVE('',#2766,#8884);
#8884 = DEFINITIONAL_REPRESENTATION('',(#8885),#8889);
#8885 = LINE('',#8886,#8887);
#8886 = CARTESIAN_POINT('',(0.,0.));
#8887 = VECTOR('',#8888,1.);
#8888 = DIRECTION('',(0.,-1.));
#8889 = ( GEOMETRIC_REPRESENTATION_CONTEXT(2) 
PARAMETRIC_REPRESENTATION_CONTEXT() REPRESENTATION_CONTEXT('2D SPACE',''
  ) );
#8890 = PCURVE('',#2736,#8891);
#8891 = DEFINITIONAL_REPRESENTATION('',(#8892),#8896);
#8892 = LINE('',#8893,#8894);
#8893 = CARTESIAN_POINT('',(1.,0.));
#8894 = VECTOR('',#8895,1.);
#8895 = DIRECTION('',(0.,-1.));
#8896 = ( GEOMETRIC_REPRESENTATION_CONTEXT(2) 
PARAMETRIC_REPRESENTATION_CONTEXT() REPRESENTATION_CONTEXT('2D SPACE',''
  ) );
#8897 = ORIENTED_EDGE('',*,*,#8898,.T.);
#8898 = EDGE_CURVE('',#8876,#8778,#8899,.T.);
#8899 = SURFACE_CURVE('',#8900,(#8904,#8911),.PCURVE_S1.);
#8900 = B_SPLINE_CURVE_WITH_KNOTS('',2,(#8901,#8902,#8903),
  .UNSPECIFIED.,.F.,.F.,(3,3),(0.,1.),.PIECEWISE_BEZIER_KNOTS.);
#8901 = CARTESIAN_POINT('',(-1.18994140625,4.6083984375,6.45));
#8902 = CARTESIAN_POINT('',(-1.28271484375,4.5908203125,6.45));
#8903 = CARTESIAN_POINT('',(-1.39404296875,4.5537109375,6.45));
#8904 = PCURVE('',#2766,#8905);
#8905 = DEFINITIONAL_REPRESENTATION('',(#8906),#8910);
#8906 = LINE('',#8907,#8908);
#8907 = CARTESIAN_POINT('',(0.,-0.45));
#8908 = VECTOR('',#8909,1.);
#8909 = DIRECTION('',(1.,0.));
#8910 = ( GEOMETRIC_REPRESENTATION_CONTEXT(2) 
PARAMETRIC_REPRESENTATION_CONTEXT() REPRESENTATION_CONTEXT('2D SPACE',''
  ) );
#8911 = PCURVE('',#8250,#8912);
#8912 = DEFINITIONAL_REPRESENTATION('',(#8913),#8917);
#8913 = B_SPLINE_CURVE_WITH_KNOTS('',2,(#8914,#8915,#8916),
  .UNSPECIFIED.,.F.,.F.,(3,3),(0.,1.),.PIECEWISE_BEZIER_KNOTS.);
#8914 = CARTESIAN_POINT('',(0.400390625,1.30078125));
#8915 = CARTESIAN_POINT('',(0.3076171875,1.283203125));
#8916 = CARTESIAN_POINT('',(0.1962890625,1.24609375));
#8917 = ( GEOMETRIC_REPRESENTATION_CONTEXT(2) 
PARAMETRIC_REPRESENTATION_CONTEXT() REPRESENTATION_CONTEXT('2D SPACE',''
  ) );
#8918 = ORIENTED_EDGE('',*,*,#8777,.F.);
#8919 = ORIENTED_EDGE('',*,*,#2750,.F.);
#8920 = ADVANCED_FACE('',(#8921),#2324,.T.);
#8921 = FACE_BOUND('',#8922,.T.);
#8922 = EDGE_LOOP('',(#8923,#8924,#8947,#8968));
#8923 = ORIENTED_EDGE('',*,*,#8850,.T.);
#8924 = ORIENTED_EDGE('',*,*,#8925,.T.);
#8925 = EDGE_CURVE('',#8828,#8926,#8928,.T.);
#8926 = VERTEX_POINT('',#8927);
#8927 = CARTESIAN_POINT('',(-1.43798828125,3.5419921875,6.45));
#8928 = SURFACE_CURVE('',#8929,(#8933,#8940),.PCURVE_S1.);
#8929 = LINE('',#8930,#8931);
#8930 = CARTESIAN_POINT('',(-1.43798828125,3.3515625,6.45));
#8931 = VECTOR('',#8932,1.);
#8932 = DIRECTION('',(0.,1.,0.));
#8933 = PCURVE('',#2324,#8934);
#8934 = DEFINITIONAL_REPRESENTATION('',(#8935),#8939);
#8935 = LINE('',#8936,#8937);
#8936 = CARTESIAN_POINT('',(0.,-0.45));
#8937 = VECTOR('',#8938,1.);
#8938 = DIRECTION('',(1.,0.));
#8939 = ( GEOMETRIC_REPRESENTATION_CONTEXT(2) 
PARAMETRIC_REPRESENTATION_CONTEXT() REPRESENTATION_CONTEXT('2D SPACE',''
  ) );
#8940 = PCURVE('',#8250,#8941);
#8941 = DEFINITIONAL_REPRESENTATION('',(#8942),#8946);
#8942 = LINE('',#8943,#8944);
#8943 = CARTESIAN_POINT('',(0.15234375,4.39453125E-02));
#8944 = VECTOR('',#8945,1.);
#8945 = DIRECTION('',(0.,1.));
#8946 = ( GEOMETRIC_REPRESENTATION_CONTEXT(2) 
PARAMETRIC_REPRESENTATION_CONTEXT() REPRESENTATION_CONTEXT('2D SPACE',''
  ) );
#8947 = ORIENTED_EDGE('',*,*,#8948,.F.);
#8948 = EDGE_CURVE('',#2309,#8926,#8949,.T.);
#8949 = SURFACE_CURVE('',#8950,(#8954,#8961),.PCURVE_S1.);
#8950 = LINE('',#8951,#8952);
#8951 = CARTESIAN_POINT('',(-1.43798828125,3.5419921875,6.));
#8952 = VECTOR('',#8953,1.);
#8953 = DIRECTION('',(0.,0.,1.));
#8954 = PCURVE('',#2324,#8955);
#8955 = DEFINITIONAL_REPRESENTATION('',(#8956),#8960);
#8956 = LINE('',#8957,#8958);
#8957 = CARTESIAN_POINT('',(0.1904296875,0.));
#8958 = VECTOR('',#8959,1.);
#8959 = DIRECTION('',(0.,-1.));
#8960 = ( GEOMETRIC_REPRESENTATION_CONTEXT(2) 
PARAMETRIC_REPRESENTATION_CONTEXT() REPRESENTATION_CONTEXT('2D SPACE',''
  ) );
#8961 = PCURVE('',#2352,#8962);
#8962 = DEFINITIONAL_REPRESENTATION('',(#8963),#8967);
#8963 = LINE('',#8964,#8965);
#8964 = CARTESIAN_POINT('',(0.,0.));
#8965 = VECTOR('',#8966,1.);
#8966 = DIRECTION('',(0.,-1.));
#8967 = ( GEOMETRIC_REPRESENTATION_CONTEXT(2) 
PARAMETRIC_REPRESENTATION_CONTEXT() REPRESENTATION_CONTEXT('2D SPACE',''
  ) );
#8968 = ORIENTED_EDGE('',*,*,#2308,.F.);
#8969 = ADVANCED_FACE('',(#8970),#2736,.T.);
#8970 = FACE_BOUND('',#8971,.T.);
#8971 = EDGE_LOOP('',(#8972,#8995,#9016,#9017));
#8972 = ORIENTED_EDGE('',*,*,#8973,.T.);
#8973 = EDGE_CURVE('',#2691,#8974,#8976,.T.);
#8974 = VERTEX_POINT('',#8975);
#8975 = CARTESIAN_POINT('',(-1.01611328125,4.6259765625,6.45));
#8976 = SURFACE_CURVE('',#8977,(#8981,#8988),.PCURVE_S1.);
#8977 = LINE('',#8978,#8979);
#8978 = CARTESIAN_POINT('',(-1.01611328125,4.6259765625,6.));
#8979 = VECTOR('',#8980,1.);
#8980 = DIRECTION('',(0.,0.,1.));
#8981 = PCURVE('',#2736,#8982);
#8982 = DEFINITIONAL_REPRESENTATION('',(#8983),#8987);
#8983 = LINE('',#8984,#8985);
#8984 = CARTESIAN_POINT('',(0.,0.));
#8985 = VECTOR('',#8986,1.);
#8986 = DIRECTION('',(0.,-1.));
#8987 = ( GEOMETRIC_REPRESENTATION_CONTEXT(2) 
PARAMETRIC_REPRESENTATION_CONTEXT() REPRESENTATION_CONTEXT('2D SPACE',''
  ) );
#8988 = PCURVE('',#2706,#8989);
#8989 = DEFINITIONAL_REPRESENTATION('',(#8990),#8994);
#8990 = LINE('',#8991,#8992);
#8991 = CARTESIAN_POINT('',(1.,0.));
#8992 = VECTOR('',#8993,1.);
#8993 = DIRECTION('',(0.,-1.));
#8994 = ( GEOMETRIC_REPRESENTATION_CONTEXT(2) 
PARAMETRIC_REPRESENTATION_CONTEXT() REPRESENTATION_CONTEXT('2D SPACE',''
  ) );
#8995 = ORIENTED_EDGE('',*,*,#8996,.T.);
#8996 = EDGE_CURVE('',#8974,#8876,#8997,.T.);
#8997 = SURFACE_CURVE('',#8998,(#9002,#9009),.PCURVE_S1.);
#8998 = B_SPLINE_CURVE_WITH_KNOTS('',2,(#8999,#9000,#9001),
  .UNSPECIFIED.,.F.,.F.,(3,3),(0.,1.),.PIECEWISE_BEZIER_KNOTS.);
#8999 = CARTESIAN_POINT('',(-1.01611328125,4.6259765625,6.45));
#9000 = CARTESIAN_POINT('',(-1.09716796875,4.6259765625,6.45));
#9001 = CARTESIAN_POINT('',(-1.18994140625,4.6083984375,6.45));
#9002 = PCURVE('',#2736,#9003);
#9003 = DEFINITIONAL_REPRESENTATION('',(#9004),#9008);
#9004 = LINE('',#9005,#9006);
#9005 = CARTESIAN_POINT('',(0.,-0.45));
#9006 = VECTOR('',#9007,1.);
#9007 = DIRECTION('',(1.,0.));
#9008 = ( GEOMETRIC_REPRESENTATION_CONTEXT(2) 
PARAMETRIC_REPRESENTATION_CONTEXT() REPRESENTATION_CONTEXT('2D SPACE',''
  ) );
#9009 = PCURVE('',#8250,#9010);
#9010 = DEFINITIONAL_REPRESENTATION('',(#9011),#9015);
#9011 = B_SPLINE_CURVE_WITH_KNOTS('',2,(#9012,#9013,#9014),
  .UNSPECIFIED.,.F.,.F.,(3,3),(0.,1.),.PIECEWISE_BEZIER_KNOTS.);
#9012 = CARTESIAN_POINT('',(0.57421875,1.318359375));
#9013 = CARTESIAN_POINT('',(0.4931640625,1.318359375));
#9014 = CARTESIAN_POINT('',(0.400390625,1.30078125));
#9015 = ( GEOMETRIC_REPRESENTATION_CONTEXT(2) 
PARAMETRIC_REPRESENTATION_CONTEXT() REPRESENTATION_CONTEXT('2D SPACE',''
  ) );
#9016 = ORIENTED_EDGE('',*,*,#8875,.F.);
#9017 = ORIENTED_EDGE('',*,*,#2720,.F.);
#9018 = ADVANCED_FACE('',(#9019),#2352,.T.);
#9019 = FACE_BOUND('',#9020,.T.);
#9020 = EDGE_LOOP('',(#9021,#9022,#9045,#9066));
#9021 = ORIENTED_EDGE('',*,*,#8948,.T.);
#9022 = ORIENTED_EDGE('',*,*,#9023,.T.);
#9023 = EDGE_CURVE('',#8926,#9024,#9026,.T.);
#9024 = VERTEX_POINT('',#9025);
#9025 = CARTESIAN_POINT('',(-1.25830078125,3.4697265625,6.45));
#9026 = SURFACE_CURVE('',#9027,(#9031,#9038),.PCURVE_S1.);
#9027 = B_SPLINE_CURVE_WITH_KNOTS('',2,(#9028,#9029,#9030),
  .UNSPECIFIED.,.F.,.F.,(3,3),(0.,1.),.PIECEWISE_BEZIER_KNOTS.);
#9028 = CARTESIAN_POINT('',(-1.43798828125,3.5419921875,6.45));
#9029 = CARTESIAN_POINT('',(-1.35595703125,3.494140625,6.45));
#9030 = CARTESIAN_POINT('',(-1.25830078125,3.4697265625,6.45));
#9031 = PCURVE('',#2352,#9032);
#9032 = DEFINITIONAL_REPRESENTATION('',(#9033),#9037);
#9033 = LINE('',#9034,#9035);
#9034 = CARTESIAN_POINT('',(0.,-0.45));
#9035 = VECTOR('',#9036,1.);
#9036 = DIRECTION('',(1.,0.));
#9037 = ( GEOMETRIC_REPRESENTATION_CONTEXT(2) 
PARAMETRIC_REPRESENTATION_CONTEXT() REPRESENTATION_CONTEXT('2D SPACE',''
  ) );
#9038 = PCURVE('',#8250,#9039);
#9039 = DEFINITIONAL_REPRESENTATION('',(#9040),#9044);
#9040 = B_SPLINE_CURVE_WITH_KNOTS('',2,(#9041,#9042,#9043),
  .UNSPECIFIED.,.F.,.F.,(3,3),(0.,1.),.PIECEWISE_BEZIER_KNOTS.);
#9041 = CARTESIAN_POINT('',(0.15234375,0.234375));
#9042 = CARTESIAN_POINT('',(0.234375,0.1865234375));
#9043 = CARTESIAN_POINT('',(0.33203125,0.162109375));
#9044 = ( GEOMETRIC_REPRESENTATION_CONTEXT(2) 
PARAMETRIC_REPRESENTATION_CONTEXT() REPRESENTATION_CONTEXT('2D SPACE',''
  ) );
#9045 = ORIENTED_EDGE('',*,*,#9046,.F.);
#9046 = EDGE_CURVE('',#2337,#9024,#9047,.T.);
#9047 = SURFACE_CURVE('',#9048,(#9052,#9059),.PCURVE_S1.);
#9048 = LINE('',#9049,#9050);
#9049 = CARTESIAN_POINT('',(-1.25830078125,3.4697265625,6.));
#9050 = VECTOR('',#9051,1.);
#9051 = DIRECTION('',(0.,0.,1.));
#9052 = PCURVE('',#2352,#9053);
#9053 = DEFINITIONAL_REPRESENTATION('',(#9054),#9058);
#9054 = LINE('',#9055,#9056);
#9055 = CARTESIAN_POINT('',(1.,0.));
#9056 = VECTOR('',#9057,1.);
#9057 = DIRECTION('',(0.,-1.));
#9058 = ( GEOMETRIC_REPRESENTATION_CONTEXT(2) 
PARAMETRIC_REPRESENTATION_CONTEXT() REPRESENTATION_CONTEXT('2D SPACE',''
  ) );
#9059 = PCURVE('',#2382,#9060);
#9060 = DEFINITIONAL_REPRESENTATION('',(#9061),#9065);
#9061 = LINE('',#9062,#9063);
#9062 = CARTESIAN_POINT('',(0.,0.));
#9063 = VECTOR('',#9064,1.);
#9064 = DIRECTION('',(0.,-1.));
#9065 = ( GEOMETRIC_REPRESENTATION_CONTEXT(2) 
PARAMETRIC_REPRESENTATION_CONTEXT() REPRESENTATION_CONTEXT('2D SPACE',''
  ) );
#9066 = ORIENTED_EDGE('',*,*,#2336,.F.);
#9067 = ADVANCED_FACE('',(#9068),#2706,.T.);
#9068 = FACE_BOUND('',#9069,.T.);
#9069 = EDGE_LOOP('',(#9070,#9093,#9114,#9115));
#9070 = ORIENTED_EDGE('',*,*,#9071,.T.);
#9071 = EDGE_CURVE('',#2661,#9072,#9074,.T.);
#9072 = VERTEX_POINT('',#9073);
#9073 = CARTESIAN_POINT('',(-0.7880859375,4.56591796875,6.45));
#9074 = SURFACE_CURVE('',#9075,(#9079,#9086),.PCURVE_S1.);
#9075 = LINE('',#9076,#9077);
#9076 = CARTESIAN_POINT('',(-0.7880859375,4.56591796875,6.));
#9077 = VECTOR('',#9078,1.);
#9078 = DIRECTION('',(0.,0.,1.));
#9079 = PCURVE('',#2706,#9080);
#9080 = DEFINITIONAL_REPRESENTATION('',(#9081),#9085);
#9081 = LINE('',#9082,#9083);
#9082 = CARTESIAN_POINT('',(0.,0.));
#9083 = VECTOR('',#9084,1.);
#9084 = DIRECTION('',(0.,-1.));
#9085 = ( GEOMETRIC_REPRESENTATION_CONTEXT(2) 
PARAMETRIC_REPRESENTATION_CONTEXT() REPRESENTATION_CONTEXT('2D SPACE',''
  ) );
#9086 = PCURVE('',#2676,#9087);
#9087 = DEFINITIONAL_REPRESENTATION('',(#9088),#9092);
#9088 = LINE('',#9089,#9090);
#9089 = CARTESIAN_POINT('',(1.,0.));
#9090 = VECTOR('',#9091,1.);
#9091 = DIRECTION('',(0.,-1.));
#9092 = ( GEOMETRIC_REPRESENTATION_CONTEXT(2) 
PARAMETRIC_REPRESENTATION_CONTEXT() REPRESENTATION_CONTEXT('2D SPACE',''
  ) );
#9093 = ORIENTED_EDGE('',*,*,#9094,.T.);
#9094 = EDGE_CURVE('',#9072,#8974,#9095,.T.);
#9095 = SURFACE_CURVE('',#9096,(#9100,#9107),.PCURVE_S1.);
#9096 = B_SPLINE_CURVE_WITH_KNOTS('',2,(#9097,#9098,#9099),
  .UNSPECIFIED.,.F.,.F.,(3,3),(0.,1.),.PIECEWISE_BEZIER_KNOTS.);
#9097 = CARTESIAN_POINT('',(-0.7880859375,4.56591796875,6.45));
#9098 = CARTESIAN_POINT('',(-0.86767578125,4.6259765625,6.45));
#9099 = CARTESIAN_POINT('',(-1.01611328125,4.6259765625,6.45));
#9100 = PCURVE('',#2706,#9101);
#9101 = DEFINITIONAL_REPRESENTATION('',(#9102),#9106);
#9102 = LINE('',#9103,#9104);
#9103 = CARTESIAN_POINT('',(0.,-0.45));
#9104 = VECTOR('',#9105,1.);
#9105 = DIRECTION('',(1.,0.));
#9106 = ( GEOMETRIC_REPRESENTATION_CONTEXT(2) 
PARAMETRIC_REPRESENTATION_CONTEXT() REPRESENTATION_CONTEXT('2D SPACE',''
  ) );
#9107 = PCURVE('',#8250,#9108);
#9108 = DEFINITIONAL_REPRESENTATION('',(#9109),#9113);
#9109 = B_SPLINE_CURVE_WITH_KNOTS('',2,(#9110,#9111,#9112),
  .UNSPECIFIED.,.F.,.F.,(3,3),(0.,1.),.PIECEWISE_BEZIER_KNOTS.);
#9110 = CARTESIAN_POINT('',(0.80224609375,1.25830078125));
#9111 = CARTESIAN_POINT('',(0.72265625,1.318359375));
#9112 = CARTESIAN_POINT('',(0.57421875,1.318359375));
#9113 = ( GEOMETRIC_REPRESENTATION_CONTEXT(2) 
PARAMETRIC_REPRESENTATION_CONTEXT() REPRESENTATION_CONTEXT('2D SPACE',''
  ) );
#9114 = ORIENTED_EDGE('',*,*,#8973,.F.);
#9115 = ORIENTED_EDGE('',*,*,#2690,.F.);
#9116 = ADVANCED_FACE('',(#9117),#2382,.T.);
#9117 = FACE_BOUND('',#9118,.T.);
#9118 = EDGE_LOOP('',(#9119,#9120,#9143,#9164));
#9119 = ORIENTED_EDGE('',*,*,#9046,.T.);
#9120 = ORIENTED_EDGE('',*,*,#9121,.T.);
#9121 = EDGE_CURVE('',#9024,#9122,#9124,.T.);
#9122 = VERTEX_POINT('',#9123);
#9123 = CARTESIAN_POINT('',(-1.05419921875,3.4453125,6.45));
#9124 = SURFACE_CURVE('',#9125,(#9129,#9136),.PCURVE_S1.);
#9125 = B_SPLINE_CURVE_WITH_KNOTS('',2,(#9126,#9127,#9128),
  .UNSPECIFIED.,.F.,.F.,(3,3),(0.,1.),.PIECEWISE_BEZIER_KNOTS.);
#9126 = CARTESIAN_POINT('',(-1.25830078125,3.4697265625,6.45));
#9127 = CARTESIAN_POINT('',(-1.16064453125,3.4453125,6.45));
#9128 = CARTESIAN_POINT('',(-1.05419921875,3.4453125,6.45));
#9129 = PCURVE('',#2382,#9130);
#9130 = DEFINITIONAL_REPRESENTATION('',(#9131),#9135);
#9131 = LINE('',#9132,#9133);
#9132 = CARTESIAN_POINT('',(0.,-0.45));
#9133 = VECTOR('',#9134,1.);
#9134 = DIRECTION('',(1.,0.));
#9135 = ( GEOMETRIC_REPRESENTATION_CONTEXT(2) 
PARAMETRIC_REPRESENTATION_CONTEXT() REPRESENTATION_CONTEXT('2D SPACE',''
  ) );
#9136 = PCURVE('',#8250,#9137);
#9137 = DEFINITIONAL_REPRESENTATION('',(#9138),#9142);
#9138 = B_SPLINE_CURVE_WITH_KNOTS('',2,(#9139,#9140,#9141),
  .UNSPECIFIED.,.F.,.F.,(3,3),(0.,1.),.PIECEWISE_BEZIER_KNOTS.);
#9139 = CARTESIAN_POINT('',(0.33203125,0.162109375));
#9140 = CARTESIAN_POINT('',(0.4296875,0.1376953125));
#9141 = CARTESIAN_POINT('',(0.5361328125,0.1376953125));
#9142 = ( GEOMETRIC_REPRESENTATION_CONTEXT(2) 
PARAMETRIC_REPRESENTATION_CONTEXT() REPRESENTATION_CONTEXT('2D SPACE',''
  ) );
#9143 = ORIENTED_EDGE('',*,*,#9144,.F.);
#9144 = EDGE_CURVE('',#2367,#9122,#9145,.T.);
#9145 = SURFACE_CURVE('',#9146,(#9150,#9157),.PCURVE_S1.);
#9146 = LINE('',#9147,#9148);
#9147 = CARTESIAN_POINT('',(-1.05419921875,3.4453125,6.));
#9148 = VECTOR('',#9149,1.);
#9149 = DIRECTION('',(0.,0.,1.));
#9150 = PCURVE('',#2382,#9151);
#9151 = DEFINITIONAL_REPRESENTATION('',(#9152),#9156);
#9152 = LINE('',#9153,#9154);
#9153 = CARTESIAN_POINT('',(1.,0.));
#9154 = VECTOR('',#9155,1.);
#9155 = DIRECTION('',(0.,-1.));
#9156 = ( GEOMETRIC_REPRESENTATION_CONTEXT(2) 
PARAMETRIC_REPRESENTATION_CONTEXT() REPRESENTATION_CONTEXT('2D SPACE',''
  ) );
#9157 = PCURVE('',#2412,#9158);
#9158 = DEFINITIONAL_REPRESENTATION('',(#9159),#9163);
#9159 = LINE('',#9160,#9161);
#9160 = CARTESIAN_POINT('',(0.,0.));
#9161 = VECTOR('',#9162,1.);
#9162 = DIRECTION('',(0.,-1.));
#9163 = ( GEOMETRIC_REPRESENTATION_CONTEXT(2) 
PARAMETRIC_REPRESENTATION_CONTEXT() REPRESENTATION_CONTEXT('2D SPACE',''
  ) );
#9164 = ORIENTED_EDGE('',*,*,#2366,.F.);
#9165 = ADVANCED_FACE('',(#9166),#2676,.T.);
#9166 = FACE_BOUND('',#9167,.T.);
#9167 = EDGE_LOOP('',(#9168,#9191,#9212,#9213));
#9168 = ORIENTED_EDGE('',*,*,#9169,.T.);
#9169 = EDGE_CURVE('',#2631,#9170,#9172,.T.);
#9170 = VERTEX_POINT('',#9171);
#9171 = CARTESIAN_POINT('',(-0.70849609375,4.3935546875,6.45));
#9172 = SURFACE_CURVE('',#9173,(#9177,#9184),.PCURVE_S1.);
#9173 = LINE('',#9174,#9175);
#9174 = CARTESIAN_POINT('',(-0.70849609375,4.3935546875,6.));
#9175 = VECTOR('',#9176,1.);
#9176 = DIRECTION('',(0.,0.,1.));
#9177 = PCURVE('',#2676,#9178);
#9178 = DEFINITIONAL_REPRESENTATION('',(#9179),#9183);
#9179 = LINE('',#9180,#9181);
#9180 = CARTESIAN_POINT('',(0.,0.));
#9181 = VECTOR('',#9182,1.);
#9182 = DIRECTION('',(0.,-1.));
#9183 = ( GEOMETRIC_REPRESENTATION_CONTEXT(2) 
PARAMETRIC_REPRESENTATION_CONTEXT() REPRESENTATION_CONTEXT('2D SPACE',''
  ) );
#9184 = PCURVE('',#2646,#9185);
#9185 = DEFINITIONAL_REPRESENTATION('',(#9186),#9190);
#9186 = LINE('',#9187,#9188);
#9187 = CARTESIAN_POINT('',(1.,0.));
#9188 = VECTOR('',#9189,1.);
#9189 = DIRECTION('',(0.,-1.));
#9190 = ( GEOMETRIC_REPRESENTATION_CONTEXT(2) 
PARAMETRIC_REPRESENTATION_CONTEXT() REPRESENTATION_CONTEXT('2D SPACE',''
  ) );
#9191 = ORIENTED_EDGE('',*,*,#9192,.T.);
#9192 = EDGE_CURVE('',#9170,#9072,#9193,.T.);
#9193 = SURFACE_CURVE('',#9194,(#9198,#9205),.PCURVE_S1.);
#9194 = B_SPLINE_CURVE_WITH_KNOTS('',2,(#9195,#9196,#9197),
  .UNSPECIFIED.,.F.,.F.,(3,3),(0.,1.),.PIECEWISE_BEZIER_KNOTS.);
#9195 = CARTESIAN_POINT('',(-0.70849609375,4.3935546875,6.45));
#9196 = CARTESIAN_POINT('',(-0.70849609375,4.505859375,6.45));
#9197 = CARTESIAN_POINT('',(-0.7880859375,4.56591796875,6.45));
#9198 = PCURVE('',#2676,#9199);
#9199 = DEFINITIONAL_REPRESENTATION('',(#9200),#9204);
#9200 = LINE('',#9201,#9202);
#9201 = CARTESIAN_POINT('',(0.,-0.45));
#9202 = VECTOR('',#9203,1.);
#9203 = DIRECTION('',(1.,0.));
#9204 = ( GEOMETRIC_REPRESENTATION_CONTEXT(2) 
PARAMETRIC_REPRESENTATION_CONTEXT() REPRESENTATION_CONTEXT('2D SPACE',''
  ) );
#9205 = PCURVE('',#8250,#9206);
#9206 = DEFINITIONAL_REPRESENTATION('',(#9207),#9211);
#9207 = B_SPLINE_CURVE_WITH_KNOTS('',2,(#9208,#9209,#9210),
  .UNSPECIFIED.,.F.,.F.,(3,3),(0.,1.),.PIECEWISE_BEZIER_KNOTS.);
#9208 = CARTESIAN_POINT('',(0.8818359375,1.0859375));
#9209 = CARTESIAN_POINT('',(0.8818359375,1.1982421875));
#9210 = CARTESIAN_POINT('',(0.80224609375,1.25830078125));
#9211 = ( GEOMETRIC_REPRESENTATION_CONTEXT(2) 
PARAMETRIC_REPRESENTATION_CONTEXT() REPRESENTATION_CONTEXT('2D SPACE',''
  ) );
#9212 = ORIENTED_EDGE('',*,*,#9071,.F.);
#9213 = ORIENTED_EDGE('',*,*,#2660,.F.);
#9214 = ADVANCED_FACE('',(#9215),#2412,.T.);
#9215 = FACE_BOUND('',#9216,.T.);
#9216 = EDGE_LOOP('',(#9217,#9218,#9241,#9262));
#9217 = ORIENTED_EDGE('',*,*,#9144,.T.);
#9218 = ORIENTED_EDGE('',*,*,#9219,.T.);
#9219 = EDGE_CURVE('',#9122,#9220,#9222,.T.);
#9220 = VERTEX_POINT('',#9221);
#9221 = CARTESIAN_POINT('',(-0.771484375,3.5185546875,6.45));
#9222 = SURFACE_CURVE('',#9223,(#9227,#9234),.PCURVE_S1.);
#9223 = B_SPLINE_CURVE_WITH_KNOTS('',2,(#9224,#9225,#9226),
  .UNSPECIFIED.,.F.,.F.,(3,3),(0.,1.),.PIECEWISE_BEZIER_KNOTS.);
#9224 = CARTESIAN_POINT('',(-1.05419921875,3.4453125,6.45));
#9225 = CARTESIAN_POINT('',(-0.86865234375,3.4453125,6.45));
#9226 = CARTESIAN_POINT('',(-0.771484375,3.5185546875,6.45));
#9227 = PCURVE('',#2412,#9228);
#9228 = DEFINITIONAL_REPRESENTATION('',(#9229),#9233);
#9229 = LINE('',#9230,#9231);
#9230 = CARTESIAN_POINT('',(0.,-0.45));
#9231 = VECTOR('',#9232,1.);
#9232 = DIRECTION('',(1.,0.));
#9233 = ( GEOMETRIC_REPRESENTATION_CONTEXT(2) 
PARAMETRIC_REPRESENTATION_CONTEXT() REPRESENTATION_CONTEXT('2D SPACE',''
  ) );
#9234 = PCURVE('',#8250,#9235);
#9235 = DEFINITIONAL_REPRESENTATION('',(#9236),#9240);
#9236 = B_SPLINE_CURVE_WITH_KNOTS('',2,(#9237,#9238,#9239),
  .UNSPECIFIED.,.F.,.F.,(3,3),(0.,1.),.PIECEWISE_BEZIER_KNOTS.);
#9237 = CARTESIAN_POINT('',(0.5361328125,0.1376953125));
#9238 = CARTESIAN_POINT('',(0.7216796875,0.1376953125));
#9239 = CARTESIAN_POINT('',(0.81884765625,0.2109375));
#9240 = ( GEOMETRIC_REPRESENTATION_CONTEXT(2) 
PARAMETRIC_REPRESENTATION_CONTEXT() REPRESENTATION_CONTEXT('2D SPACE',''
  ) );
#9241 = ORIENTED_EDGE('',*,*,#9242,.F.);
#9242 = EDGE_CURVE('',#2397,#9220,#9243,.T.);
#9243 = SURFACE_CURVE('',#9244,(#9248,#9255),.PCURVE_S1.);
#9244 = LINE('',#9245,#9246);
#9245 = CARTESIAN_POINT('',(-0.771484375,3.5185546875,6.));
#9246 = VECTOR('',#9247,1.);
#9247 = DIRECTION('',(0.,0.,1.));
#9248 = PCURVE('',#2412,#9249);
#9249 = DEFINITIONAL_REPRESENTATION('',(#9250),#9254);
#9250 = LINE('',#9251,#9252);
#9251 = CARTESIAN_POINT('',(1.,0.));
#9252 = VECTOR('',#9253,1.);
#9253 = DIRECTION('',(0.,-1.));
#9254 = ( GEOMETRIC_REPRESENTATION_CONTEXT(2) 
PARAMETRIC_REPRESENTATION_CONTEXT() REPRESENTATION_CONTEXT('2D SPACE',''
  ) );
#9255 = PCURVE('',#2442,#9256);
#9256 = DEFINITIONAL_REPRESENTATION('',(#9257),#9261);
#9257 = LINE('',#9258,#9259);
#9258 = CARTESIAN_POINT('',(0.,0.));
#9259 = VECTOR('',#9260,1.);
#9260 = DIRECTION('',(0.,-1.));
#9261 = ( GEOMETRIC_REPRESENTATION_CONTEXT(2) 
PARAMETRIC_REPRESENTATION_CONTEXT() REPRESENTATION_CONTEXT('2D SPACE',''
  ) );
#9262 = ORIENTED_EDGE('',*,*,#2396,.F.);
#9263 = ADVANCED_FACE('',(#9264),#2646,.T.);
#9264 = FACE_BOUND('',#9265,.T.);
#9265 = EDGE_LOOP('',(#9266,#9289,#9310,#9311));
#9266 = ORIENTED_EDGE('',*,*,#9267,.T.);
#9267 = EDGE_CURVE('',#2601,#9268,#9270,.T.);
#9268 = VERTEX_POINT('',#9269);
#9269 = CARTESIAN_POINT('',(-0.78564453125,4.22607421875,6.45));
#9270 = SURFACE_CURVE('',#9271,(#9275,#9282),.PCURVE_S1.);
#9271 = LINE('',#9272,#9273);
#9272 = CARTESIAN_POINT('',(-0.78564453125,4.22607421875,6.));
#9273 = VECTOR('',#9274,1.);
#9274 = DIRECTION('',(0.,0.,1.));
#9275 = PCURVE('',#2646,#9276);
#9276 = DEFINITIONAL_REPRESENTATION('',(#9277),#9281);
#9277 = LINE('',#9278,#9279);
#9278 = CARTESIAN_POINT('',(0.,0.));
#9279 = VECTOR('',#9280,1.);
#9280 = DIRECTION('',(0.,-1.));
#9281 = ( GEOMETRIC_REPRESENTATION_CONTEXT(2) 
PARAMETRIC_REPRESENTATION_CONTEXT() REPRESENTATION_CONTEXT('2D SPACE',''
  ) );
#9282 = PCURVE('',#2616,#9283);
#9283 = DEFINITIONAL_REPRESENTATION('',(#9284),#9288);
#9284 = LINE('',#9285,#9286);
#9285 = CARTESIAN_POINT('',(1.,0.));
#9286 = VECTOR('',#9287,1.);
#9287 = DIRECTION('',(0.,-1.));
#9288 = ( GEOMETRIC_REPRESENTATION_CONTEXT(2) 
PARAMETRIC_REPRESENTATION_CONTEXT() REPRESENTATION_CONTEXT('2D SPACE',''
  ) );
#9289 = ORIENTED_EDGE('',*,*,#9290,.T.);
#9290 = EDGE_CURVE('',#9268,#9170,#9291,.T.);
#9291 = SURFACE_CURVE('',#9292,(#9296,#9303),.PCURVE_S1.);
#9292 = B_SPLINE_CURVE_WITH_KNOTS('',2,(#9293,#9294,#9295),
  .UNSPECIFIED.,.F.,.F.,(3,3),(0.,1.),.PIECEWISE_BEZIER_KNOTS.);
#9293 = CARTESIAN_POINT('',(-0.78564453125,4.22607421875,6.45));
#9294 = CARTESIAN_POINT('',(-0.70849609375,4.2841796875,6.45));
#9295 = CARTESIAN_POINT('',(-0.70849609375,4.3935546875,6.45));
#9296 = PCURVE('',#2646,#9297);
#9297 = DEFINITIONAL_REPRESENTATION('',(#9298),#9302);
#9298 = LINE('',#9299,#9300);
#9299 = CARTESIAN_POINT('',(0.,-0.45));
#9300 = VECTOR('',#9301,1.);
#9301 = DIRECTION('',(1.,0.));
#9302 = ( GEOMETRIC_REPRESENTATION_CONTEXT(2) 
PARAMETRIC_REPRESENTATION_CONTEXT() REPRESENTATION_CONTEXT('2D SPACE',''
  ) );
#9303 = PCURVE('',#8250,#9304);
#9304 = DEFINITIONAL_REPRESENTATION('',(#9305),#9309);
#9305 = B_SPLINE_CURVE_WITH_KNOTS('',2,(#9306,#9307,#9308),
  .UNSPECIFIED.,.F.,.F.,(3,3),(0.,1.),.PIECEWISE_BEZIER_KNOTS.);
#9306 = CARTESIAN_POINT('',(0.8046875,0.91845703125));
#9307 = CARTESIAN_POINT('',(0.8818359375,0.9765625));
#9308 = CARTESIAN_POINT('',(0.8818359375,1.0859375));
#9309 = ( GEOMETRIC_REPRESENTATION_CONTEXT(2) 
PARAMETRIC_REPRESENTATION_CONTEXT() REPRESENTATION_CONTEXT('2D SPACE',''
  ) );
#9310 = ORIENTED_EDGE('',*,*,#9169,.F.);
#9311 = ORIENTED_EDGE('',*,*,#2630,.F.);
#9312 = ADVANCED_FACE('',(#9313),#2442,.T.);
#9313 = FACE_BOUND('',#9314,.T.);
#9314 = EDGE_LOOP('',(#9315,#9316,#9339,#9360));
#9315 = ORIENTED_EDGE('',*,*,#9242,.T.);
#9316 = ORIENTED_EDGE('',*,*,#9317,.T.);
#9317 = EDGE_CURVE('',#9220,#9318,#9320,.T.);
#9318 = VERTEX_POINT('',#9319);
#9319 = CARTESIAN_POINT('',(-0.67431640625,3.7314453125,6.45));
#9320 = SURFACE_CURVE('',#9321,(#9325,#9332),.PCURVE_S1.);
#9321 = B_SPLINE_CURVE_WITH_KNOTS('',2,(#9322,#9323,#9324),
  .UNSPECIFIED.,.F.,.F.,(3,3),(0.,1.),.PIECEWISE_BEZIER_KNOTS.);
#9322 = CARTESIAN_POINT('',(-0.771484375,3.5185546875,6.45));
#9323 = CARTESIAN_POINT('',(-0.67431640625,3.591796875,6.45));
#9324 = CARTESIAN_POINT('',(-0.67431640625,3.7314453125,6.45));
#9325 = PCURVE('',#2442,#9326);
#9326 = DEFINITIONAL_REPRESENTATION('',(#9327),#9331);
#9327 = LINE('',#9328,#9329);
#9328 = CARTESIAN_POINT('',(0.,-0.45));
#9329 = VECTOR('',#9330,1.);
#9330 = DIRECTION('',(1.,0.));
#9331 = ( GEOMETRIC_REPRESENTATION_CONTEXT(2) 
PARAMETRIC_REPRESENTATION_CONTEXT() REPRESENTATION_CONTEXT('2D SPACE',''
  ) );
#9332 = PCURVE('',#8250,#9333);
#9333 = DEFINITIONAL_REPRESENTATION('',(#9334),#9338);
#9334 = B_SPLINE_CURVE_WITH_KNOTS('',2,(#9335,#9336,#9337),
  .UNSPECIFIED.,.F.,.F.,(3,3),(0.,1.),.PIECEWISE_BEZIER_KNOTS.);
#9335 = CARTESIAN_POINT('',(0.81884765625,0.2109375));
#9336 = CARTESIAN_POINT('',(0.916015625,0.2841796875));
#9337 = CARTESIAN_POINT('',(0.916015625,0.423828125));
#9338 = ( GEOMETRIC_REPRESENTATION_CONTEXT(2) 
PARAMETRIC_REPRESENTATION_CONTEXT() REPRESENTATION_CONTEXT('2D SPACE',''
  ) );
#9339 = ORIENTED_EDGE('',*,*,#9340,.F.);
#9340 = EDGE_CURVE('',#2427,#9318,#9341,.T.);
#9341 = SURFACE_CURVE('',#9342,(#9346,#9353),.PCURVE_S1.);
#9342 = LINE('',#9343,#9344);
#9343 = CARTESIAN_POINT('',(-0.67431640625,3.7314453125,6.));
#9344 = VECTOR('',#9345,1.);
#9345 = DIRECTION('',(0.,0.,1.));
#9346 = PCURVE('',#2442,#9347);
#9347 = DEFINITIONAL_REPRESENTATION('',(#9348),#9352);
#9348 = LINE('',#9349,#9350);
#9349 = CARTESIAN_POINT('',(1.,0.));
#9350 = VECTOR('',#9351,1.);
#9351 = DIRECTION('',(0.,-1.));
#9352 = ( GEOMETRIC_REPRESENTATION_CONTEXT(2) 
PARAMETRIC_REPRESENTATION_CONTEXT() REPRESENTATION_CONTEXT('2D SPACE',''
  ) );
#9353 = PCURVE('',#2472,#9354);
#9354 = DEFINITIONAL_REPRESENTATION('',(#9355),#9359);
#9355 = LINE('',#9356,#9357);
#9356 = CARTESIAN_POINT('',(0.,0.));
#9357 = VECTOR('',#9358,1.);
#9358 = DIRECTION('',(0.,-1.));
#9359 = ( GEOMETRIC_REPRESENTATION_CONTEXT(2) 
PARAMETRIC_REPRESENTATION_CONTEXT() REPRESENTATION_CONTEXT('2D SPACE',''
  ) );
#9360 = ORIENTED_EDGE('',*,*,#2426,.F.);
#9361 = ADVANCED_FACE('',(#9362),#2616,.T.);
#9362 = FACE_BOUND('',#9363,.T.);
#9363 = EDGE_LOOP('',(#9364,#9387,#9408,#9409));
#9364 = ORIENTED_EDGE('',*,*,#9365,.T.);
#9365 = EDGE_CURVE('',#2573,#9366,#9368,.T.);
#9366 = VERTEX_POINT('',#9367);
#9367 = CARTESIAN_POINT('',(-1.00830078125,4.16796875,6.45));
#9368 = SURFACE_CURVE('',#9369,(#9373,#9380),.PCURVE_S1.);
#9369 = LINE('',#9370,#9371);
#9370 = CARTESIAN_POINT('',(-1.00830078125,4.16796875,6.));
#9371 = VECTOR('',#9372,1.);
#9372 = DIRECTION('',(0.,0.,1.));
#9373 = PCURVE('',#2616,#9374);
#9374 = DEFINITIONAL_REPRESENTATION('',(#9375),#9379);
#9375 = LINE('',#9376,#9377);
#9376 = CARTESIAN_POINT('',(0.,0.));
#9377 = VECTOR('',#9378,1.);
#9378 = DIRECTION('',(0.,-1.));
#9379 = ( GEOMETRIC_REPRESENTATION_CONTEXT(2) 
PARAMETRIC_REPRESENTATION_CONTEXT() REPRESENTATION_CONTEXT('2D SPACE',''
  ) );
#9380 = PCURVE('',#2588,#9381);
#9381 = DEFINITIONAL_REPRESENTATION('',(#9382),#9386);
#9382 = LINE('',#9383,#9384);
#9383 = CARTESIAN_POINT('',(0.177734375,0.));
#9384 = VECTOR('',#9385,1.);
#9385 = DIRECTION('',(0.,-1.));
#9386 = ( GEOMETRIC_REPRESENTATION_CONTEXT(2) 
PARAMETRIC_REPRESENTATION_CONTEXT() REPRESENTATION_CONTEXT('2D SPACE',''
  ) );
#9387 = ORIENTED_EDGE('',*,*,#9388,.T.);
#9388 = EDGE_CURVE('',#9366,#9268,#9389,.T.);
#9389 = SURFACE_CURVE('',#9390,(#9394,#9401),.PCURVE_S1.);
#9390 = B_SPLINE_CURVE_WITH_KNOTS('',2,(#9391,#9392,#9393),
  .UNSPECIFIED.,.F.,.F.,(3,3),(0.,1.),.PIECEWISE_BEZIER_KNOTS.);
#9391 = CARTESIAN_POINT('',(-1.00830078125,4.16796875,6.45));
#9392 = CARTESIAN_POINT('',(-0.86279296875,4.16796875,6.45));
#9393 = CARTESIAN_POINT('',(-0.78564453125,4.22607421875,6.45));
#9394 = PCURVE('',#2616,#9395);
#9395 = DEFINITIONAL_REPRESENTATION('',(#9396),#9400);
#9396 = LINE('',#9397,#9398);
#9397 = CARTESIAN_POINT('',(0.,-0.45));
#9398 = VECTOR('',#9399,1.);
#9399 = DIRECTION('',(1.,0.));
#9400 = ( GEOMETRIC_REPRESENTATION_CONTEXT(2) 
PARAMETRIC_REPRESENTATION_CONTEXT() REPRESENTATION_CONTEXT('2D SPACE',''
  ) );
#9401 = PCURVE('',#8250,#9402);
#9402 = DEFINITIONAL_REPRESENTATION('',(#9403),#9407);
#9403 = B_SPLINE_CURVE_WITH_KNOTS('',2,(#9404,#9405,#9406),
  .UNSPECIFIED.,.F.,.F.,(3,3),(0.,1.),.PIECEWISE_BEZIER_KNOTS.);
#9404 = CARTESIAN_POINT('',(0.58203125,0.8603515625));
#9405 = CARTESIAN_POINT('',(0.7275390625,0.8603515625));
#9406 = CARTESIAN_POINT('',(0.8046875,0.91845703125));
#9407 = ( GEOMETRIC_REPRESENTATION_CONTEXT(2) 
PARAMETRIC_REPRESENTATION_CONTEXT() REPRESENTATION_CONTEXT('2D SPACE',''
  ) );
#9408 = ORIENTED_EDGE('',*,*,#9267,.F.);
#9409 = ORIENTED_EDGE('',*,*,#2600,.F.);
#9410 = ADVANCED_FACE('',(#9411),#2472,.T.);
#9411 = FACE_BOUND('',#9412,.T.);
#9412 = EDGE_LOOP('',(#9413,#9414,#9437,#9458));
#9413 = ORIENTED_EDGE('',*,*,#9340,.T.);
#9414 = ORIENTED_EDGE('',*,*,#9415,.T.);
#9415 = EDGE_CURVE('',#9318,#9416,#9418,.T.);
#9416 = VERTEX_POINT('',#9417);
#9417 = CARTESIAN_POINT('',(-0.7646484375,3.93310546875,6.45));
#9418 = SURFACE_CURVE('',#9419,(#9423,#9430),.PCURVE_S1.);
#9419 = B_SPLINE_CURVE_WITH_KNOTS('',2,(#9420,#9421,#9422),
  .UNSPECIFIED.,.F.,.F.,(3,3),(0.,1.),.PIECEWISE_BEZIER_KNOTS.);
#9420 = CARTESIAN_POINT('',(-0.67431640625,3.7314453125,6.45));
#9421 = CARTESIAN_POINT('',(-0.67431640625,3.8603515625,6.45));
#9422 = CARTESIAN_POINT('',(-0.7646484375,3.93310546875,6.45));
#9423 = PCURVE('',#2472,#9424);
#9424 = DEFINITIONAL_REPRESENTATION('',(#9425),#9429);
#9425 = LINE('',#9426,#9427);
#9426 = CARTESIAN_POINT('',(0.,-0.45));
#9427 = VECTOR('',#9428,1.);
#9428 = DIRECTION('',(1.,0.));
#9429 = ( GEOMETRIC_REPRESENTATION_CONTEXT(2) 
PARAMETRIC_REPRESENTATION_CONTEXT() REPRESENTATION_CONTEXT('2D SPACE',''
  ) );
#9430 = PCURVE('',#8250,#9431);
#9431 = DEFINITIONAL_REPRESENTATION('',(#9432),#9436);
#9432 = B_SPLINE_CURVE_WITH_KNOTS('',2,(#9433,#9434,#9435),
  .UNSPECIFIED.,.F.,.F.,(3,3),(0.,1.),.PIECEWISE_BEZIER_KNOTS.);
#9433 = CARTESIAN_POINT('',(0.916015625,0.423828125));
#9434 = CARTESIAN_POINT('',(0.916015625,0.552734375));
#9435 = CARTESIAN_POINT('',(0.82568359375,0.62548828125));
#9436 = ( GEOMETRIC_REPRESENTATION_CONTEXT(2) 
PARAMETRIC_REPRESENTATION_CONTEXT() REPRESENTATION_CONTEXT('2D SPACE',''
  ) );
#9437 = ORIENTED_EDGE('',*,*,#9438,.F.);
#9438 = EDGE_CURVE('',#2457,#9416,#9439,.T.);
#9439 = SURFACE_CURVE('',#9440,(#9444,#9451),.PCURVE_S1.);
#9440 = LINE('',#9441,#9442);
#9441 = CARTESIAN_POINT('',(-0.7646484375,3.93310546875,6.));
#9442 = VECTOR('',#9443,1.);
#9443 = DIRECTION('',(0.,0.,1.));
#9444 = PCURVE('',#2472,#9445);
#9445 = DEFINITIONAL_REPRESENTATION('',(#9446),#9450);
#9446 = LINE('',#9447,#9448);
#9447 = CARTESIAN_POINT('',(1.,0.));
#9448 = VECTOR('',#9449,1.);
#9449 = DIRECTION('',(0.,-1.));
#9450 = ( GEOMETRIC_REPRESENTATION_CONTEXT(2) 
PARAMETRIC_REPRESENTATION_CONTEXT() REPRESENTATION_CONTEXT('2D SPACE',''
  ) );
#9451 = PCURVE('',#2502,#9452);
#9452 = DEFINITIONAL_REPRESENTATION('',(#9453),#9457);
#9453 = LINE('',#9454,#9455);
#9454 = CARTESIAN_POINT('',(0.,0.));
#9455 = VECTOR('',#9456,1.);
#9456 = DIRECTION('',(0.,-1.));
#9457 = ( GEOMETRIC_REPRESENTATION_CONTEXT(2) 
PARAMETRIC_REPRESENTATION_CONTEXT() REPRESENTATION_CONTEXT('2D SPACE',''
  ) );
#9458 = ORIENTED_EDGE('',*,*,#2456,.F.);
#9459 = ADVANCED_FACE('',(#9460),#2588,.T.);
#9460 = FACE_BOUND('',#9461,.T.);
#9461 = EDGE_LOOP('',(#9462,#9485,#9506,#9507));
#9462 = ORIENTED_EDGE('',*,*,#9463,.T.);
#9463 = EDGE_CURVE('',#2545,#9464,#9466,.T.);
#9464 = VERTEX_POINT('',#9465);
#9465 = CARTESIAN_POINT('',(-1.18603515625,4.16796875,6.45));
#9466 = SURFACE_CURVE('',#9467,(#9471,#9478),.PCURVE_S1.);
#9467 = LINE('',#9468,#9469);
#9468 = CARTESIAN_POINT('',(-1.18603515625,4.16796875,6.));
#9469 = VECTOR('',#9470,1.);
#9470 = DIRECTION('',(0.,0.,1.));
#9471 = PCURVE('',#2588,#9472);
#9472 = DEFINITIONAL_REPRESENTATION('',(#9473),#9477);
#9473 = LINE('',#9474,#9475);
#9474 = CARTESIAN_POINT('',(0.,0.));
#9475 = VECTOR('',#9476,1.);
#9476 = DIRECTION('',(0.,-1.));
#9477 = ( GEOMETRIC_REPRESENTATION_CONTEXT(2) 
PARAMETRIC_REPRESENTATION_CONTEXT() REPRESENTATION_CONTEXT('2D SPACE',''
  ) );
#9478 = PCURVE('',#2560,#9479);
#9479 = DEFINITIONAL_REPRESENTATION('',(#9480),#9484);
#9480 = LINE('',#9481,#9482);
#9481 = CARTESIAN_POINT('',(0.162109375,0.));
#9482 = VECTOR('',#9483,1.);
#9483 = DIRECTION('',(0.,-1.));
#9484 = ( GEOMETRIC_REPRESENTATION_CONTEXT(2) 
PARAMETRIC_REPRESENTATION_CONTEXT() REPRESENTATION_CONTEXT('2D SPACE',''
  ) );
#9485 = ORIENTED_EDGE('',*,*,#9486,.T.);
#9486 = EDGE_CURVE('',#9464,#9366,#9487,.T.);
#9487 = SURFACE_CURVE('',#9488,(#9492,#9499),.PCURVE_S1.);
#9488 = LINE('',#9489,#9490);
#9489 = CARTESIAN_POINT('',(-1.18603515625,4.16796875,6.45));
#9490 = VECTOR('',#9491,1.);
#9491 = DIRECTION('',(1.,0.,0.));
#9492 = PCURVE('',#2588,#9493);
#9493 = DEFINITIONAL_REPRESENTATION('',(#9494),#9498);
#9494 = LINE('',#9495,#9496);
#9495 = CARTESIAN_POINT('',(0.,-0.45));
#9496 = VECTOR('',#9497,1.);
#9497 = DIRECTION('',(1.,0.));
#9498 = ( GEOMETRIC_REPRESENTATION_CONTEXT(2) 
PARAMETRIC_REPRESENTATION_CONTEXT() REPRESENTATION_CONTEXT('2D SPACE',''
  ) );
#9499 = PCURVE('',#8250,#9500);
#9500 = DEFINITIONAL_REPRESENTATION('',(#9501),#9505);
#9501 = LINE('',#9502,#9503);
#9502 = CARTESIAN_POINT('',(0.404296875,0.8603515625));
#9503 = VECTOR('',#9504,1.);
#9504 = DIRECTION('',(1.,0.));
#9505 = ( GEOMETRIC_REPRESENTATION_CONTEXT(2) 
PARAMETRIC_REPRESENTATION_CONTEXT() REPRESENTATION_CONTEXT('2D SPACE',''
  ) );
#9506 = ORIENTED_EDGE('',*,*,#9365,.F.);
#9507 = ORIENTED_EDGE('',*,*,#2572,.F.);
#9508 = ADVANCED_FACE('',(#9509),#2502,.T.);
#9509 = FACE_BOUND('',#9510,.T.);
#9510 = EDGE_LOOP('',(#9511,#9512,#9535,#9556));
#9511 = ORIENTED_EDGE('',*,*,#9438,.T.);
#9512 = ORIENTED_EDGE('',*,*,#9513,.T.);
#9513 = EDGE_CURVE('',#9416,#9514,#9516,.T.);
#9514 = VERTEX_POINT('',#9515);
#9515 = CARTESIAN_POINT('',(-1.01611328125,4.005859375,6.45));
#9516 = SURFACE_CURVE('',#9517,(#9521,#9528),.PCURVE_S1.);
#9517 = B_SPLINE_CURVE_WITH_KNOTS('',2,(#9518,#9519,#9520),
  .UNSPECIFIED.,.F.,.F.,(3,3),(0.,1.),.PIECEWISE_BEZIER_KNOTS.);
#9518 = CARTESIAN_POINT('',(-0.7646484375,3.93310546875,6.45));
#9519 = CARTESIAN_POINT('',(-0.85498046875,4.005859375,6.45));
#9520 = CARTESIAN_POINT('',(-1.01611328125,4.005859375,6.45));
#9521 = PCURVE('',#2502,#9522);
#9522 = DEFINITIONAL_REPRESENTATION('',(#9523),#9527);
#9523 = LINE('',#9524,#9525);
#9524 = CARTESIAN_POINT('',(0.,-0.45));
#9525 = VECTOR('',#9526,1.);
#9526 = DIRECTION('',(1.,0.));
#9527 = ( GEOMETRIC_REPRESENTATION_CONTEXT(2) 
PARAMETRIC_REPRESENTATION_CONTEXT() REPRESENTATION_CONTEXT('2D SPACE',''
  ) );
#9528 = PCURVE('',#8250,#9529);
#9529 = DEFINITIONAL_REPRESENTATION('',(#9530),#9534);
#9530 = B_SPLINE_CURVE_WITH_KNOTS('',2,(#9531,#9532,#9533),
  .UNSPECIFIED.,.F.,.F.,(3,3),(0.,1.),.PIECEWISE_BEZIER_KNOTS.);
#9531 = CARTESIAN_POINT('',(0.82568359375,0.62548828125));
#9532 = CARTESIAN_POINT('',(0.7353515625,0.6982421875));
#9533 = CARTESIAN_POINT('',(0.57421875,0.6982421875));
#9534 = ( GEOMETRIC_REPRESENTATION_CONTEXT(2) 
PARAMETRIC_REPRESENTATION_CONTEXT() REPRESENTATION_CONTEXT('2D SPACE',''
  ) );
#9535 = ORIENTED_EDGE('',*,*,#9536,.F.);
#9536 = EDGE_CURVE('',#2487,#9514,#9537,.T.);
#9537 = SURFACE_CURVE('',#9538,(#9542,#9549),.PCURVE_S1.);
#9538 = LINE('',#9539,#9540);
#9539 = CARTESIAN_POINT('',(-1.01611328125,4.005859375,6.));
#9540 = VECTOR('',#9541,1.);
#9541 = DIRECTION('',(0.,0.,1.));
#9542 = PCURVE('',#2502,#9543);
#9543 = DEFINITIONAL_REPRESENTATION('',(#9544),#9548);
#9544 = LINE('',#9545,#9546);
#9545 = CARTESIAN_POINT('',(1.,0.));
#9546 = VECTOR('',#9547,1.);
#9547 = DIRECTION('',(0.,-1.));
#9548 = ( GEOMETRIC_REPRESENTATION_CONTEXT(2) 
PARAMETRIC_REPRESENTATION_CONTEXT() REPRESENTATION_CONTEXT('2D SPACE',''
  ) );
#9549 = PCURVE('',#2532,#9550);
#9550 = DEFINITIONAL_REPRESENTATION('',(#9551),#9555);
#9551 = LINE('',#9552,#9553);
#9552 = CARTESIAN_POINT('',(0.,-0.));
#9553 = VECTOR('',#9554,1.);
#9554 = DIRECTION('',(0.,-1.));
#9555 = ( GEOMETRIC_REPRESENTATION_CONTEXT(2) 
PARAMETRIC_REPRESENTATION_CONTEXT() REPRESENTATION_CONTEXT('2D SPACE',''
  ) );
#9556 = ORIENTED_EDGE('',*,*,#2486,.F.);
#9557 = ADVANCED_FACE('',(#9558),#2560,.T.);
#9558 = FACE_BOUND('',#9559,.T.);
#9559 = EDGE_LOOP('',(#9560,#9583,#9604,#9605));
#9560 = ORIENTED_EDGE('',*,*,#9561,.T.);
#9561 = EDGE_CURVE('',#2517,#9562,#9564,.T.);
#9562 = VERTEX_POINT('',#9563);
#9563 = CARTESIAN_POINT('',(-1.18603515625,4.005859375,6.45));
#9564 = SURFACE_CURVE('',#9565,(#9569,#9576),.PCURVE_S1.);
#9565 = LINE('',#9566,#9567);
#9566 = CARTESIAN_POINT('',(-1.18603515625,4.005859375,6.));
#9567 = VECTOR('',#9568,1.);
#9568 = DIRECTION('',(0.,0.,1.));
#9569 = PCURVE('',#2560,#9570);
#9570 = DEFINITIONAL_REPRESENTATION('',(#9571),#9575);
#9571 = LINE('',#9572,#9573);
#9572 = CARTESIAN_POINT('',(0.,0.));
#9573 = VECTOR('',#9574,1.);
#9574 = DIRECTION('',(0.,-1.));
#9575 = ( GEOMETRIC_REPRESENTATION_CONTEXT(2) 
PARAMETRIC_REPRESENTATION_CONTEXT() REPRESENTATION_CONTEXT('2D SPACE',''
  ) );
#9576 = PCURVE('',#2532,#9577);
#9577 = DEFINITIONAL_REPRESENTATION('',(#9578),#9582);
#9578 = LINE('',#9579,#9580);
#9579 = CARTESIAN_POINT('',(0.169921875,0.));
#9580 = VECTOR('',#9581,1.);
#9581 = DIRECTION('',(0.,-1.));
#9582 = ( GEOMETRIC_REPRESENTATION_CONTEXT(2) 
PARAMETRIC_REPRESENTATION_CONTEXT() REPRESENTATION_CONTEXT('2D SPACE',''
  ) );
#9583 = ORIENTED_EDGE('',*,*,#9584,.T.);
#9584 = EDGE_CURVE('',#9562,#9464,#9585,.T.);
#9585 = SURFACE_CURVE('',#9586,(#9590,#9597),.PCURVE_S1.);
#9586 = LINE('',#9587,#9588);
#9587 = CARTESIAN_POINT('',(-1.18603515625,4.005859375,6.45));
#9588 = VECTOR('',#9589,1.);
#9589 = DIRECTION('',(0.,1.,0.));
#9590 = PCURVE('',#2560,#9591);
#9591 = DEFINITIONAL_REPRESENTATION('',(#9592),#9596);
#9592 = LINE('',#9593,#9594);
#9593 = CARTESIAN_POINT('',(0.,-0.45));
#9594 = VECTOR('',#9595,1.);
#9595 = DIRECTION('',(1.,0.));
#9596 = ( GEOMETRIC_REPRESENTATION_CONTEXT(2) 
PARAMETRIC_REPRESENTATION_CONTEXT() REPRESENTATION_CONTEXT('2D SPACE',''
  ) );
#9597 = PCURVE('',#8250,#9598);
#9598 = DEFINITIONAL_REPRESENTATION('',(#9599),#9603);
#9599 = LINE('',#9600,#9601);
#9600 = CARTESIAN_POINT('',(0.404296875,0.6982421875));
#9601 = VECTOR('',#9602,1.);
#9602 = DIRECTION('',(0.,1.));
#9603 = ( GEOMETRIC_REPRESENTATION_CONTEXT(2) 
PARAMETRIC_REPRESENTATION_CONTEXT() REPRESENTATION_CONTEXT('2D SPACE',''
  ) );
#9604 = ORIENTED_EDGE('',*,*,#9463,.F.);
#9605 = ORIENTED_EDGE('',*,*,#2544,.F.);
#9606 = ADVANCED_FACE('',(#9607),#2532,.T.);
#9607 = FACE_BOUND('',#9608,.T.);
#9608 = EDGE_LOOP('',(#9609,#9610,#9631,#9632));
#9609 = ORIENTED_EDGE('',*,*,#9536,.T.);
#9610 = ORIENTED_EDGE('',*,*,#9611,.T.);
#9611 = EDGE_CURVE('',#9514,#9562,#9612,.T.);
#9612 = SURFACE_CURVE('',#9613,(#9617,#9624),.PCURVE_S1.);
#9613 = LINE('',#9614,#9615);
#9614 = CARTESIAN_POINT('',(-1.01611328125,4.005859375,6.45));
#9615 = VECTOR('',#9616,1.);
#9616 = DIRECTION('',(-1.,0.,0.));
#9617 = PCURVE('',#2532,#9618);
#9618 = DEFINITIONAL_REPRESENTATION('',(#9619),#9623);
#9619 = LINE('',#9620,#9621);
#9620 = CARTESIAN_POINT('',(0.,-0.45));
#9621 = VECTOR('',#9622,1.);
#9622 = DIRECTION('',(1.,0.));
#9623 = ( GEOMETRIC_REPRESENTATION_CONTEXT(2) 
PARAMETRIC_REPRESENTATION_CONTEXT() REPRESENTATION_CONTEXT('2D SPACE',''
  ) );
#9624 = PCURVE('',#8250,#9625);
#9625 = DEFINITIONAL_REPRESENTATION('',(#9626),#9630);
#9626 = LINE('',#9627,#9628);
#9627 = CARTESIAN_POINT('',(0.57421875,0.6982421875));
#9628 = VECTOR('',#9629,1.);
#9629 = DIRECTION('',(-1.,0.));
#9630 = ( GEOMETRIC_REPRESENTATION_CONTEXT(2) 
PARAMETRIC_REPRESENTATION_CONTEXT() REPRESENTATION_CONTEXT('2D SPACE',''
  ) );
#9631 = ORIENTED_EDGE('',*,*,#9561,.F.);
#9632 = ORIENTED_EDGE('',*,*,#2516,.F.);
#9633 = ADVANCED_FACE('',(#9634),#2976,.T.);
#9634 = FACE_BOUND('',#9635,.T.);
#9635 = EDGE_LOOP('',(#9636,#9659,#9687,#9708));
#9636 = ORIENTED_EDGE('',*,*,#9637,.T.);
#9637 = EDGE_CURVE('',#2959,#9638,#9640,.T.);
#9638 = VERTEX_POINT('',#9639);
#9639 = CARTESIAN_POINT('',(1.32666015625,4.20947265625,6.45));
#9640 = SURFACE_CURVE('',#9641,(#9645,#9652),.PCURVE_S1.);
#9641 = LINE('',#9642,#9643);
#9642 = CARTESIAN_POINT('',(1.32666015625,4.20947265625,6.));
#9643 = VECTOR('',#9644,1.);
#9644 = DIRECTION('',(0.,0.,1.));
#9645 = PCURVE('',#2976,#9646);
#9646 = DEFINITIONAL_REPRESENTATION('',(#9647),#9651);
#9647 = LINE('',#9648,#9649);
#9648 = CARTESIAN_POINT('',(0.,0.));
#9649 = VECTOR('',#9650,1.);
#9650 = DIRECTION('',(0.,-1.));
#9651 = ( GEOMETRIC_REPRESENTATION_CONTEXT(2) 
PARAMETRIC_REPRESENTATION_CONTEXT() REPRESENTATION_CONTEXT('2D SPACE',''
  ) );
#9652 = PCURVE('',#3804,#9653);
#9653 = DEFINITIONAL_REPRESENTATION('',(#9654),#9658);
#9654 = LINE('',#9655,#9656);
#9655 = CARTESIAN_POINT('',(1.,0.));
#9656 = VECTOR('',#9657,1.);
#9657 = DIRECTION('',(0.,-1.));
#9658 = ( GEOMETRIC_REPRESENTATION_CONTEXT(2) 
PARAMETRIC_REPRESENTATION_CONTEXT() REPRESENTATION_CONTEXT('2D SPACE',''
  ) );
#9659 = ORIENTED_EDGE('',*,*,#9660,.T.);
#9660 = EDGE_CURVE('',#9638,#9661,#9663,.T.);
#9661 = VERTEX_POINT('',#9662);
#9662 = CARTESIAN_POINT('',(1.12939453125,4.09375,6.45));
#9663 = SURFACE_CURVE('',#9664,(#9668,#9675),.PCURVE_S1.);
#9664 = B_SPLINE_CURVE_WITH_KNOTS('',2,(#9665,#9666,#9667),
  .UNSPECIFIED.,.F.,.F.,(3,3),(0.,1.),.PIECEWISE_BEZIER_KNOTS.);
#9665 = CARTESIAN_POINT('',(1.32666015625,4.20947265625,6.45));
#9666 = CARTESIAN_POINT('',(1.25732421875,4.1259765625,6.45));
#9667 = CARTESIAN_POINT('',(1.12939453125,4.09375,6.45));
#9668 = PCURVE('',#2976,#9669);
#9669 = DEFINITIONAL_REPRESENTATION('',(#9670),#9674);
#9670 = LINE('',#9671,#9672);
#9671 = CARTESIAN_POINT('',(0.,-0.45));
#9672 = VECTOR('',#9673,1.);
#9673 = DIRECTION('',(1.,0.));
#9674 = ( GEOMETRIC_REPRESENTATION_CONTEXT(2) 
PARAMETRIC_REPRESENTATION_CONTEXT() REPRESENTATION_CONTEXT('2D SPACE',''
  ) );
#9675 = PCURVE('',#9676,#9681);
#9676 = PLANE('',#9677);
#9677 = AXIS2_PLACEMENT_3D('',#9678,#9679,#9680);
#9678 = CARTESIAN_POINT('',(0.31787109375,3.3076171875,6.45));
#9679 = DIRECTION('',(0.,0.,1.));
#9680 = DIRECTION('',(1.,0.,0.));
#9681 = DEFINITIONAL_REPRESENTATION('',(#9682),#9686);
#9682 = B_SPLINE_CURVE_WITH_KNOTS('',2,(#9683,#9684,#9685),
  .UNSPECIFIED.,.F.,.F.,(3,3),(0.,1.),.PIECEWISE_BEZIER_KNOTS.);
#9683 = CARTESIAN_POINT('',(1.0087890625,0.90185546875));
#9684 = CARTESIAN_POINT('',(0.939453125,0.818359375));
#9685 = CARTESIAN_POINT('',(0.8115234375,0.7861328125));
#9686 = ( GEOMETRIC_REPRESENTATION_CONTEXT(2) 
PARAMETRIC_REPRESENTATION_CONTEXT() REPRESENTATION_CONTEXT('2D SPACE',''
  ) );
#9687 = ORIENTED_EDGE('',*,*,#9688,.F.);
#9688 = EDGE_CURVE('',#2961,#9661,#9689,.T.);
#9689 = SURFACE_CURVE('',#9690,(#9694,#9701),.PCURVE_S1.);
#9690 = LINE('',#9691,#9692);
#9691 = CARTESIAN_POINT('',(1.12939453125,4.09375,6.));
#9692 = VECTOR('',#9693,1.);
#9693 = DIRECTION('',(0.,0.,1.));
#9694 = PCURVE('',#2976,#9695);
#9695 = DEFINITIONAL_REPRESENTATION('',(#9696),#9700);
#9696 = LINE('',#9697,#9698);
#9697 = CARTESIAN_POINT('',(1.,0.));
#9698 = VECTOR('',#9699,1.);
#9699 = DIRECTION('',(0.,-1.));
#9700 = ( GEOMETRIC_REPRESENTATION_CONTEXT(2) 
PARAMETRIC_REPRESENTATION_CONTEXT() REPRESENTATION_CONTEXT('2D SPACE',''
  ) );
#9701 = PCURVE('',#3006,#9702);
#9702 = DEFINITIONAL_REPRESENTATION('',(#9703),#9707);
#9703 = LINE('',#9704,#9705);
#9704 = CARTESIAN_POINT('',(0.,0.));
#9705 = VECTOR('',#9706,1.);
#9706 = DIRECTION('',(0.,-1.));
#9707 = ( GEOMETRIC_REPRESENTATION_CONTEXT(2) 
PARAMETRIC_REPRESENTATION_CONTEXT() REPRESENTATION_CONTEXT('2D SPACE',''
  ) );
#9708 = ORIENTED_EDGE('',*,*,#2958,.F.);
#9709 = ADVANCED_FACE('',(#9710),#3804,.T.);
#9710 = FACE_BOUND('',#9711,.T.);
#9711 = EDGE_LOOP('',(#9712,#9735,#9756,#9757));
#9712 = ORIENTED_EDGE('',*,*,#9713,.T.);
#9713 = EDGE_CURVE('',#3761,#9714,#9716,.T.);
#9714 = VERTEX_POINT('',#9715);
#9715 = CARTESIAN_POINT('',(1.39599609375,4.4140625,6.45));
#9716 = SURFACE_CURVE('',#9717,(#9721,#9728),.PCURVE_S1.);
#9717 = LINE('',#9718,#9719);
#9718 = CARTESIAN_POINT('',(1.39599609375,4.4140625,6.));
#9719 = VECTOR('',#9720,1.);
#9720 = DIRECTION('',(0.,0.,1.));
#9721 = PCURVE('',#3804,#9722);
#9722 = DEFINITIONAL_REPRESENTATION('',(#9723),#9727);
#9723 = LINE('',#9724,#9725);
#9724 = CARTESIAN_POINT('',(0.,0.));
#9725 = VECTOR('',#9726,1.);
#9726 = DIRECTION('',(0.,-1.));
#9727 = ( GEOMETRIC_REPRESENTATION_CONTEXT(2) 
PARAMETRIC_REPRESENTATION_CONTEXT() REPRESENTATION_CONTEXT('2D SPACE',''
  ) );
#9728 = PCURVE('',#3776,#9729);
#9729 = DEFINITIONAL_REPRESENTATION('',(#9730),#9734);
#9730 = LINE('',#9731,#9732);
#9731 = CARTESIAN_POINT('',(1.,0.));
#9732 = VECTOR('',#9733,1.);
#9733 = DIRECTION('',(0.,-1.));
#9734 = ( GEOMETRIC_REPRESENTATION_CONTEXT(2) 
PARAMETRIC_REPRESENTATION_CONTEXT() REPRESENTATION_CONTEXT('2D SPACE',''
  ) );
#9735 = ORIENTED_EDGE('',*,*,#9736,.T.);
#9736 = EDGE_CURVE('',#9714,#9638,#9737,.T.);
#9737 = SURFACE_CURVE('',#9738,(#9742,#9749),.PCURVE_S1.);
#9738 = B_SPLINE_CURVE_WITH_KNOTS('',2,(#9739,#9740,#9741),
  .UNSPECIFIED.,.F.,.F.,(3,3),(0.,1.),.PIECEWISE_BEZIER_KNOTS.);
#9739 = CARTESIAN_POINT('',(1.39599609375,4.4140625,6.45));
#9740 = CARTESIAN_POINT('',(1.39599609375,4.29296875,6.45));
#9741 = CARTESIAN_POINT('',(1.32666015625,4.20947265625,6.45));
#9742 = PCURVE('',#3804,#9743);
#9743 = DEFINITIONAL_REPRESENTATION('',(#9744),#9748);
#9744 = LINE('',#9745,#9746);
#9745 = CARTESIAN_POINT('',(0.,-0.45));
#9746 = VECTOR('',#9747,1.);
#9747 = DIRECTION('',(1.,0.));
#9748 = ( GEOMETRIC_REPRESENTATION_CONTEXT(2) 
PARAMETRIC_REPRESENTATION_CONTEXT() REPRESENTATION_CONTEXT('2D SPACE',''
  ) );
#9749 = PCURVE('',#9676,#9750);
#9750 = DEFINITIONAL_REPRESENTATION('',(#9751),#9755);
#9751 = B_SPLINE_CURVE_WITH_KNOTS('',2,(#9752,#9753,#9754),
  .UNSPECIFIED.,.F.,.F.,(3,3),(0.,1.),.PIECEWISE_BEZIER_KNOTS.);
#9752 = CARTESIAN_POINT('',(1.078125,1.1064453125));
#9753 = CARTESIAN_POINT('',(1.078125,0.9853515625));
#9754 = CARTESIAN_POINT('',(1.0087890625,0.90185546875));
#9755 = ( GEOMETRIC_REPRESENTATION_CONTEXT(2) 
PARAMETRIC_REPRESENTATION_CONTEXT() REPRESENTATION_CONTEXT('2D SPACE',''
  ) );
#9756 = ORIENTED_EDGE('',*,*,#9637,.F.);
#9757 = ORIENTED_EDGE('',*,*,#3790,.F.);
#9758 = ADVANCED_FACE('',(#9759),#3006,.T.);
#9759 = FACE_BOUND('',#9760,.T.);
#9760 = EDGE_LOOP('',(#9761,#9762,#9785,#9806));
#9761 = ORIENTED_EDGE('',*,*,#9688,.T.);
#9762 = ORIENTED_EDGE('',*,*,#9763,.T.);
#9763 = EDGE_CURVE('',#9661,#9764,#9766,.T.);
#9764 = VERTEX_POINT('',#9765);
#9765 = CARTESIAN_POINT('',(1.3505859375,3.9677734375,6.45));
#9766 = SURFACE_CURVE('',#9767,(#9771,#9778),.PCURVE_S1.);
#9767 = B_SPLINE_CURVE_WITH_KNOTS('',2,(#9768,#9769,#9770),
  .UNSPECIFIED.,.F.,.F.,(3,3),(0.,1.),.PIECEWISE_BEZIER_KNOTS.);
#9768 = CARTESIAN_POINT('',(1.12939453125,4.09375,6.45));
#9769 = CARTESIAN_POINT('',(1.27099609375,4.0634765625,6.45));
#9770 = CARTESIAN_POINT('',(1.3505859375,3.9677734375,6.45));
#9771 = PCURVE('',#3006,#9772);
#9772 = DEFINITIONAL_REPRESENTATION('',(#9773),#9777);
#9773 = LINE('',#9774,#9775);
#9774 = CARTESIAN_POINT('',(0.,-0.45));
#9775 = VECTOR('',#9776,1.);
#9776 = DIRECTION('',(1.,0.));
#9777 = ( GEOMETRIC_REPRESENTATION_CONTEXT(2) 
PARAMETRIC_REPRESENTATION_CONTEXT() REPRESENTATION_CONTEXT('2D SPACE',''
  ) );
#9778 = PCURVE('',#9676,#9779);
#9779 = DEFINITIONAL_REPRESENTATION('',(#9780),#9784);
#9780 = B_SPLINE_CURVE_WITH_KNOTS('',2,(#9781,#9782,#9783),
  .UNSPECIFIED.,.F.,.F.,(3,3),(0.,1.),.PIECEWISE_BEZIER_KNOTS.);
#9781 = CARTESIAN_POINT('',(0.8115234375,0.7861328125));
#9782 = CARTESIAN_POINT('',(0.953125,0.755859375));
#9783 = CARTESIAN_POINT('',(1.03271484375,0.66015625));
#9784 = ( GEOMETRIC_REPRESENTATION_CONTEXT(2) 
PARAMETRIC_REPRESENTATION_CONTEXT() REPRESENTATION_CONTEXT('2D SPACE',''
  ) );
#9785 = ORIENTED_EDGE('',*,*,#9786,.F.);
#9786 = EDGE_CURVE('',#2991,#9764,#9787,.T.);
#9787 = SURFACE_CURVE('',#9788,(#9792,#9799),.PCURVE_S1.);
#9788 = LINE('',#9789,#9790);
#9789 = CARTESIAN_POINT('',(1.3505859375,3.9677734375,6.));
#9790 = VECTOR('',#9791,1.);
#9791 = DIRECTION('',(0.,0.,1.));
#9792 = PCURVE('',#3006,#9793);
#9793 = DEFINITIONAL_REPRESENTATION('',(#9794),#9798);
#9794 = LINE('',#9795,#9796);
#9795 = CARTESIAN_POINT('',(1.,0.));
#9796 = VECTOR('',#9797,1.);
#9797 = DIRECTION('',(0.,-1.));
#9798 = ( GEOMETRIC_REPRESENTATION_CONTEXT(2) 
PARAMETRIC_REPRESENTATION_CONTEXT() REPRESENTATION_CONTEXT('2D SPACE',''
  ) );
#9799 = PCURVE('',#3036,#9800);
#9800 = DEFINITIONAL_REPRESENTATION('',(#9801),#9805);
#9801 = LINE('',#9802,#9803);
#9802 = CARTESIAN_POINT('',(0.,0.));
#9803 = VECTOR('',#9804,1.);
#9804 = DIRECTION('',(0.,-1.));
#9805 = ( GEOMETRIC_REPRESENTATION_CONTEXT(2) 
PARAMETRIC_REPRESENTATION_CONTEXT() REPRESENTATION_CONTEXT('2D SPACE',''
  ) );
#9806 = ORIENTED_EDGE('',*,*,#2990,.F.);
#9807 = ADVANCED_FACE('',(#9808),#3776,.T.);
#9808 = FACE_BOUND('',#9809,.T.);
#9809 = EDGE_LOOP('',(#9810,#9833,#9854,#9855));
#9810 = ORIENTED_EDGE('',*,*,#9811,.T.);
#9811 = EDGE_CURVE('',#3731,#9812,#9814,.T.);
#9812 = VERTEX_POINT('',#9813);
#9813 = CARTESIAN_POINT('',(1.26513671875,4.68994140625,6.45));
#9814 = SURFACE_CURVE('',#9815,(#9819,#9826),.PCURVE_S1.);
#9815 = LINE('',#9816,#9817);
#9816 = CARTESIAN_POINT('',(1.26513671875,4.68994140625,6.));
#9817 = VECTOR('',#9818,1.);
#9818 = DIRECTION('',(0.,0.,1.));
#9819 = PCURVE('',#3776,#9820);
#9820 = DEFINITIONAL_REPRESENTATION('',(#9821),#9825);
#9821 = LINE('',#9822,#9823);
#9822 = CARTESIAN_POINT('',(0.,0.));
#9823 = VECTOR('',#9824,1.);
#9824 = DIRECTION('',(0.,-1.));
#9825 = ( GEOMETRIC_REPRESENTATION_CONTEXT(2) 
PARAMETRIC_REPRESENTATION_CONTEXT() REPRESENTATION_CONTEXT('2D SPACE',''
  ) );
#9826 = PCURVE('',#3746,#9827);
#9827 = DEFINITIONAL_REPRESENTATION('',(#9828),#9832);
#9828 = LINE('',#9829,#9830);
#9829 = CARTESIAN_POINT('',(1.,0.));
#9830 = VECTOR('',#9831,1.);
#9831 = DIRECTION('',(0.,-1.));
#9832 = ( GEOMETRIC_REPRESENTATION_CONTEXT(2) 
PARAMETRIC_REPRESENTATION_CONTEXT() REPRESENTATION_CONTEXT('2D SPACE',''
  ) );
#9833 = ORIENTED_EDGE('',*,*,#9834,.T.);
#9834 = EDGE_CURVE('',#9812,#9714,#9835,.T.);
#9835 = SURFACE_CURVE('',#9836,(#9840,#9847),.PCURVE_S1.);
#9836 = B_SPLINE_CURVE_WITH_KNOTS('',2,(#9837,#9838,#9839),
  .UNSPECIFIED.,.F.,.F.,(3,3),(0.,1.),.PIECEWISE_BEZIER_KNOTS.);
#9837 = CARTESIAN_POINT('',(1.26513671875,4.68994140625,6.45));
#9838 = CARTESIAN_POINT('',(1.39599609375,4.587890625,6.45));
#9839 = CARTESIAN_POINT('',(1.39599609375,4.4140625,6.45));
#9840 = PCURVE('',#3776,#9841);
#9841 = DEFINITIONAL_REPRESENTATION('',(#9842),#9846);
#9842 = LINE('',#9843,#9844);
#9843 = CARTESIAN_POINT('',(0.,-0.45));
#9844 = VECTOR('',#9845,1.);
#9845 = DIRECTION('',(1.,0.));
#9846 = ( GEOMETRIC_REPRESENTATION_CONTEXT(2) 
PARAMETRIC_REPRESENTATION_CONTEXT() REPRESENTATION_CONTEXT('2D SPACE',''
  ) );
#9847 = PCURVE('',#9676,#9848);
#9848 = DEFINITIONAL_REPRESENTATION('',(#9849),#9853);
#9849 = B_SPLINE_CURVE_WITH_KNOTS('',2,(#9850,#9851,#9852),
  .UNSPECIFIED.,.F.,.F.,(3,3),(0.,1.),.PIECEWISE_BEZIER_KNOTS.);
#9850 = CARTESIAN_POINT('',(0.947265625,1.38232421875));
#9851 = CARTESIAN_POINT('',(1.078125,1.2802734375));
#9852 = CARTESIAN_POINT('',(1.078125,1.1064453125));
#9853 = ( GEOMETRIC_REPRESENTATION_CONTEXT(2) 
PARAMETRIC_REPRESENTATION_CONTEXT() REPRESENTATION_CONTEXT('2D SPACE',''
  ) );
#9854 = ORIENTED_EDGE('',*,*,#9713,.F.);
#9855 = ORIENTED_EDGE('',*,*,#3760,.F.);
#9856 = ADVANCED_FACE('',(#9857),#3036,.T.);
#9857 = FACE_BOUND('',#9858,.T.);
#9858 = EDGE_LOOP('',(#9859,#9860,#9883,#9904));
#9859 = ORIENTED_EDGE('',*,*,#9786,.T.);
#9860 = ORIENTED_EDGE('',*,*,#9861,.T.);
#9861 = EDGE_CURVE('',#9764,#9862,#9864,.T.);
#9862 = VERTEX_POINT('',#9863);
#9863 = CARTESIAN_POINT('',(1.43017578125,3.7314453125,6.45));
#9864 = SURFACE_CURVE('',#9865,(#9869,#9876),.PCURVE_S1.);
#9865 = B_SPLINE_CURVE_WITH_KNOTS('',2,(#9866,#9867,#9868),
  .UNSPECIFIED.,.F.,.F.,(3,3),(0.,1.),.PIECEWISE_BEZIER_KNOTS.);
#9866 = CARTESIAN_POINT('',(1.3505859375,3.9677734375,6.45));
#9867 = CARTESIAN_POINT('',(1.43017578125,3.8720703125,6.45));
#9868 = CARTESIAN_POINT('',(1.43017578125,3.7314453125,6.45));
#9869 = PCURVE('',#3036,#9870);
#9870 = DEFINITIONAL_REPRESENTATION('',(#9871),#9875);
#9871 = LINE('',#9872,#9873);
#9872 = CARTESIAN_POINT('',(0.,-0.45));
#9873 = VECTOR('',#9874,1.);
#9874 = DIRECTION('',(1.,0.));
#9875 = ( GEOMETRIC_REPRESENTATION_CONTEXT(2) 
PARAMETRIC_REPRESENTATION_CONTEXT() REPRESENTATION_CONTEXT('2D SPACE',''
  ) );
#9876 = PCURVE('',#9676,#9877);
#9877 = DEFINITIONAL_REPRESENTATION('',(#9878),#9882);
#9878 = B_SPLINE_CURVE_WITH_KNOTS('',2,(#9879,#9880,#9881),
  .UNSPECIFIED.,.F.,.F.,(3,3),(0.,1.),.PIECEWISE_BEZIER_KNOTS.);
#9879 = CARTESIAN_POINT('',(1.03271484375,0.66015625));
#9880 = CARTESIAN_POINT('',(1.1123046875,0.564453125));
#9881 = CARTESIAN_POINT('',(1.1123046875,0.423828125));
#9882 = ( GEOMETRIC_REPRESENTATION_CONTEXT(2) 
PARAMETRIC_REPRESENTATION_CONTEXT() REPRESENTATION_CONTEXT('2D SPACE',''
  ) );
#9883 = ORIENTED_EDGE('',*,*,#9884,.F.);
#9884 = EDGE_CURVE('',#3021,#9862,#9885,.T.);
#9885 = SURFACE_CURVE('',#9886,(#9890,#9897),.PCURVE_S1.);
#9886 = LINE('',#9887,#9888);
#9887 = CARTESIAN_POINT('',(1.43017578125,3.7314453125,6.));
#9888 = VECTOR('',#9889,1.);
#9889 = DIRECTION('',(0.,0.,1.));
#9890 = PCURVE('',#3036,#9891);
#9891 = DEFINITIONAL_REPRESENTATION('',(#9892),#9896);
#9892 = LINE('',#9893,#9894);
#9893 = CARTESIAN_POINT('',(1.,0.));
#9894 = VECTOR('',#9895,1.);
#9895 = DIRECTION('',(0.,-1.));
#9896 = ( GEOMETRIC_REPRESENTATION_CONTEXT(2) 
PARAMETRIC_REPRESENTATION_CONTEXT() REPRESENTATION_CONTEXT('2D SPACE',''
  ) );
#9897 = PCURVE('',#3066,#9898);
#9898 = DEFINITIONAL_REPRESENTATION('',(#9899),#9903);
#9899 = LINE('',#9900,#9901);
#9900 = CARTESIAN_POINT('',(0.,0.));
#9901 = VECTOR('',#9902,1.);
#9902 = DIRECTION('',(0.,-1.));
#9903 = ( GEOMETRIC_REPRESENTATION_CONTEXT(2) 
PARAMETRIC_REPRESENTATION_CONTEXT() REPRESENTATION_CONTEXT('2D SPACE',''
  ) );
#9904 = ORIENTED_EDGE('',*,*,#3020,.F.);
#9905 = ADVANCED_FACE('',(#9906),#3746,.T.);
#9906 = FACE_BOUND('',#9907,.T.);
#9907 = EDGE_LOOP('',(#9908,#9931,#9952,#9953));
#9908 = ORIENTED_EDGE('',*,*,#9909,.T.);
#9909 = EDGE_CURVE('',#3701,#9910,#9912,.T.);
#9910 = VERTEX_POINT('',#9911);
#9911 = CARTESIAN_POINT('',(0.90966796875,4.7919921875,6.45));
#9912 = SURFACE_CURVE('',#9913,(#9917,#9924),.PCURVE_S1.);
#9913 = LINE('',#9914,#9915);
#9914 = CARTESIAN_POINT('',(0.90966796875,4.7919921875,6.));
#9915 = VECTOR('',#9916,1.);
#9916 = DIRECTION('',(0.,0.,1.));
#9917 = PCURVE('',#3746,#9918);
#9918 = DEFINITIONAL_REPRESENTATION('',(#9919),#9923);
#9919 = LINE('',#9920,#9921);
#9920 = CARTESIAN_POINT('',(0.,0.));
#9921 = VECTOR('',#9922,1.);
#9922 = DIRECTION('',(0.,-1.));
#9923 = ( GEOMETRIC_REPRESENTATION_CONTEXT(2) 
PARAMETRIC_REPRESENTATION_CONTEXT() REPRESENTATION_CONTEXT('2D SPACE',''
  ) );
#9924 = PCURVE('',#3716,#9925);
#9925 = DEFINITIONAL_REPRESENTATION('',(#9926),#9930);
#9926 = LINE('',#9927,#9928);
#9927 = CARTESIAN_POINT('',(1.,0.));
#9928 = VECTOR('',#9929,1.);
#9929 = DIRECTION('',(0.,-1.));
#9930 = ( GEOMETRIC_REPRESENTATION_CONTEXT(2) 
PARAMETRIC_REPRESENTATION_CONTEXT() REPRESENTATION_CONTEXT('2D SPACE',''
  ) );
#9931 = ORIENTED_EDGE('',*,*,#9932,.T.);
#9932 = EDGE_CURVE('',#9910,#9812,#9933,.T.);
#9933 = SURFACE_CURVE('',#9934,(#9938,#9945),.PCURVE_S1.);
#9934 = B_SPLINE_CURVE_WITH_KNOTS('',2,(#9935,#9936,#9937),
  .UNSPECIFIED.,.F.,.F.,(3,3),(0.,1.),.PIECEWISE_BEZIER_KNOTS.);
#9935 = CARTESIAN_POINT('',(0.90966796875,4.7919921875,6.45));
#9936 = CARTESIAN_POINT('',(1.13427734375,4.7919921875,6.45));
#9937 = CARTESIAN_POINT('',(1.26513671875,4.68994140625,6.45));
#9938 = PCURVE('',#3746,#9939);
#9939 = DEFINITIONAL_REPRESENTATION('',(#9940),#9944);
#9940 = LINE('',#9941,#9942);
#9941 = CARTESIAN_POINT('',(0.,-0.45));
#9942 = VECTOR('',#9943,1.);
#9943 = DIRECTION('',(1.,0.));
#9944 = ( GEOMETRIC_REPRESENTATION_CONTEXT(2) 
PARAMETRIC_REPRESENTATION_CONTEXT() REPRESENTATION_CONTEXT('2D SPACE',''
  ) );
#9945 = PCURVE('',#9676,#9946);
#9946 = DEFINITIONAL_REPRESENTATION('',(#9947),#9951);
#9947 = B_SPLINE_CURVE_WITH_KNOTS('',2,(#9948,#9949,#9950),
  .UNSPECIFIED.,.F.,.F.,(3,3),(0.,1.),.PIECEWISE_BEZIER_KNOTS.);
#9948 = CARTESIAN_POINT('',(0.591796875,1.484375));
#9949 = CARTESIAN_POINT('',(0.81640625,1.484375));
#9950 = CARTESIAN_POINT('',(0.947265625,1.38232421875));
#9951 = ( GEOMETRIC_REPRESENTATION_CONTEXT(2) 
PARAMETRIC_REPRESENTATION_CONTEXT() REPRESENTATION_CONTEXT('2D SPACE',''
  ) );
#9952 = ORIENTED_EDGE('',*,*,#9811,.F.);
#9953 = ORIENTED_EDGE('',*,*,#3730,.F.);
#9954 = ADVANCED_FACE('',(#9955),#3066,.T.);
#9955 = FACE_BOUND('',#9956,.T.);
#9956 = EDGE_LOOP('',(#9957,#9958,#9981,#10002));
#9957 = ORIENTED_EDGE('',*,*,#9884,.T.);
#9958 = ORIENTED_EDGE('',*,*,#9959,.T.);
#9959 = EDGE_CURVE('',#9862,#9960,#9962,.T.);
#9960 = VERTEX_POINT('',#9961);
#9961 = CARTESIAN_POINT('',(1.28173828125,3.3974609375,6.45));
#9962 = SURFACE_CURVE('',#9963,(#9967,#9974),.PCURVE_S1.);
#9963 = B_SPLINE_CURVE_WITH_KNOTS('',2,(#9964,#9965,#9966),
  .UNSPECIFIED.,.F.,.F.,(3,3),(0.,1.),.PIECEWISE_BEZIER_KNOTS.);
#9964 = CARTESIAN_POINT('',(1.43017578125,3.7314453125,6.45));
#9965 = CARTESIAN_POINT('',(1.43017578125,3.515625,6.45));
#9966 = CARTESIAN_POINT('',(1.28173828125,3.3974609375,6.45));
#9967 = PCURVE('',#3066,#9968);
#9968 = DEFINITIONAL_REPRESENTATION('',(#9969),#9973);
#9969 = LINE('',#9970,#9971);
#9970 = CARTESIAN_POINT('',(0.,-0.45));
#9971 = VECTOR('',#9972,1.);
#9972 = DIRECTION('',(1.,0.));
#9973 = ( GEOMETRIC_REPRESENTATION_CONTEXT(2) 
PARAMETRIC_REPRESENTATION_CONTEXT() REPRESENTATION_CONTEXT('2D SPACE',''
  ) );
#9974 = PCURVE('',#9676,#9975);
#9975 = DEFINITIONAL_REPRESENTATION('',(#9976),#9980);
#9976 = B_SPLINE_CURVE_WITH_KNOTS('',2,(#9977,#9978,#9979),
  .UNSPECIFIED.,.F.,.F.,(3,3),(0.,1.),.PIECEWISE_BEZIER_KNOTS.);
#9977 = CARTESIAN_POINT('',(1.1123046875,0.423828125));
#9978 = CARTESIAN_POINT('',(1.1123046875,0.2080078125));
#9979 = CARTESIAN_POINT('',(0.9638671875,8.984375E-02));
#9980 = ( GEOMETRIC_REPRESENTATION_CONTEXT(2) 
PARAMETRIC_REPRESENTATION_CONTEXT() REPRESENTATION_CONTEXT('2D SPACE',''
  ) );
#9981 = ORIENTED_EDGE('',*,*,#9982,.F.);
#9982 = EDGE_CURVE('',#3051,#9960,#9983,.T.);
#9983 = SURFACE_CURVE('',#9984,(#9988,#9995),.PCURVE_S1.);
#9984 = LINE('',#9985,#9986);
#9985 = CARTESIAN_POINT('',(1.28173828125,3.3974609375,6.));
#9986 = VECTOR('',#9987,1.);
#9987 = DIRECTION('',(0.,0.,1.));
#9988 = PCURVE('',#3066,#9989);
#9989 = DEFINITIONAL_REPRESENTATION('',(#9990),#9994);
#9990 = LINE('',#9991,#9992);
#9991 = CARTESIAN_POINT('',(1.,0.));
#9992 = VECTOR('',#9993,1.);
#9993 = DIRECTION('',(0.,-1.));
#9994 = ( GEOMETRIC_REPRESENTATION_CONTEXT(2) 
PARAMETRIC_REPRESENTATION_CONTEXT() REPRESENTATION_CONTEXT('2D SPACE',''
  ) );
#9995 = PCURVE('',#3096,#9996);
#9996 = DEFINITIONAL_REPRESENTATION('',(#9997),#10001);
#9997 = LINE('',#9998,#9999);
#9998 = CARTESIAN_POINT('',(0.,0.));
#9999 = VECTOR('',#10000,1.);
#10000 = DIRECTION('',(0.,-1.));
#10001 = ( GEOMETRIC_REPRESENTATION_CONTEXT(2) 
PARAMETRIC_REPRESENTATION_CONTEXT() REPRESENTATION_CONTEXT('2D SPACE',''
  ) );
#10002 = ORIENTED_EDGE('',*,*,#3050,.F.);
#10003 = ADVANCED_FACE('',(#10004),#3716,.T.);
#10004 = FACE_BOUND('',#10005,.T.);
#10005 = EDGE_LOOP('',(#10006,#10029,#10050,#10051));
#10006 = ORIENTED_EDGE('',*,*,#10007,.T.);
#10007 = EDGE_CURVE('',#3671,#10008,#10010,.T.);
#10008 = VERTEX_POINT('',#10009);
#10009 = CARTESIAN_POINT('',(0.724609375,4.7763671875,6.45));
#10010 = SURFACE_CURVE('',#10011,(#10015,#10022),.PCURVE_S1.);
#10011 = LINE('',#10012,#10013);
#10012 = CARTESIAN_POINT('',(0.724609375,4.7763671875,6.));
#10013 = VECTOR('',#10014,1.);
#10014 = DIRECTION('',(0.,0.,1.));
#10015 = PCURVE('',#3716,#10016);
#10016 = DEFINITIONAL_REPRESENTATION('',(#10017),#10021);
#10017 = LINE('',#10018,#10019);
#10018 = CARTESIAN_POINT('',(0.,0.));
#10019 = VECTOR('',#10020,1.);
#10020 = DIRECTION('',(0.,-1.));
#10021 = ( GEOMETRIC_REPRESENTATION_CONTEXT(2) 
PARAMETRIC_REPRESENTATION_CONTEXT() REPRESENTATION_CONTEXT('2D SPACE',''
  ) );
#10022 = PCURVE('',#3686,#10023);
#10023 = DEFINITIONAL_REPRESENTATION('',(#10024),#10028);
#10024 = LINE('',#10025,#10026);
#10025 = CARTESIAN_POINT('',(1.,0.));
#10026 = VECTOR('',#10027,1.);
#10027 = DIRECTION('',(0.,-1.));
#10028 = ( GEOMETRIC_REPRESENTATION_CONTEXT(2) 
PARAMETRIC_REPRESENTATION_CONTEXT() REPRESENTATION_CONTEXT('2D SPACE',''
  ) );
#10029 = ORIENTED_EDGE('',*,*,#10030,.T.);
#10030 = EDGE_CURVE('',#10008,#9910,#10031,.T.);
#10031 = SURFACE_CURVE('',#10032,(#10036,#10043),.PCURVE_S1.);
#10032 = B_SPLINE_CURVE_WITH_KNOTS('',2,(#10033,#10034,#10035),
  .UNSPECIFIED.,.F.,.F.,(3,3),(0.,1.),.PIECEWISE_BEZIER_KNOTS.);
#10033 = CARTESIAN_POINT('',(0.724609375,4.7763671875,6.45));
#10034 = CARTESIAN_POINT('',(0.82275390625,4.7919921875,6.45));
#10035 = CARTESIAN_POINT('',(0.90966796875,4.7919921875,6.45));
#10036 = PCURVE('',#3716,#10037);
#10037 = DEFINITIONAL_REPRESENTATION('',(#10038),#10042);
#10038 = LINE('',#10039,#10040);
#10039 = CARTESIAN_POINT('',(0.,-0.45));
#10040 = VECTOR('',#10041,1.);
#10041 = DIRECTION('',(1.,0.));
#10042 = ( GEOMETRIC_REPRESENTATION_CONTEXT(2) 
PARAMETRIC_REPRESENTATION_CONTEXT() REPRESENTATION_CONTEXT('2D SPACE',''
  ) );
#10043 = PCURVE('',#9676,#10044);
#10044 = DEFINITIONAL_REPRESENTATION('',(#10045),#10049);
#10045 = B_SPLINE_CURVE_WITH_KNOTS('',2,(#10046,#10047,#10048),
  .UNSPECIFIED.,.F.,.F.,(3,3),(0.,1.),.PIECEWISE_BEZIER_KNOTS.);
#10046 = CARTESIAN_POINT('',(0.40673828125,1.46875));
#10047 = CARTESIAN_POINT('',(0.5048828125,1.484375));
#10048 = CARTESIAN_POINT('',(0.591796875,1.484375));
#10049 = ( GEOMETRIC_REPRESENTATION_CONTEXT(2) 
PARAMETRIC_REPRESENTATION_CONTEXT() REPRESENTATION_CONTEXT('2D SPACE',''
  ) );
#10050 = ORIENTED_EDGE('',*,*,#9909,.F.);
#10051 = ORIENTED_EDGE('',*,*,#3700,.F.);
#10052 = ADVANCED_FACE('',(#10053),#3096,.T.);
#10053 = FACE_BOUND('',#10054,.T.);
#10054 = EDGE_LOOP('',(#10055,#10056,#10079,#10100));
#10055 = ORIENTED_EDGE('',*,*,#9982,.T.);
#10056 = ORIENTED_EDGE('',*,*,#10057,.T.);
#10057 = EDGE_CURVE('',#9960,#10058,#10060,.T.);
#10058 = VERTEX_POINT('',#10059);
#10059 = CARTESIAN_POINT('',(0.85986328125,3.279296875,6.45));
#10060 = SURFACE_CURVE('',#10061,(#10065,#10072),.PCURVE_S1.);
#10061 = B_SPLINE_CURVE_WITH_KNOTS('',2,(#10062,#10063,#10064),
  .UNSPECIFIED.,.F.,.F.,(3,3),(0.,1.),.PIECEWISE_BEZIER_KNOTS.);
#10062 = CARTESIAN_POINT('',(1.28173828125,3.3974609375,6.45));
#10063 = CARTESIAN_POINT('',(1.13330078125,3.279296875,6.45));
#10064 = CARTESIAN_POINT('',(0.85986328125,3.279296875,6.45));
#10065 = PCURVE('',#3096,#10066);
#10066 = DEFINITIONAL_REPRESENTATION('',(#10067),#10071);
#10067 = LINE('',#10068,#10069);
#10068 = CARTESIAN_POINT('',(0.,-0.45));
#10069 = VECTOR('',#10070,1.);
#10070 = DIRECTION('',(1.,0.));
#10071 = ( GEOMETRIC_REPRESENTATION_CONTEXT(2) 
PARAMETRIC_REPRESENTATION_CONTEXT() REPRESENTATION_CONTEXT('2D SPACE',''
  ) );
#10072 = PCURVE('',#9676,#10073);
#10073 = DEFINITIONAL_REPRESENTATION('',(#10074),#10078);
#10074 = B_SPLINE_CURVE_WITH_KNOTS('',2,(#10075,#10076,#10077),
  .UNSPECIFIED.,.F.,.F.,(3,3),(0.,1.),.PIECEWISE_BEZIER_KNOTS.);
#10075 = CARTESIAN_POINT('',(0.9638671875,8.984375E-02));
#10076 = CARTESIAN_POINT('',(0.8154296875,-2.83203125E-02));
#10077 = CARTESIAN_POINT('',(0.5419921875,-2.83203125E-02));
#10078 = ( GEOMETRIC_REPRESENTATION_CONTEXT(2) 
PARAMETRIC_REPRESENTATION_CONTEXT() REPRESENTATION_CONTEXT('2D SPACE',''
  ) );
#10079 = ORIENTED_EDGE('',*,*,#10080,.F.);
#10080 = EDGE_CURVE('',#3081,#10058,#10081,.T.);
#10081 = SURFACE_CURVE('',#10082,(#10086,#10093),.PCURVE_S1.);
#10082 = LINE('',#10083,#10084);
#10083 = CARTESIAN_POINT('',(0.85986328125,3.279296875,6.));
#10084 = VECTOR('',#10085,1.);
#10085 = DIRECTION('',(0.,0.,1.));
#10086 = PCURVE('',#3096,#10087);
#10087 = DEFINITIONAL_REPRESENTATION('',(#10088),#10092);
#10088 = LINE('',#10089,#10090);
#10089 = CARTESIAN_POINT('',(1.,0.));
#10090 = VECTOR('',#10091,1.);
#10091 = DIRECTION('',(0.,-1.));
#10092 = ( GEOMETRIC_REPRESENTATION_CONTEXT(2) 
PARAMETRIC_REPRESENTATION_CONTEXT() REPRESENTATION_CONTEXT('2D SPACE',''
  ) );
#10093 = PCURVE('',#3126,#10094);
#10094 = DEFINITIONAL_REPRESENTATION('',(#10095),#10099);
#10095 = LINE('',#10096,#10097);
#10096 = CARTESIAN_POINT('',(0.,0.));
#10097 = VECTOR('',#10098,1.);
#10098 = DIRECTION('',(0.,-1.));
#10099 = ( GEOMETRIC_REPRESENTATION_CONTEXT(2) 
PARAMETRIC_REPRESENTATION_CONTEXT() REPRESENTATION_CONTEXT('2D SPACE',''
  ) );
#10100 = ORIENTED_EDGE('',*,*,#3080,.F.);
#10101 = ADVANCED_FACE('',(#10102),#3686,.T.);
#10102 = FACE_BOUND('',#10103,.T.);
#10103 = EDGE_LOOP('',(#10104,#10127,#10148,#10149));
#10104 = ORIENTED_EDGE('',*,*,#10105,.T.);
#10105 = EDGE_CURVE('',#3643,#10106,#10108,.T.);
#10106 = VERTEX_POINT('',#10107);
#10107 = CARTESIAN_POINT('',(0.51416015625,4.7294921875,6.45));
#10108 = SURFACE_CURVE('',#10109,(#10113,#10120),.PCURVE_S1.);
#10109 = LINE('',#10110,#10111);
#10110 = CARTESIAN_POINT('',(0.51416015625,4.7294921875,6.));
#10111 = VECTOR('',#10112,1.);
#10112 = DIRECTION('',(0.,0.,1.));
#10113 = PCURVE('',#3686,#10114);
#10114 = DEFINITIONAL_REPRESENTATION('',(#10115),#10119);
#10115 = LINE('',#10116,#10117);
#10116 = CARTESIAN_POINT('',(0.,0.));
#10117 = VECTOR('',#10118,1.);
#10118 = DIRECTION('',(0.,-1.));
#10119 = ( GEOMETRIC_REPRESENTATION_CONTEXT(2) 
PARAMETRIC_REPRESENTATION_CONTEXT() REPRESENTATION_CONTEXT('2D SPACE',''
  ) );
#10120 = PCURVE('',#3658,#10121);
#10121 = DEFINITIONAL_REPRESENTATION('',(#10122),#10126);
#10122 = LINE('',#10123,#10124);
#10123 = CARTESIAN_POINT('',(0.17578125,0.));
#10124 = VECTOR('',#10125,1.);
#10125 = DIRECTION('',(0.,-1.));
#10126 = ( GEOMETRIC_REPRESENTATION_CONTEXT(2) 
PARAMETRIC_REPRESENTATION_CONTEXT() REPRESENTATION_CONTEXT('2D SPACE',''
  ) );
#10127 = ORIENTED_EDGE('',*,*,#10128,.T.);
#10128 = EDGE_CURVE('',#10106,#10008,#10129,.T.);
#10129 = SURFACE_CURVE('',#10130,(#10134,#10141),.PCURVE_S1.);
#10130 = B_SPLINE_CURVE_WITH_KNOTS('',2,(#10131,#10132,#10133),
  .UNSPECIFIED.,.F.,.F.,(3,3),(0.,1.),.PIECEWISE_BEZIER_KNOTS.);
#10131 = CARTESIAN_POINT('',(0.51416015625,4.7294921875,6.45));
#10132 = CARTESIAN_POINT('',(0.62646484375,4.7607421875,6.45));
#10133 = CARTESIAN_POINT('',(0.724609375,4.7763671875,6.45));
#10134 = PCURVE('',#3686,#10135);
#10135 = DEFINITIONAL_REPRESENTATION('',(#10136),#10140);
#10136 = LINE('',#10137,#10138);
#10137 = CARTESIAN_POINT('',(0.,-0.45));
#10138 = VECTOR('',#10139,1.);
#10139 = DIRECTION('',(1.,0.));
#10140 = ( GEOMETRIC_REPRESENTATION_CONTEXT(2) 
PARAMETRIC_REPRESENTATION_CONTEXT() REPRESENTATION_CONTEXT('2D SPACE',''
  ) );
#10141 = PCURVE('',#9676,#10142);
#10142 = DEFINITIONAL_REPRESENTATION('',(#10143),#10147);
#10143 = B_SPLINE_CURVE_WITH_KNOTS('',2,(#10144,#10145,#10146),
  .UNSPECIFIED.,.F.,.F.,(3,3),(0.,1.),.PIECEWISE_BEZIER_KNOTS.);
#10144 = CARTESIAN_POINT('',(0.1962890625,1.421875));
#10145 = CARTESIAN_POINT('',(0.30859375,1.453125));
#10146 = CARTESIAN_POINT('',(0.40673828125,1.46875));
#10147 = ( GEOMETRIC_REPRESENTATION_CONTEXT(2) 
PARAMETRIC_REPRESENTATION_CONTEXT() REPRESENTATION_CONTEXT('2D SPACE',''
  ) );
#10148 = ORIENTED_EDGE('',*,*,#10007,.F.);
#10149 = ORIENTED_EDGE('',*,*,#3670,.F.);
#10150 = ADVANCED_FACE('',(#10151),#3126,.T.);
#10151 = FACE_BOUND('',#10152,.T.);
#10152 = EDGE_LOOP('',(#10153,#10154,#10177,#10198));
#10153 = ORIENTED_EDGE('',*,*,#10080,.T.);
#10154 = ORIENTED_EDGE('',*,*,#10155,.T.);
#10155 = EDGE_CURVE('',#10058,#10156,#10158,.T.);
#10156 = VERTEX_POINT('',#10157);
#10157 = CARTESIAN_POINT('',(0.6708984375,3.29736328125,6.45));
#10158 = SURFACE_CURVE('',#10159,(#10163,#10170),.PCURVE_S1.);
#10159 = B_SPLINE_CURVE_WITH_KNOTS('',2,(#10160,#10161,#10162),
  .UNSPECIFIED.,.F.,.F.,(3,3),(0.,1.),.PIECEWISE_BEZIER_KNOTS.);
#10160 = CARTESIAN_POINT('',(0.85986328125,3.279296875,6.45));
#10161 = CARTESIAN_POINT('',(0.76806640625,3.279296875,6.45));
#10162 = CARTESIAN_POINT('',(0.6708984375,3.29736328125,6.45));
#10163 = PCURVE('',#3126,#10164);
#10164 = DEFINITIONAL_REPRESENTATION('',(#10165),#10169);
#10165 = LINE('',#10166,#10167);
#10166 = CARTESIAN_POINT('',(0.,-0.45));
#10167 = VECTOR('',#10168,1.);
#10168 = DIRECTION('',(1.,0.));
#10169 = ( GEOMETRIC_REPRESENTATION_CONTEXT(2) 
PARAMETRIC_REPRESENTATION_CONTEXT() REPRESENTATION_CONTEXT('2D SPACE',''
  ) );
#10170 = PCURVE('',#9676,#10171);
#10171 = DEFINITIONAL_REPRESENTATION('',(#10172),#10176);
#10172 = B_SPLINE_CURVE_WITH_KNOTS('',2,(#10173,#10174,#10175),
  .UNSPECIFIED.,.F.,.F.,(3,3),(0.,1.),.PIECEWISE_BEZIER_KNOTS.);
#10173 = CARTESIAN_POINT('',(0.5419921875,-2.83203125E-02));
#10174 = CARTESIAN_POINT('',(0.4501953125,-2.83203125E-02));
#10175 = CARTESIAN_POINT('',(0.35302734375,-1.025390625E-02));
#10176 = ( GEOMETRIC_REPRESENTATION_CONTEXT(2) 
PARAMETRIC_REPRESENTATION_CONTEXT() REPRESENTATION_CONTEXT('2D SPACE',''
  ) );
#10177 = ORIENTED_EDGE('',*,*,#10178,.F.);
#10178 = EDGE_CURVE('',#3111,#10156,#10179,.T.);
#10179 = SURFACE_CURVE('',#10180,(#10184,#10191),.PCURVE_S1.);
#10180 = LINE('',#10181,#10182);
#10181 = CARTESIAN_POINT('',(0.6708984375,3.29736328125,6.));
#10182 = VECTOR('',#10183,1.);
#10183 = DIRECTION('',(0.,0.,1.));
#10184 = PCURVE('',#3126,#10185);
#10185 = DEFINITIONAL_REPRESENTATION('',(#10186),#10190);
#10186 = LINE('',#10187,#10188);
#10187 = CARTESIAN_POINT('',(1.,0.));
#10188 = VECTOR('',#10189,1.);
#10189 = DIRECTION('',(0.,-1.));
#10190 = ( GEOMETRIC_REPRESENTATION_CONTEXT(2) 
PARAMETRIC_REPRESENTATION_CONTEXT() REPRESENTATION_CONTEXT('2D SPACE',''
  ) );
#10191 = PCURVE('',#3156,#10192);
#10192 = DEFINITIONAL_REPRESENTATION('',(#10193),#10197);
#10193 = LINE('',#10194,#10195);
#10194 = CARTESIAN_POINT('',(0.,0.));
#10195 = VECTOR('',#10196,1.);
#10196 = DIRECTION('',(0.,-1.));
#10197 = ( GEOMETRIC_REPRESENTATION_CONTEXT(2) 
PARAMETRIC_REPRESENTATION_CONTEXT() REPRESENTATION_CONTEXT('2D SPACE',''
  ) );
#10198 = ORIENTED_EDGE('',*,*,#3110,.F.);
#10199 = ADVANCED_FACE('',(#10200),#3658,.T.);
#10200 = FACE_BOUND('',#10201,.T.);
#10201 = EDGE_LOOP('',(#10202,#10225,#10246,#10247));
#10202 = ORIENTED_EDGE('',*,*,#10203,.T.);
#10203 = EDGE_CURVE('',#3613,#10204,#10206,.T.);
#10204 = VERTEX_POINT('',#10205);
#10205 = CARTESIAN_POINT('',(0.51416015625,4.5537109375,6.45));
#10206 = SURFACE_CURVE('',#10207,(#10211,#10218),.PCURVE_S1.);
#10207 = LINE('',#10208,#10209);
#10208 = CARTESIAN_POINT('',(0.51416015625,4.5537109375,6.));
#10209 = VECTOR('',#10210,1.);
#10210 = DIRECTION('',(0.,0.,1.));
#10211 = PCURVE('',#3658,#10212);
#10212 = DEFINITIONAL_REPRESENTATION('',(#10213),#10217);
#10213 = LINE('',#10214,#10215);
#10214 = CARTESIAN_POINT('',(0.,0.));
#10215 = VECTOR('',#10216,1.);
#10216 = DIRECTION('',(0.,-1.));
#10217 = ( GEOMETRIC_REPRESENTATION_CONTEXT(2) 
PARAMETRIC_REPRESENTATION_CONTEXT() REPRESENTATION_CONTEXT('2D SPACE',''
  ) );
#10218 = PCURVE('',#3628,#10219);
#10219 = DEFINITIONAL_REPRESENTATION('',(#10220),#10224);
#10220 = LINE('',#10221,#10222);
#10221 = CARTESIAN_POINT('',(1.,0.));
#10222 = VECTOR('',#10223,1.);
#10223 = DIRECTION('',(0.,-1.));
#10224 = ( GEOMETRIC_REPRESENTATION_CONTEXT(2) 
PARAMETRIC_REPRESENTATION_CONTEXT() REPRESENTATION_CONTEXT('2D SPACE',''
  ) );
#10225 = ORIENTED_EDGE('',*,*,#10226,.T.);
#10226 = EDGE_CURVE('',#10204,#10106,#10227,.T.);
#10227 = SURFACE_CURVE('',#10228,(#10232,#10239),.PCURVE_S1.);
#10228 = LINE('',#10229,#10230);
#10229 = CARTESIAN_POINT('',(0.51416015625,4.5537109375,6.45));
#10230 = VECTOR('',#10231,1.);
#10231 = DIRECTION('',(0.,1.,0.));
#10232 = PCURVE('',#3658,#10233);
#10233 = DEFINITIONAL_REPRESENTATION('',(#10234),#10238);
#10234 = LINE('',#10235,#10236);
#10235 = CARTESIAN_POINT('',(0.,-0.45));
#10236 = VECTOR('',#10237,1.);
#10237 = DIRECTION('',(1.,0.));
#10238 = ( GEOMETRIC_REPRESENTATION_CONTEXT(2) 
PARAMETRIC_REPRESENTATION_CONTEXT() REPRESENTATION_CONTEXT('2D SPACE',''
  ) );
#10239 = PCURVE('',#9676,#10240);
#10240 = DEFINITIONAL_REPRESENTATION('',(#10241),#10245);
#10241 = LINE('',#10242,#10243);
#10242 = CARTESIAN_POINT('',(0.1962890625,1.24609375));
#10243 = VECTOR('',#10244,1.);
#10244 = DIRECTION('',(0.,1.));
#10245 = ( GEOMETRIC_REPRESENTATION_CONTEXT(2) 
PARAMETRIC_REPRESENTATION_CONTEXT() REPRESENTATION_CONTEXT('2D SPACE',''
  ) );
#10246 = ORIENTED_EDGE('',*,*,#10105,.F.);
#10247 = ORIENTED_EDGE('',*,*,#3642,.F.);
#10248 = ADVANCED_FACE('',(#10249),#3156,.T.);
#10249 = FACE_BOUND('',#10250,.T.);
#10250 = EDGE_LOOP('',(#10251,#10252,#10275,#10296));
#10251 = ORIENTED_EDGE('',*,*,#10178,.T.);
#10252 = ORIENTED_EDGE('',*,*,#10253,.T.);
#10253 = EDGE_CURVE('',#10156,#10254,#10256,.T.);
#10254 = VERTEX_POINT('',#10255);
#10255 = CARTESIAN_POINT('',(0.47021484375,3.3515625,6.45));
#10256 = SURFACE_CURVE('',#10257,(#10261,#10268),.PCURVE_S1.);
#10257 = B_SPLINE_CURVE_WITH_KNOTS('',2,(#10258,#10259,#10260),
  .UNSPECIFIED.,.F.,.F.,(3,3),(0.,1.),.PIECEWISE_BEZIER_KNOTS.);
#10258 = CARTESIAN_POINT('',(0.6708984375,3.29736328125,6.45));
#10259 = CARTESIAN_POINT('',(0.57373046875,3.3154296875,6.45));
#10260 = CARTESIAN_POINT('',(0.47021484375,3.3515625,6.45));
#10261 = PCURVE('',#3156,#10262);
#10262 = DEFINITIONAL_REPRESENTATION('',(#10263),#10267);
#10263 = LINE('',#10264,#10265);
#10264 = CARTESIAN_POINT('',(0.,-0.45));
#10265 = VECTOR('',#10266,1.);
#10266 = DIRECTION('',(1.,0.));
#10267 = ( GEOMETRIC_REPRESENTATION_CONTEXT(2) 
PARAMETRIC_REPRESENTATION_CONTEXT() REPRESENTATION_CONTEXT('2D SPACE',''
  ) );
#10268 = PCURVE('',#9676,#10269);
#10269 = DEFINITIONAL_REPRESENTATION('',(#10270),#10274);
#10270 = B_SPLINE_CURVE_WITH_KNOTS('',2,(#10271,#10272,#10273),
  .UNSPECIFIED.,.F.,.F.,(3,3),(0.,1.),.PIECEWISE_BEZIER_KNOTS.);
#10271 = CARTESIAN_POINT('',(0.35302734375,-1.025390625E-02));
#10272 = CARTESIAN_POINT('',(0.255859375,7.8125E-03));
#10273 = CARTESIAN_POINT('',(0.15234375,4.39453125E-02));
#10274 = ( GEOMETRIC_REPRESENTATION_CONTEXT(2) 
PARAMETRIC_REPRESENTATION_CONTEXT() REPRESENTATION_CONTEXT('2D SPACE',''
  ) );
#10275 = ORIENTED_EDGE('',*,*,#10276,.F.);
#10276 = EDGE_CURVE('',#3141,#10254,#10277,.T.);
#10277 = SURFACE_CURVE('',#10278,(#10282,#10289),.PCURVE_S1.);
#10278 = LINE('',#10279,#10280);
#10279 = CARTESIAN_POINT('',(0.47021484375,3.3515625,6.));
#10280 = VECTOR('',#10281,1.);
#10281 = DIRECTION('',(0.,0.,1.));
#10282 = PCURVE('',#3156,#10283);
#10283 = DEFINITIONAL_REPRESENTATION('',(#10284),#10288);
#10284 = LINE('',#10285,#10286);
#10285 = CARTESIAN_POINT('',(1.,0.));
#10286 = VECTOR('',#10287,1.);
#10287 = DIRECTION('',(0.,-1.));
#10288 = ( GEOMETRIC_REPRESENTATION_CONTEXT(2) 
PARAMETRIC_REPRESENTATION_CONTEXT() REPRESENTATION_CONTEXT('2D SPACE',''
  ) );
#10289 = PCURVE('',#3186,#10290);
#10290 = DEFINITIONAL_REPRESENTATION('',(#10291),#10295);
#10291 = LINE('',#10292,#10293);
#10292 = CARTESIAN_POINT('',(0.,0.));
#10293 = VECTOR('',#10294,1.);
#10294 = DIRECTION('',(0.,-1.));
#10295 = ( GEOMETRIC_REPRESENTATION_CONTEXT(2) 
PARAMETRIC_REPRESENTATION_CONTEXT() REPRESENTATION_CONTEXT('2D SPACE',''
  ) );
#10296 = ORIENTED_EDGE('',*,*,#3140,.F.);
#10297 = ADVANCED_FACE('',(#10298),#3628,.T.);
#10298 = FACE_BOUND('',#10299,.T.);
#10299 = EDGE_LOOP('',(#10300,#10323,#10344,#10345));
#10300 = ORIENTED_EDGE('',*,*,#10301,.T.);
#10301 = EDGE_CURVE('',#3583,#10302,#10304,.T.);
#10302 = VERTEX_POINT('',#10303);
#10303 = CARTESIAN_POINT('',(0.71826171875,4.6083984375,6.45));
#10304 = SURFACE_CURVE('',#10305,(#10309,#10316),.PCURVE_S1.);
#10305 = LINE('',#10306,#10307);
#10306 = CARTESIAN_POINT('',(0.71826171875,4.6083984375,6.));
#10307 = VECTOR('',#10308,1.);
#10308 = DIRECTION('',(0.,0.,1.));
#10309 = PCURVE('',#3628,#10310);
#10310 = DEFINITIONAL_REPRESENTATION('',(#10311),#10315);
#10311 = LINE('',#10312,#10313);
#10312 = CARTESIAN_POINT('',(0.,0.));
#10313 = VECTOR('',#10314,1.);
#10314 = DIRECTION('',(0.,-1.));
#10315 = ( GEOMETRIC_REPRESENTATION_CONTEXT(2) 
PARAMETRIC_REPRESENTATION_CONTEXT() REPRESENTATION_CONTEXT('2D SPACE',''
  ) );
#10316 = PCURVE('',#3598,#10317);
#10317 = DEFINITIONAL_REPRESENTATION('',(#10318),#10322);
#10318 = LINE('',#10319,#10320);
#10319 = CARTESIAN_POINT('',(1.,0.));
#10320 = VECTOR('',#10321,1.);
#10321 = DIRECTION('',(0.,-1.));
#10322 = ( GEOMETRIC_REPRESENTATION_CONTEXT(2) 
PARAMETRIC_REPRESENTATION_CONTEXT() REPRESENTATION_CONTEXT('2D SPACE',''
  ) );
#10323 = ORIENTED_EDGE('',*,*,#10324,.T.);
#10324 = EDGE_CURVE('',#10302,#10204,#10325,.T.);
#10325 = SURFACE_CURVE('',#10326,(#10330,#10337),.PCURVE_S1.);
#10326 = B_SPLINE_CURVE_WITH_KNOTS('',2,(#10327,#10328,#10329),
  .UNSPECIFIED.,.F.,.F.,(3,3),(0.,1.),.PIECEWISE_BEZIER_KNOTS.);
#10327 = CARTESIAN_POINT('',(0.71826171875,4.6083984375,6.45));
#10328 = CARTESIAN_POINT('',(0.62548828125,4.5908203125,6.45));
#10329 = CARTESIAN_POINT('',(0.51416015625,4.5537109375,6.45));
#10330 = PCURVE('',#3628,#10331);
#10331 = DEFINITIONAL_REPRESENTATION('',(#10332),#10336);
#10332 = LINE('',#10333,#10334);
#10333 = CARTESIAN_POINT('',(0.,-0.45));
#10334 = VECTOR('',#10335,1.);
#10335 = DIRECTION('',(1.,0.));
#10336 = ( GEOMETRIC_REPRESENTATION_CONTEXT(2) 
PARAMETRIC_REPRESENTATION_CONTEXT() REPRESENTATION_CONTEXT('2D SPACE',''
  ) );
#10337 = PCURVE('',#9676,#10338);
#10338 = DEFINITIONAL_REPRESENTATION('',(#10339),#10343);
#10339 = B_SPLINE_CURVE_WITH_KNOTS('',2,(#10340,#10341,#10342),
  .UNSPECIFIED.,.F.,.F.,(3,3),(0.,1.),.PIECEWISE_BEZIER_KNOTS.);
#10340 = CARTESIAN_POINT('',(0.400390625,1.30078125));
#10341 = CARTESIAN_POINT('',(0.3076171875,1.283203125));
#10342 = CARTESIAN_POINT('',(0.1962890625,1.24609375));
#10343 = ( GEOMETRIC_REPRESENTATION_CONTEXT(2) 
PARAMETRIC_REPRESENTATION_CONTEXT() REPRESENTATION_CONTEXT('2D SPACE',''
  ) );
#10344 = ORIENTED_EDGE('',*,*,#10203,.F.);
#10345 = ORIENTED_EDGE('',*,*,#3612,.F.);
#10346 = ADVANCED_FACE('',(#10347),#3186,.T.);
#10347 = FACE_BOUND('',#10348,.T.);
#10348 = EDGE_LOOP('',(#10349,#10350,#10373,#10394));
#10349 = ORIENTED_EDGE('',*,*,#10276,.T.);
#10350 = ORIENTED_EDGE('',*,*,#10351,.T.);
#10351 = EDGE_CURVE('',#10254,#10352,#10354,.T.);
#10352 = VERTEX_POINT('',#10353);
#10353 = CARTESIAN_POINT('',(0.47021484375,3.5419921875,6.45));
#10354 = SURFACE_CURVE('',#10355,(#10359,#10366),.PCURVE_S1.);
#10355 = LINE('',#10356,#10357);
#10356 = CARTESIAN_POINT('',(0.47021484375,3.3515625,6.45));
#10357 = VECTOR('',#10358,1.);
#10358 = DIRECTION('',(0.,1.,0.));
#10359 = PCURVE('',#3186,#10360);
#10360 = DEFINITIONAL_REPRESENTATION('',(#10361),#10365);
#10361 = LINE('',#10362,#10363);
#10362 = CARTESIAN_POINT('',(0.,-0.45));
#10363 = VECTOR('',#10364,1.);
#10364 = DIRECTION('',(1.,0.));
#10365 = ( GEOMETRIC_REPRESENTATION_CONTEXT(2) 
PARAMETRIC_REPRESENTATION_CONTEXT() REPRESENTATION_CONTEXT('2D SPACE',''
  ) );
#10366 = PCURVE('',#9676,#10367);
#10367 = DEFINITIONAL_REPRESENTATION('',(#10368),#10372);
#10368 = LINE('',#10369,#10370);
#10369 = CARTESIAN_POINT('',(0.15234375,4.39453125E-02));
#10370 = VECTOR('',#10371,1.);
#10371 = DIRECTION('',(0.,1.));
#10372 = ( GEOMETRIC_REPRESENTATION_CONTEXT(2) 
PARAMETRIC_REPRESENTATION_CONTEXT() REPRESENTATION_CONTEXT('2D SPACE',''
  ) );
#10373 = ORIENTED_EDGE('',*,*,#10374,.F.);
#10374 = EDGE_CURVE('',#3171,#10352,#10375,.T.);
#10375 = SURFACE_CURVE('',#10376,(#10380,#10387),.PCURVE_S1.);
#10376 = LINE('',#10377,#10378);
#10377 = CARTESIAN_POINT('',(0.47021484375,3.5419921875,6.));
#10378 = VECTOR('',#10379,1.);
#10379 = DIRECTION('',(0.,0.,1.));
#10380 = PCURVE('',#3186,#10381);
#10381 = DEFINITIONAL_REPRESENTATION('',(#10382),#10386);
#10382 = LINE('',#10383,#10384);
#10383 = CARTESIAN_POINT('',(0.1904296875,0.));
#10384 = VECTOR('',#10385,1.);
#10385 = DIRECTION('',(0.,-1.));
#10386 = ( GEOMETRIC_REPRESENTATION_CONTEXT(2) 
PARAMETRIC_REPRESENTATION_CONTEXT() REPRESENTATION_CONTEXT('2D SPACE',''
  ) );
#10387 = PCURVE('',#3214,#10388);
#10388 = DEFINITIONAL_REPRESENTATION('',(#10389),#10393);
#10389 = LINE('',#10390,#10391);
#10390 = CARTESIAN_POINT('',(0.,0.));
#10391 = VECTOR('',#10392,1.);
#10392 = DIRECTION('',(0.,-1.));
#10393 = ( GEOMETRIC_REPRESENTATION_CONTEXT(2) 
PARAMETRIC_REPRESENTATION_CONTEXT() REPRESENTATION_CONTEXT('2D SPACE',''
  ) );
#10394 = ORIENTED_EDGE('',*,*,#3170,.F.);
#10395 = ADVANCED_FACE('',(#10396),#3598,.T.);
#10396 = FACE_BOUND('',#10397,.T.);
#10397 = EDGE_LOOP('',(#10398,#10421,#10442,#10443));
#10398 = ORIENTED_EDGE('',*,*,#10399,.T.);
#10399 = EDGE_CURVE('',#3553,#10400,#10402,.T.);
#10400 = VERTEX_POINT('',#10401);
#10401 = CARTESIAN_POINT('',(0.89208984375,4.6259765625,6.45));
#10402 = SURFACE_CURVE('',#10403,(#10407,#10414),.PCURVE_S1.);
#10403 = LINE('',#10404,#10405);
#10404 = CARTESIAN_POINT('',(0.89208984375,4.6259765625,6.));
#10405 = VECTOR('',#10406,1.);
#10406 = DIRECTION('',(0.,0.,1.));
#10407 = PCURVE('',#3598,#10408);
#10408 = DEFINITIONAL_REPRESENTATION('',(#10409),#10413);
#10409 = LINE('',#10410,#10411);
#10410 = CARTESIAN_POINT('',(0.,0.));
#10411 = VECTOR('',#10412,1.);
#10412 = DIRECTION('',(0.,-1.));
#10413 = ( GEOMETRIC_REPRESENTATION_CONTEXT(2) 
PARAMETRIC_REPRESENTATION_CONTEXT() REPRESENTATION_CONTEXT('2D SPACE',''
  ) );
#10414 = PCURVE('',#3568,#10415);
#10415 = DEFINITIONAL_REPRESENTATION('',(#10416),#10420);
#10416 = LINE('',#10417,#10418);
#10417 = CARTESIAN_POINT('',(1.,0.));
#10418 = VECTOR('',#10419,1.);
#10419 = DIRECTION('',(0.,-1.));
#10420 = ( GEOMETRIC_REPRESENTATION_CONTEXT(2) 
PARAMETRIC_REPRESENTATION_CONTEXT() REPRESENTATION_CONTEXT('2D SPACE',''
  ) );
#10421 = ORIENTED_EDGE('',*,*,#10422,.T.);
#10422 = EDGE_CURVE('',#10400,#10302,#10423,.T.);
#10423 = SURFACE_CURVE('',#10424,(#10428,#10435),.PCURVE_S1.);
#10424 = B_SPLINE_CURVE_WITH_KNOTS('',2,(#10425,#10426,#10427),
  .UNSPECIFIED.,.F.,.F.,(3,3),(0.,1.),.PIECEWISE_BEZIER_KNOTS.);
#10425 = CARTESIAN_POINT('',(0.89208984375,4.6259765625,6.45));
#10426 = CARTESIAN_POINT('',(0.81103515625,4.6259765625,6.45));
#10427 = CARTESIAN_POINT('',(0.71826171875,4.6083984375,6.45));
#10428 = PCURVE('',#3598,#10429);
#10429 = DEFINITIONAL_REPRESENTATION('',(#10430),#10434);
#10430 = LINE('',#10431,#10432);
#10431 = CARTESIAN_POINT('',(0.,-0.45));
#10432 = VECTOR('',#10433,1.);
#10433 = DIRECTION('',(1.,0.));
#10434 = ( GEOMETRIC_REPRESENTATION_CONTEXT(2) 
PARAMETRIC_REPRESENTATION_CONTEXT() REPRESENTATION_CONTEXT('2D SPACE',''
  ) );
#10435 = PCURVE('',#9676,#10436);
#10436 = DEFINITIONAL_REPRESENTATION('',(#10437),#10441);
#10437 = B_SPLINE_CURVE_WITH_KNOTS('',2,(#10438,#10439,#10440),
  .UNSPECIFIED.,.F.,.F.,(3,3),(0.,1.),.PIECEWISE_BEZIER_KNOTS.);
#10438 = CARTESIAN_POINT('',(0.57421875,1.318359375));
#10439 = CARTESIAN_POINT('',(0.4931640625,1.318359375));
#10440 = CARTESIAN_POINT('',(0.400390625,1.30078125));
#10441 = ( GEOMETRIC_REPRESENTATION_CONTEXT(2) 
PARAMETRIC_REPRESENTATION_CONTEXT() REPRESENTATION_CONTEXT('2D SPACE',''
  ) );
#10442 = ORIENTED_EDGE('',*,*,#10301,.F.);
#10443 = ORIENTED_EDGE('',*,*,#3582,.F.);
#10444 = ADVANCED_FACE('',(#10445),#3214,.T.);
#10445 = FACE_BOUND('',#10446,.T.);
#10446 = EDGE_LOOP('',(#10447,#10448,#10471,#10492));
#10447 = ORIENTED_EDGE('',*,*,#10374,.T.);
#10448 = ORIENTED_EDGE('',*,*,#10449,.T.);
#10449 = EDGE_CURVE('',#10352,#10450,#10452,.T.);
#10450 = VERTEX_POINT('',#10451);
#10451 = CARTESIAN_POINT('',(0.64990234375,3.4697265625,6.45));
#10452 = SURFACE_CURVE('',#10453,(#10457,#10464),.PCURVE_S1.);
#10453 = B_SPLINE_CURVE_WITH_KNOTS('',2,(#10454,#10455,#10456),
  .UNSPECIFIED.,.F.,.F.,(3,3),(0.,1.),.PIECEWISE_BEZIER_KNOTS.);
#10454 = CARTESIAN_POINT('',(0.47021484375,3.5419921875,6.45));
#10455 = CARTESIAN_POINT('',(0.55224609375,3.494140625,6.45));
#10456 = CARTESIAN_POINT('',(0.64990234375,3.4697265625,6.45));
#10457 = PCURVE('',#3214,#10458);
#10458 = DEFINITIONAL_REPRESENTATION('',(#10459),#10463);
#10459 = LINE('',#10460,#10461);
#10460 = CARTESIAN_POINT('',(0.,-0.45));
#10461 = VECTOR('',#10462,1.);
#10462 = DIRECTION('',(1.,0.));
#10463 = ( GEOMETRIC_REPRESENTATION_CONTEXT(2) 
PARAMETRIC_REPRESENTATION_CONTEXT() REPRESENTATION_CONTEXT('2D SPACE',''
  ) );
#10464 = PCURVE('',#9676,#10465);
#10465 = DEFINITIONAL_REPRESENTATION('',(#10466),#10470);
#10466 = B_SPLINE_CURVE_WITH_KNOTS('',2,(#10467,#10468,#10469),
  .UNSPECIFIED.,.F.,.F.,(3,3),(0.,1.),.PIECEWISE_BEZIER_KNOTS.);
#10467 = CARTESIAN_POINT('',(0.15234375,0.234375));
#10468 = CARTESIAN_POINT('',(0.234375,0.1865234375));
#10469 = CARTESIAN_POINT('',(0.33203125,0.162109375));
#10470 = ( GEOMETRIC_REPRESENTATION_CONTEXT(2) 
PARAMETRIC_REPRESENTATION_CONTEXT() REPRESENTATION_CONTEXT('2D SPACE',''
  ) );
#10471 = ORIENTED_EDGE('',*,*,#10472,.F.);
#10472 = EDGE_CURVE('',#3199,#10450,#10473,.T.);
#10473 = SURFACE_CURVE('',#10474,(#10478,#10485),.PCURVE_S1.);
#10474 = LINE('',#10475,#10476);
#10475 = CARTESIAN_POINT('',(0.64990234375,3.4697265625,6.));
#10476 = VECTOR('',#10477,1.);
#10477 = DIRECTION('',(0.,0.,1.));
#10478 = PCURVE('',#3214,#10479);
#10479 = DEFINITIONAL_REPRESENTATION('',(#10480),#10484);
#10480 = LINE('',#10481,#10482);
#10481 = CARTESIAN_POINT('',(1.,0.));
#10482 = VECTOR('',#10483,1.);
#10483 = DIRECTION('',(0.,-1.));
#10484 = ( GEOMETRIC_REPRESENTATION_CONTEXT(2) 
PARAMETRIC_REPRESENTATION_CONTEXT() REPRESENTATION_CONTEXT('2D SPACE',''
  ) );
#10485 = PCURVE('',#3244,#10486);
#10486 = DEFINITIONAL_REPRESENTATION('',(#10487),#10491);
#10487 = LINE('',#10488,#10489);
#10488 = CARTESIAN_POINT('',(0.,0.));
#10489 = VECTOR('',#10490,1.);
#10490 = DIRECTION('',(0.,-1.));
#10491 = ( GEOMETRIC_REPRESENTATION_CONTEXT(2) 
PARAMETRIC_REPRESENTATION_CONTEXT() REPRESENTATION_CONTEXT('2D SPACE',''
  ) );
#10492 = ORIENTED_EDGE('',*,*,#3198,.F.);
#10493 = ADVANCED_FACE('',(#10494),#3568,.T.);
#10494 = FACE_BOUND('',#10495,.T.);
#10495 = EDGE_LOOP('',(#10496,#10519,#10540,#10541));
#10496 = ORIENTED_EDGE('',*,*,#10497,.T.);
#10497 = EDGE_CURVE('',#3523,#10498,#10500,.T.);
#10498 = VERTEX_POINT('',#10499);
#10499 = CARTESIAN_POINT('',(1.1201171875,4.56591796875,6.45));
#10500 = SURFACE_CURVE('',#10501,(#10505,#10512),.PCURVE_S1.);
#10501 = LINE('',#10502,#10503);
#10502 = CARTESIAN_POINT('',(1.1201171875,4.56591796875,6.));
#10503 = VECTOR('',#10504,1.);
#10504 = DIRECTION('',(0.,0.,1.));
#10505 = PCURVE('',#3568,#10506);
#10506 = DEFINITIONAL_REPRESENTATION('',(#10507),#10511);
#10507 = LINE('',#10508,#10509);
#10508 = CARTESIAN_POINT('',(0.,0.));
#10509 = VECTOR('',#10510,1.);
#10510 = DIRECTION('',(0.,-1.));
#10511 = ( GEOMETRIC_REPRESENTATION_CONTEXT(2) 
PARAMETRIC_REPRESENTATION_CONTEXT() REPRESENTATION_CONTEXT('2D SPACE',''
  ) );
#10512 = PCURVE('',#3538,#10513);
#10513 = DEFINITIONAL_REPRESENTATION('',(#10514),#10518);
#10514 = LINE('',#10515,#10516);
#10515 = CARTESIAN_POINT('',(1.,0.));
#10516 = VECTOR('',#10517,1.);
#10517 = DIRECTION('',(0.,-1.));
#10518 = ( GEOMETRIC_REPRESENTATION_CONTEXT(2) 
PARAMETRIC_REPRESENTATION_CONTEXT() REPRESENTATION_CONTEXT('2D SPACE',''
  ) );
#10519 = ORIENTED_EDGE('',*,*,#10520,.T.);
#10520 = EDGE_CURVE('',#10498,#10400,#10521,.T.);
#10521 = SURFACE_CURVE('',#10522,(#10526,#10533),.PCURVE_S1.);
#10522 = B_SPLINE_CURVE_WITH_KNOTS('',2,(#10523,#10524,#10525),
  .UNSPECIFIED.,.F.,.F.,(3,3),(0.,1.),.PIECEWISE_BEZIER_KNOTS.);
#10523 = CARTESIAN_POINT('',(1.1201171875,4.56591796875,6.45));
#10524 = CARTESIAN_POINT('',(1.04052734375,4.6259765625,6.45));
#10525 = CARTESIAN_POINT('',(0.89208984375,4.6259765625,6.45));
#10526 = PCURVE('',#3568,#10527);
#10527 = DEFINITIONAL_REPRESENTATION('',(#10528),#10532);
#10528 = LINE('',#10529,#10530);
#10529 = CARTESIAN_POINT('',(0.,-0.45));
#10530 = VECTOR('',#10531,1.);
#10531 = DIRECTION('',(1.,0.));
#10532 = ( GEOMETRIC_REPRESENTATION_CONTEXT(2) 
PARAMETRIC_REPRESENTATION_CONTEXT() REPRESENTATION_CONTEXT('2D SPACE',''
  ) );
#10533 = PCURVE('',#9676,#10534);
#10534 = DEFINITIONAL_REPRESENTATION('',(#10535),#10539);
#10535 = B_SPLINE_CURVE_WITH_KNOTS('',2,(#10536,#10537,#10538),
  .UNSPECIFIED.,.F.,.F.,(3,3),(0.,1.),.PIECEWISE_BEZIER_KNOTS.);
#10536 = CARTESIAN_POINT('',(0.80224609375,1.25830078125));
#10537 = CARTESIAN_POINT('',(0.72265625,1.318359375));
#10538 = CARTESIAN_POINT('',(0.57421875,1.318359375));
#10539 = ( GEOMETRIC_REPRESENTATION_CONTEXT(2) 
PARAMETRIC_REPRESENTATION_CONTEXT() REPRESENTATION_CONTEXT('2D SPACE',''
  ) );
#10540 = ORIENTED_EDGE('',*,*,#10399,.F.);
#10541 = ORIENTED_EDGE('',*,*,#3552,.F.);
#10542 = ADVANCED_FACE('',(#10543),#3244,.T.);
#10543 = FACE_BOUND('',#10544,.T.);
#10544 = EDGE_LOOP('',(#10545,#10546,#10569,#10590));
#10545 = ORIENTED_EDGE('',*,*,#10472,.T.);
#10546 = ORIENTED_EDGE('',*,*,#10547,.T.);
#10547 = EDGE_CURVE('',#10450,#10548,#10550,.T.);
#10548 = VERTEX_POINT('',#10549);
#10549 = CARTESIAN_POINT('',(0.85400390625,3.4453125,6.45));
#10550 = SURFACE_CURVE('',#10551,(#10555,#10562),.PCURVE_S1.);
#10551 = B_SPLINE_CURVE_WITH_KNOTS('',2,(#10552,#10553,#10554),
  .UNSPECIFIED.,.F.,.F.,(3,3),(0.,1.),.PIECEWISE_BEZIER_KNOTS.);
#10552 = CARTESIAN_POINT('',(0.64990234375,3.4697265625,6.45));
#10553 = CARTESIAN_POINT('',(0.74755859375,3.4453125,6.45));
#10554 = CARTESIAN_POINT('',(0.85400390625,3.4453125,6.45));
#10555 = PCURVE('',#3244,#10556);
#10556 = DEFINITIONAL_REPRESENTATION('',(#10557),#10561);
#10557 = LINE('',#10558,#10559);
#10558 = CARTESIAN_POINT('',(0.,-0.45));
#10559 = VECTOR('',#10560,1.);
#10560 = DIRECTION('',(1.,0.));
#10561 = ( GEOMETRIC_REPRESENTATION_CONTEXT(2) 
PARAMETRIC_REPRESENTATION_CONTEXT() REPRESENTATION_CONTEXT('2D SPACE',''
  ) );
#10562 = PCURVE('',#9676,#10563);
#10563 = DEFINITIONAL_REPRESENTATION('',(#10564),#10568);
#10564 = B_SPLINE_CURVE_WITH_KNOTS('',2,(#10565,#10566,#10567),
  .UNSPECIFIED.,.F.,.F.,(3,3),(0.,1.),.PIECEWISE_BEZIER_KNOTS.);
#10565 = CARTESIAN_POINT('',(0.33203125,0.162109375));
#10566 = CARTESIAN_POINT('',(0.4296875,0.1376953125));
#10567 = CARTESIAN_POINT('',(0.5361328125,0.1376953125));
#10568 = ( GEOMETRIC_REPRESENTATION_CONTEXT(2) 
PARAMETRIC_REPRESENTATION_CONTEXT() REPRESENTATION_CONTEXT('2D SPACE',''
  ) );
#10569 = ORIENTED_EDGE('',*,*,#10570,.F.);
#10570 = EDGE_CURVE('',#3229,#10548,#10571,.T.);
#10571 = SURFACE_CURVE('',#10572,(#10576,#10583),.PCURVE_S1.);
#10572 = LINE('',#10573,#10574);
#10573 = CARTESIAN_POINT('',(0.85400390625,3.4453125,6.));
#10574 = VECTOR('',#10575,1.);
#10575 = DIRECTION('',(0.,0.,1.));
#10576 = PCURVE('',#3244,#10577);
#10577 = DEFINITIONAL_REPRESENTATION('',(#10578),#10582);
#10578 = LINE('',#10579,#10580);
#10579 = CARTESIAN_POINT('',(1.,0.));
#10580 = VECTOR('',#10581,1.);
#10581 = DIRECTION('',(0.,-1.));
#10582 = ( GEOMETRIC_REPRESENTATION_CONTEXT(2) 
PARAMETRIC_REPRESENTATION_CONTEXT() REPRESENTATION_CONTEXT('2D SPACE',''
  ) );
#10583 = PCURVE('',#3274,#10584);
#10584 = DEFINITIONAL_REPRESENTATION('',(#10585),#10589);
#10585 = LINE('',#10586,#10587);
#10586 = CARTESIAN_POINT('',(0.,0.));
#10587 = VECTOR('',#10588,1.);
#10588 = DIRECTION('',(0.,-1.));
#10589 = ( GEOMETRIC_REPRESENTATION_CONTEXT(2) 
PARAMETRIC_REPRESENTATION_CONTEXT() REPRESENTATION_CONTEXT('2D SPACE',''
  ) );
#10590 = ORIENTED_EDGE('',*,*,#3228,.F.);
#10591 = ADVANCED_FACE('',(#10592),#3538,.T.);
#10592 = FACE_BOUND('',#10593,.T.);
#10593 = EDGE_LOOP('',(#10594,#10617,#10638,#10639));
#10594 = ORIENTED_EDGE('',*,*,#10595,.T.);
#10595 = EDGE_CURVE('',#3493,#10596,#10598,.T.);
#10596 = VERTEX_POINT('',#10597);
#10597 = CARTESIAN_POINT('',(1.19970703125,4.3935546875,6.45));
#10598 = SURFACE_CURVE('',#10599,(#10603,#10610),.PCURVE_S1.);
#10599 = LINE('',#10600,#10601);
#10600 = CARTESIAN_POINT('',(1.19970703125,4.3935546875,6.));
#10601 = VECTOR('',#10602,1.);
#10602 = DIRECTION('',(0.,0.,1.));
#10603 = PCURVE('',#3538,#10604);
#10604 = DEFINITIONAL_REPRESENTATION('',(#10605),#10609);
#10605 = LINE('',#10606,#10607);
#10606 = CARTESIAN_POINT('',(0.,0.));
#10607 = VECTOR('',#10608,1.);
#10608 = DIRECTION('',(0.,-1.));
#10609 = ( GEOMETRIC_REPRESENTATION_CONTEXT(2) 
PARAMETRIC_REPRESENTATION_CONTEXT() REPRESENTATION_CONTEXT('2D SPACE',''
  ) );
#10610 = PCURVE('',#3508,#10611);
#10611 = DEFINITIONAL_REPRESENTATION('',(#10612),#10616);
#10612 = LINE('',#10613,#10614);
#10613 = CARTESIAN_POINT('',(1.,0.));
#10614 = VECTOR('',#10615,1.);
#10615 = DIRECTION('',(0.,-1.));
#10616 = ( GEOMETRIC_REPRESENTATION_CONTEXT(2) 
PARAMETRIC_REPRESENTATION_CONTEXT() REPRESENTATION_CONTEXT('2D SPACE',''
  ) );
#10617 = ORIENTED_EDGE('',*,*,#10618,.T.);
#10618 = EDGE_CURVE('',#10596,#10498,#10619,.T.);
#10619 = SURFACE_CURVE('',#10620,(#10624,#10631),.PCURVE_S1.);
#10620 = B_SPLINE_CURVE_WITH_KNOTS('',2,(#10621,#10622,#10623),
  .UNSPECIFIED.,.F.,.F.,(3,3),(0.,1.),.PIECEWISE_BEZIER_KNOTS.);
#10621 = CARTESIAN_POINT('',(1.19970703125,4.3935546875,6.45));
#10622 = CARTESIAN_POINT('',(1.19970703125,4.505859375,6.45));
#10623 = CARTESIAN_POINT('',(1.1201171875,4.56591796875,6.45));
#10624 = PCURVE('',#3538,#10625);
#10625 = DEFINITIONAL_REPRESENTATION('',(#10626),#10630);
#10626 = LINE('',#10627,#10628);
#10627 = CARTESIAN_POINT('',(0.,-0.45));
#10628 = VECTOR('',#10629,1.);
#10629 = DIRECTION('',(1.,0.));
#10630 = ( GEOMETRIC_REPRESENTATION_CONTEXT(2) 
PARAMETRIC_REPRESENTATION_CONTEXT() REPRESENTATION_CONTEXT('2D SPACE',''
  ) );
#10631 = PCURVE('',#9676,#10632);
#10632 = DEFINITIONAL_REPRESENTATION('',(#10633),#10637);
#10633 = B_SPLINE_CURVE_WITH_KNOTS('',2,(#10634,#10635,#10636),
  .UNSPECIFIED.,.F.,.F.,(3,3),(0.,1.),.PIECEWISE_BEZIER_KNOTS.);
#10634 = CARTESIAN_POINT('',(0.8818359375,1.0859375));
#10635 = CARTESIAN_POINT('',(0.8818359375,1.1982421875));
#10636 = CARTESIAN_POINT('',(0.80224609375,1.25830078125));
#10637 = ( GEOMETRIC_REPRESENTATION_CONTEXT(2) 
PARAMETRIC_REPRESENTATION_CONTEXT() REPRESENTATION_CONTEXT('2D SPACE',''
  ) );
#10638 = ORIENTED_EDGE('',*,*,#10497,.F.);
#10639 = ORIENTED_EDGE('',*,*,#3522,.F.);
#10640 = ADVANCED_FACE('',(#10641),#3274,.T.);
#10641 = FACE_BOUND('',#10642,.T.);
#10642 = EDGE_LOOP('',(#10643,#10644,#10667,#10688));
#10643 = ORIENTED_EDGE('',*,*,#10570,.T.);
#10644 = ORIENTED_EDGE('',*,*,#10645,.T.);
#10645 = EDGE_CURVE('',#10548,#10646,#10648,.T.);
#10646 = VERTEX_POINT('',#10647);
#10647 = CARTESIAN_POINT('',(1.13671875,3.5185546875,6.45));
#10648 = SURFACE_CURVE('',#10649,(#10653,#10660),.PCURVE_S1.);
#10649 = B_SPLINE_CURVE_WITH_KNOTS('',2,(#10650,#10651,#10652),
  .UNSPECIFIED.,.F.,.F.,(3,3),(0.,1.),.PIECEWISE_BEZIER_KNOTS.);
#10650 = CARTESIAN_POINT('',(0.85400390625,3.4453125,6.45));
#10651 = CARTESIAN_POINT('',(1.03955078125,3.4453125,6.45));
#10652 = CARTESIAN_POINT('',(1.13671875,3.5185546875,6.45));
#10653 = PCURVE('',#3274,#10654);
#10654 = DEFINITIONAL_REPRESENTATION('',(#10655),#10659);
#10655 = LINE('',#10656,#10657);
#10656 = CARTESIAN_POINT('',(0.,-0.45));
#10657 = VECTOR('',#10658,1.);
#10658 = DIRECTION('',(1.,0.));
#10659 = ( GEOMETRIC_REPRESENTATION_CONTEXT(2) 
PARAMETRIC_REPRESENTATION_CONTEXT() REPRESENTATION_CONTEXT('2D SPACE',''
  ) );
#10660 = PCURVE('',#9676,#10661);
#10661 = DEFINITIONAL_REPRESENTATION('',(#10662),#10666);
#10662 = B_SPLINE_CURVE_WITH_KNOTS('',2,(#10663,#10664,#10665),
  .UNSPECIFIED.,.F.,.F.,(3,3),(0.,1.),.PIECEWISE_BEZIER_KNOTS.);
#10663 = CARTESIAN_POINT('',(0.5361328125,0.1376953125));
#10664 = CARTESIAN_POINT('',(0.7216796875,0.1376953125));
#10665 = CARTESIAN_POINT('',(0.81884765625,0.2109375));
#10666 = ( GEOMETRIC_REPRESENTATION_CONTEXT(2) 
PARAMETRIC_REPRESENTATION_CONTEXT() REPRESENTATION_CONTEXT('2D SPACE',''
  ) );
#10667 = ORIENTED_EDGE('',*,*,#10668,.F.);
#10668 = EDGE_CURVE('',#3259,#10646,#10669,.T.);
#10669 = SURFACE_CURVE('',#10670,(#10674,#10681),.PCURVE_S1.);
#10670 = LINE('',#10671,#10672);
#10671 = CARTESIAN_POINT('',(1.13671875,3.5185546875,6.));
#10672 = VECTOR('',#10673,1.);
#10673 = DIRECTION('',(0.,0.,1.));
#10674 = PCURVE('',#3274,#10675);
#10675 = DEFINITIONAL_REPRESENTATION('',(#10676),#10680);
#10676 = LINE('',#10677,#10678);
#10677 = CARTESIAN_POINT('',(1.,0.));
#10678 = VECTOR('',#10679,1.);
#10679 = DIRECTION('',(0.,-1.));
#10680 = ( GEOMETRIC_REPRESENTATION_CONTEXT(2) 
PARAMETRIC_REPRESENTATION_CONTEXT() REPRESENTATION_CONTEXT('2D SPACE',''
  ) );
#10681 = PCURVE('',#3304,#10682);
#10682 = DEFINITIONAL_REPRESENTATION('',(#10683),#10687);
#10683 = LINE('',#10684,#10685);
#10684 = CARTESIAN_POINT('',(0.,0.));
#10685 = VECTOR('',#10686,1.);
#10686 = DIRECTION('',(0.,-1.));
#10687 = ( GEOMETRIC_REPRESENTATION_CONTEXT(2) 
PARAMETRIC_REPRESENTATION_CONTEXT() REPRESENTATION_CONTEXT('2D SPACE',''
  ) );
#10688 = ORIENTED_EDGE('',*,*,#3258,.F.);
#10689 = ADVANCED_FACE('',(#10690),#3508,.T.);
#10690 = FACE_BOUND('',#10691,.T.);
#10691 = EDGE_LOOP('',(#10692,#10715,#10736,#10737));
#10692 = ORIENTED_EDGE('',*,*,#10693,.T.);
#10693 = EDGE_CURVE('',#3463,#10694,#10696,.T.);
#10694 = VERTEX_POINT('',#10695);
#10695 = CARTESIAN_POINT('',(1.12255859375,4.22607421875,6.45));
#10696 = SURFACE_CURVE('',#10697,(#10701,#10708),.PCURVE_S1.);
#10697 = LINE('',#10698,#10699);
#10698 = CARTESIAN_POINT('',(1.12255859375,4.22607421875,6.));
#10699 = VECTOR('',#10700,1.);
#10700 = DIRECTION('',(0.,0.,1.));
#10701 = PCURVE('',#3508,#10702);
#10702 = DEFINITIONAL_REPRESENTATION('',(#10703),#10707);
#10703 = LINE('',#10704,#10705);
#10704 = CARTESIAN_POINT('',(0.,0.));
#10705 = VECTOR('',#10706,1.);
#10706 = DIRECTION('',(0.,-1.));
#10707 = ( GEOMETRIC_REPRESENTATION_CONTEXT(2) 
PARAMETRIC_REPRESENTATION_CONTEXT() REPRESENTATION_CONTEXT('2D SPACE',''
  ) );
#10708 = PCURVE('',#3478,#10709);
#10709 = DEFINITIONAL_REPRESENTATION('',(#10710),#10714);
#10710 = LINE('',#10711,#10712);
#10711 = CARTESIAN_POINT('',(1.,0.));
#10712 = VECTOR('',#10713,1.);
#10713 = DIRECTION('',(0.,-1.));
#10714 = ( GEOMETRIC_REPRESENTATION_CONTEXT(2) 
PARAMETRIC_REPRESENTATION_CONTEXT() REPRESENTATION_CONTEXT('2D SPACE',''
  ) );
#10715 = ORIENTED_EDGE('',*,*,#10716,.T.);
#10716 = EDGE_CURVE('',#10694,#10596,#10717,.T.);
#10717 = SURFACE_CURVE('',#10718,(#10722,#10729),.PCURVE_S1.);
#10718 = B_SPLINE_CURVE_WITH_KNOTS('',2,(#10719,#10720,#10721),
  .UNSPECIFIED.,.F.,.F.,(3,3),(0.,1.),.PIECEWISE_BEZIER_KNOTS.);
#10719 = CARTESIAN_POINT('',(1.12255859375,4.22607421875,6.45));
#10720 = CARTESIAN_POINT('',(1.19970703125,4.2841796875,6.45));
#10721 = CARTESIAN_POINT('',(1.19970703125,4.3935546875,6.45));
#10722 = PCURVE('',#3508,#10723);
#10723 = DEFINITIONAL_REPRESENTATION('',(#10724),#10728);
#10724 = LINE('',#10725,#10726);
#10725 = CARTESIAN_POINT('',(0.,-0.45));
#10726 = VECTOR('',#10727,1.);
#10727 = DIRECTION('',(1.,0.));
#10728 = ( GEOMETRIC_REPRESENTATION_CONTEXT(2) 
PARAMETRIC_REPRESENTATION_CONTEXT() REPRESENTATION_CONTEXT('2D SPACE',''
  ) );
#10729 = PCURVE('',#9676,#10730);
#10730 = DEFINITIONAL_REPRESENTATION('',(#10731),#10735);
#10731 = B_SPLINE_CURVE_WITH_KNOTS('',2,(#10732,#10733,#10734),
  .UNSPECIFIED.,.F.,.F.,(3,3),(0.,1.),.PIECEWISE_BEZIER_KNOTS.);
#10732 = CARTESIAN_POINT('',(0.8046875,0.91845703125));
#10733 = CARTESIAN_POINT('',(0.8818359375,0.9765625));
#10734 = CARTESIAN_POINT('',(0.8818359375,1.0859375));
#10735 = ( GEOMETRIC_REPRESENTATION_CONTEXT(2) 
PARAMETRIC_REPRESENTATION_CONTEXT() REPRESENTATION_CONTEXT('2D SPACE',''
  ) );
#10736 = ORIENTED_EDGE('',*,*,#10595,.F.);
#10737 = ORIENTED_EDGE('',*,*,#3492,.F.);
#10738 = ADVANCED_FACE('',(#10739),#3304,.T.);
#10739 = FACE_BOUND('',#10740,.T.);
#10740 = EDGE_LOOP('',(#10741,#10742,#10765,#10786));
#10741 = ORIENTED_EDGE('',*,*,#10668,.T.);
#10742 = ORIENTED_EDGE('',*,*,#10743,.T.);
#10743 = EDGE_CURVE('',#10646,#10744,#10746,.T.);
#10744 = VERTEX_POINT('',#10745);
#10745 = CARTESIAN_POINT('',(1.23388671875,3.7314453125,6.45));
#10746 = SURFACE_CURVE('',#10747,(#10751,#10758),.PCURVE_S1.);
#10747 = B_SPLINE_CURVE_WITH_KNOTS('',2,(#10748,#10749,#10750),
  .UNSPECIFIED.,.F.,.F.,(3,3),(0.,1.),.PIECEWISE_BEZIER_KNOTS.);
#10748 = CARTESIAN_POINT('',(1.13671875,3.5185546875,6.45));
#10749 = CARTESIAN_POINT('',(1.23388671875,3.591796875,6.45));
#10750 = CARTESIAN_POINT('',(1.23388671875,3.7314453125,6.45));
#10751 = PCURVE('',#3304,#10752);
#10752 = DEFINITIONAL_REPRESENTATION('',(#10753),#10757);
#10753 = LINE('',#10754,#10755);
#10754 = CARTESIAN_POINT('',(0.,-0.45));
#10755 = VECTOR('',#10756,1.);
#10756 = DIRECTION('',(1.,0.));
#10757 = ( GEOMETRIC_REPRESENTATION_CONTEXT(2) 
PARAMETRIC_REPRESENTATION_CONTEXT() REPRESENTATION_CONTEXT('2D SPACE',''
  ) );
#10758 = PCURVE('',#9676,#10759);
#10759 = DEFINITIONAL_REPRESENTATION('',(#10760),#10764);
#10760 = B_SPLINE_CURVE_WITH_KNOTS('',2,(#10761,#10762,#10763),
  .UNSPECIFIED.,.F.,.F.,(3,3),(0.,1.),.PIECEWISE_BEZIER_KNOTS.);
#10761 = CARTESIAN_POINT('',(0.81884765625,0.2109375));
#10762 = CARTESIAN_POINT('',(0.916015625,0.2841796875));
#10763 = CARTESIAN_POINT('',(0.916015625,0.423828125));
#10764 = ( GEOMETRIC_REPRESENTATION_CONTEXT(2) 
PARAMETRIC_REPRESENTATION_CONTEXT() REPRESENTATION_CONTEXT('2D SPACE',''
  ) );
#10765 = ORIENTED_EDGE('',*,*,#10766,.F.);
#10766 = EDGE_CURVE('',#3289,#10744,#10767,.T.);
#10767 = SURFACE_CURVE('',#10768,(#10772,#10779),.PCURVE_S1.);
#10768 = LINE('',#10769,#10770);
#10769 = CARTESIAN_POINT('',(1.23388671875,3.7314453125,6.));
#10770 = VECTOR('',#10771,1.);
#10771 = DIRECTION('',(0.,0.,1.));
#10772 = PCURVE('',#3304,#10773);
#10773 = DEFINITIONAL_REPRESENTATION('',(#10774),#10778);
#10774 = LINE('',#10775,#10776);
#10775 = CARTESIAN_POINT('',(1.,0.));
#10776 = VECTOR('',#10777,1.);
#10777 = DIRECTION('',(0.,-1.));
#10778 = ( GEOMETRIC_REPRESENTATION_CONTEXT(2) 
PARAMETRIC_REPRESENTATION_CONTEXT() REPRESENTATION_CONTEXT('2D SPACE',''
  ) );
#10779 = PCURVE('',#3334,#10780);
#10780 = DEFINITIONAL_REPRESENTATION('',(#10781),#10785);
#10781 = LINE('',#10782,#10783);
#10782 = CARTESIAN_POINT('',(0.,0.));
#10783 = VECTOR('',#10784,1.);
#10784 = DIRECTION('',(0.,-1.));
#10785 = ( GEOMETRIC_REPRESENTATION_CONTEXT(2) 
PARAMETRIC_REPRESENTATION_CONTEXT() REPRESENTATION_CONTEXT('2D SPACE',''
  ) );
#10786 = ORIENTED_EDGE('',*,*,#3288,.F.);
#10787 = ADVANCED_FACE('',(#10788),#3478,.T.);
#10788 = FACE_BOUND('',#10789,.T.);
#10789 = EDGE_LOOP('',(#10790,#10813,#10834,#10835));
#10790 = ORIENTED_EDGE('',*,*,#10791,.T.);
#10791 = EDGE_CURVE('',#3435,#10792,#10794,.T.);
#10792 = VERTEX_POINT('',#10793);
#10793 = CARTESIAN_POINT('',(0.89990234375,4.16796875,6.45));
#10794 = SURFACE_CURVE('',#10795,(#10799,#10806),.PCURVE_S1.);
#10795 = LINE('',#10796,#10797);
#10796 = CARTESIAN_POINT('',(0.89990234375,4.16796875,6.));
#10797 = VECTOR('',#10798,1.);
#10798 = DIRECTION('',(0.,0.,1.));
#10799 = PCURVE('',#3478,#10800);
#10800 = DEFINITIONAL_REPRESENTATION('',(#10801),#10805);
#10801 = LINE('',#10802,#10803);
#10802 = CARTESIAN_POINT('',(0.,0.));
#10803 = VECTOR('',#10804,1.);
#10804 = DIRECTION('',(0.,-1.));
#10805 = ( GEOMETRIC_REPRESENTATION_CONTEXT(2) 
PARAMETRIC_REPRESENTATION_CONTEXT() REPRESENTATION_CONTEXT('2D SPACE',''
  ) );
#10806 = PCURVE('',#3450,#10807);
#10807 = DEFINITIONAL_REPRESENTATION('',(#10808),#10812);
#10808 = LINE('',#10809,#10810);
#10809 = CARTESIAN_POINT('',(0.177734375,0.));
#10810 = VECTOR('',#10811,1.);
#10811 = DIRECTION('',(0.,-1.));
#10812 = ( GEOMETRIC_REPRESENTATION_CONTEXT(2) 
PARAMETRIC_REPRESENTATION_CONTEXT() REPRESENTATION_CONTEXT('2D SPACE',''
  ) );
#10813 = ORIENTED_EDGE('',*,*,#10814,.T.);
#10814 = EDGE_CURVE('',#10792,#10694,#10815,.T.);
#10815 = SURFACE_CURVE('',#10816,(#10820,#10827),.PCURVE_S1.);
#10816 = B_SPLINE_CURVE_WITH_KNOTS('',2,(#10817,#10818,#10819),
  .UNSPECIFIED.,.F.,.F.,(3,3),(0.,1.),.PIECEWISE_BEZIER_KNOTS.);
#10817 = CARTESIAN_POINT('',(0.89990234375,4.16796875,6.45));
#10818 = CARTESIAN_POINT('',(1.04541015625,4.16796875,6.45));
#10819 = CARTESIAN_POINT('',(1.12255859375,4.22607421875,6.45));
#10820 = PCURVE('',#3478,#10821);
#10821 = DEFINITIONAL_REPRESENTATION('',(#10822),#10826);
#10822 = LINE('',#10823,#10824);
#10823 = CARTESIAN_POINT('',(0.,-0.45));
#10824 = VECTOR('',#10825,1.);
#10825 = DIRECTION('',(1.,0.));
#10826 = ( GEOMETRIC_REPRESENTATION_CONTEXT(2) 
PARAMETRIC_REPRESENTATION_CONTEXT() REPRESENTATION_CONTEXT('2D SPACE',''
  ) );
#10827 = PCURVE('',#9676,#10828);
#10828 = DEFINITIONAL_REPRESENTATION('',(#10829),#10833);
#10829 = B_SPLINE_CURVE_WITH_KNOTS('',2,(#10830,#10831,#10832),
  .UNSPECIFIED.,.F.,.F.,(3,3),(0.,1.),.PIECEWISE_BEZIER_KNOTS.);
#10830 = CARTESIAN_POINT('',(0.58203125,0.8603515625));
#10831 = CARTESIAN_POINT('',(0.7275390625,0.8603515625));
#10832 = CARTESIAN_POINT('',(0.8046875,0.91845703125));
#10833 = ( GEOMETRIC_REPRESENTATION_CONTEXT(2) 
PARAMETRIC_REPRESENTATION_CONTEXT() REPRESENTATION_CONTEXT('2D SPACE',''
  ) );
#10834 = ORIENTED_EDGE('',*,*,#10693,.F.);
#10835 = ORIENTED_EDGE('',*,*,#3462,.F.);
#10836 = ADVANCED_FACE('',(#10837),#3334,.T.);
#10837 = FACE_BOUND('',#10838,.T.);
#10838 = EDGE_LOOP('',(#10839,#10840,#10863,#10884));
#10839 = ORIENTED_EDGE('',*,*,#10766,.T.);
#10840 = ORIENTED_EDGE('',*,*,#10841,.T.);
#10841 = EDGE_CURVE('',#10744,#10842,#10844,.T.);
#10842 = VERTEX_POINT('',#10843);
#10843 = CARTESIAN_POINT('',(1.1435546875,3.93310546875,6.45));
#10844 = SURFACE_CURVE('',#10845,(#10849,#10856),.PCURVE_S1.);
#10845 = B_SPLINE_CURVE_WITH_KNOTS('',2,(#10846,#10847,#10848),
  .UNSPECIFIED.,.F.,.F.,(3,3),(0.,1.),.PIECEWISE_BEZIER_KNOTS.);
#10846 = CARTESIAN_POINT('',(1.23388671875,3.7314453125,6.45));
#10847 = CARTESIAN_POINT('',(1.23388671875,3.8603515625,6.45));
#10848 = CARTESIAN_POINT('',(1.1435546875,3.93310546875,6.45));
#10849 = PCURVE('',#3334,#10850);
#10850 = DEFINITIONAL_REPRESENTATION('',(#10851),#10855);
#10851 = LINE('',#10852,#10853);
#10852 = CARTESIAN_POINT('',(0.,-0.45));
#10853 = VECTOR('',#10854,1.);
#10854 = DIRECTION('',(1.,0.));
#10855 = ( GEOMETRIC_REPRESENTATION_CONTEXT(2) 
PARAMETRIC_REPRESENTATION_CONTEXT() REPRESENTATION_CONTEXT('2D SPACE',''
  ) );
#10856 = PCURVE('',#9676,#10857);
#10857 = DEFINITIONAL_REPRESENTATION('',(#10858),#10862);
#10858 = B_SPLINE_CURVE_WITH_KNOTS('',2,(#10859,#10860,#10861),
  .UNSPECIFIED.,.F.,.F.,(3,3),(0.,1.),.PIECEWISE_BEZIER_KNOTS.);
#10859 = CARTESIAN_POINT('',(0.916015625,0.423828125));
#10860 = CARTESIAN_POINT('',(0.916015625,0.552734375));
#10861 = CARTESIAN_POINT('',(0.82568359375,0.62548828125));
#10862 = ( GEOMETRIC_REPRESENTATION_CONTEXT(2) 
PARAMETRIC_REPRESENTATION_CONTEXT() REPRESENTATION_CONTEXT('2D SPACE',''
  ) );
#10863 = ORIENTED_EDGE('',*,*,#10864,.F.);
#10864 = EDGE_CURVE('',#3319,#10842,#10865,.T.);
#10865 = SURFACE_CURVE('',#10866,(#10870,#10877),.PCURVE_S1.);
#10866 = LINE('',#10867,#10868);
#10867 = CARTESIAN_POINT('',(1.1435546875,3.93310546875,6.));
#10868 = VECTOR('',#10869,1.);
#10869 = DIRECTION('',(0.,0.,1.));
#10870 = PCURVE('',#3334,#10871);
#10871 = DEFINITIONAL_REPRESENTATION('',(#10872),#10876);
#10872 = LINE('',#10873,#10874);
#10873 = CARTESIAN_POINT('',(1.,0.));
#10874 = VECTOR('',#10875,1.);
#10875 = DIRECTION('',(0.,-1.));
#10876 = ( GEOMETRIC_REPRESENTATION_CONTEXT(2) 
PARAMETRIC_REPRESENTATION_CONTEXT() REPRESENTATION_CONTEXT('2D SPACE',''
  ) );
#10877 = PCURVE('',#3364,#10878);
#10878 = DEFINITIONAL_REPRESENTATION('',(#10879),#10883);
#10879 = LINE('',#10880,#10881);
#10880 = CARTESIAN_POINT('',(0.,0.));
#10881 = VECTOR('',#10882,1.);
#10882 = DIRECTION('',(0.,-1.));
#10883 = ( GEOMETRIC_REPRESENTATION_CONTEXT(2) 
PARAMETRIC_REPRESENTATION_CONTEXT() REPRESENTATION_CONTEXT('2D SPACE',''
  ) );
#10884 = ORIENTED_EDGE('',*,*,#3318,.F.);
#10885 = ADVANCED_FACE('',(#10886),#3450,.T.);
#10886 = FACE_BOUND('',#10887,.T.);
#10887 = EDGE_LOOP('',(#10888,#10911,#10932,#10933));
#10888 = ORIENTED_EDGE('',*,*,#10889,.T.);
#10889 = EDGE_CURVE('',#3407,#10890,#10892,.T.);
#10890 = VERTEX_POINT('',#10891);
#10891 = CARTESIAN_POINT('',(0.72216796875,4.16796875,6.45));
#10892 = SURFACE_CURVE('',#10893,(#10897,#10904),.PCURVE_S1.);
#10893 = LINE('',#10894,#10895);
#10894 = CARTESIAN_POINT('',(0.72216796875,4.16796875,6.));
#10895 = VECTOR('',#10896,1.);
#10896 = DIRECTION('',(0.,0.,1.));
#10897 = PCURVE('',#3450,#10898);
#10898 = DEFINITIONAL_REPRESENTATION('',(#10899),#10903);
#10899 = LINE('',#10900,#10901);
#10900 = CARTESIAN_POINT('',(0.,0.));
#10901 = VECTOR('',#10902,1.);
#10902 = DIRECTION('',(0.,-1.));
#10903 = ( GEOMETRIC_REPRESENTATION_CONTEXT(2) 
PARAMETRIC_REPRESENTATION_CONTEXT() REPRESENTATION_CONTEXT('2D SPACE',''
  ) );
#10904 = PCURVE('',#3422,#10905);
#10905 = DEFINITIONAL_REPRESENTATION('',(#10906),#10910);
#10906 = LINE('',#10907,#10908);
#10907 = CARTESIAN_POINT('',(0.162109375,0.));
#10908 = VECTOR('',#10909,1.);
#10909 = DIRECTION('',(0.,-1.));
#10910 = ( GEOMETRIC_REPRESENTATION_CONTEXT(2) 
PARAMETRIC_REPRESENTATION_CONTEXT() REPRESENTATION_CONTEXT('2D SPACE',''
  ) );
#10911 = ORIENTED_EDGE('',*,*,#10912,.T.);
#10912 = EDGE_CURVE('',#10890,#10792,#10913,.T.);
#10913 = SURFACE_CURVE('',#10914,(#10918,#10925),.PCURVE_S1.);
#10914 = LINE('',#10915,#10916);
#10915 = CARTESIAN_POINT('',(0.72216796875,4.16796875,6.45));
#10916 = VECTOR('',#10917,1.);
#10917 = DIRECTION('',(1.,0.,0.));
#10918 = PCURVE('',#3450,#10919);
#10919 = DEFINITIONAL_REPRESENTATION('',(#10920),#10924);
#10920 = LINE('',#10921,#10922);
#10921 = CARTESIAN_POINT('',(0.,-0.45));
#10922 = VECTOR('',#10923,1.);
#10923 = DIRECTION('',(1.,0.));
#10924 = ( GEOMETRIC_REPRESENTATION_CONTEXT(2) 
PARAMETRIC_REPRESENTATION_CONTEXT() REPRESENTATION_CONTEXT('2D SPACE',''
  ) );
#10925 = PCURVE('',#9676,#10926);
#10926 = DEFINITIONAL_REPRESENTATION('',(#10927),#10931);
#10927 = LINE('',#10928,#10929);
#10928 = CARTESIAN_POINT('',(0.404296875,0.8603515625));
#10929 = VECTOR('',#10930,1.);
#10930 = DIRECTION('',(1.,0.));
#10931 = ( GEOMETRIC_REPRESENTATION_CONTEXT(2) 
PARAMETRIC_REPRESENTATION_CONTEXT() REPRESENTATION_CONTEXT('2D SPACE',''
  ) );
#10932 = ORIENTED_EDGE('',*,*,#10791,.F.);
#10933 = ORIENTED_EDGE('',*,*,#3434,.F.);
#10934 = ADVANCED_FACE('',(#10935),#3364,.T.);
#10935 = FACE_BOUND('',#10936,.T.);
#10936 = EDGE_LOOP('',(#10937,#10938,#10961,#10982));
#10937 = ORIENTED_EDGE('',*,*,#10864,.T.);
#10938 = ORIENTED_EDGE('',*,*,#10939,.T.);
#10939 = EDGE_CURVE('',#10842,#10940,#10942,.T.);
#10940 = VERTEX_POINT('',#10941);
#10941 = CARTESIAN_POINT('',(0.89208984375,4.005859375,6.45));
#10942 = SURFACE_CURVE('',#10943,(#10947,#10954),.PCURVE_S1.);
#10943 = B_SPLINE_CURVE_WITH_KNOTS('',2,(#10944,#10945,#10946),
  .UNSPECIFIED.,.F.,.F.,(3,3),(0.,1.),.PIECEWISE_BEZIER_KNOTS.);
#10944 = CARTESIAN_POINT('',(1.1435546875,3.93310546875,6.45));
#10945 = CARTESIAN_POINT('',(1.05322265625,4.005859375,6.45));
#10946 = CARTESIAN_POINT('',(0.89208984375,4.005859375,6.45));
#10947 = PCURVE('',#3364,#10948);
#10948 = DEFINITIONAL_REPRESENTATION('',(#10949),#10953);
#10949 = LINE('',#10950,#10951);
#10950 = CARTESIAN_POINT('',(0.,-0.45));
#10951 = VECTOR('',#10952,1.);
#10952 = DIRECTION('',(1.,0.));
#10953 = ( GEOMETRIC_REPRESENTATION_CONTEXT(2) 
PARAMETRIC_REPRESENTATION_CONTEXT() REPRESENTATION_CONTEXT('2D SPACE',''
  ) );
#10954 = PCURVE('',#9676,#10955);
#10955 = DEFINITIONAL_REPRESENTATION('',(#10956),#10960);
#10956 = B_SPLINE_CURVE_WITH_KNOTS('',2,(#10957,#10958,#10959),
  .UNSPECIFIED.,.F.,.F.,(3,3),(0.,1.),.PIECEWISE_BEZIER_KNOTS.);
#10957 = CARTESIAN_POINT('',(0.82568359375,0.62548828125));
#10958 = CARTESIAN_POINT('',(0.7353515625,0.6982421875));
#10959 = CARTESIAN_POINT('',(0.57421875,0.6982421875));
#10960 = ( GEOMETRIC_REPRESENTATION_CONTEXT(2) 
PARAMETRIC_REPRESENTATION_CONTEXT() REPRESENTATION_CONTEXT('2D SPACE',''
  ) );
#10961 = ORIENTED_EDGE('',*,*,#10962,.F.);
#10962 = EDGE_CURVE('',#3349,#10940,#10963,.T.);
#10963 = SURFACE_CURVE('',#10964,(#10968,#10975),.PCURVE_S1.);
#10964 = LINE('',#10965,#10966);
#10965 = CARTESIAN_POINT('',(0.89208984375,4.005859375,6.));
#10966 = VECTOR('',#10967,1.);
#10967 = DIRECTION('',(0.,0.,1.));
#10968 = PCURVE('',#3364,#10969);
#10969 = DEFINITIONAL_REPRESENTATION('',(#10970),#10974);
#10970 = LINE('',#10971,#10972);
#10971 = CARTESIAN_POINT('',(1.,0.));
#10972 = VECTOR('',#10973,1.);
#10973 = DIRECTION('',(0.,-1.));
#10974 = ( GEOMETRIC_REPRESENTATION_CONTEXT(2) 
PARAMETRIC_REPRESENTATION_CONTEXT() REPRESENTATION_CONTEXT('2D SPACE',''
  ) );
#10975 = PCURVE('',#3394,#10976);
#10976 = DEFINITIONAL_REPRESENTATION('',(#10977),#10981);
#10977 = LINE('',#10978,#10979);
#10978 = CARTESIAN_POINT('',(0.,-0.));
#10979 = VECTOR('',#10980,1.);
#10980 = DIRECTION('',(0.,-1.));
#10981 = ( GEOMETRIC_REPRESENTATION_CONTEXT(2) 
PARAMETRIC_REPRESENTATION_CONTEXT() REPRESENTATION_CONTEXT('2D SPACE',''
  ) );
#10982 = ORIENTED_EDGE('',*,*,#3348,.F.);
#10983 = ADVANCED_FACE('',(#10984),#3422,.T.);
#10984 = FACE_BOUND('',#10985,.T.);
#10985 = EDGE_LOOP('',(#10986,#11009,#11030,#11031));
#10986 = ORIENTED_EDGE('',*,*,#10987,.T.);
#10987 = EDGE_CURVE('',#3379,#10988,#10990,.T.);
#10988 = VERTEX_POINT('',#10989);
#10989 = CARTESIAN_POINT('',(0.72216796875,4.005859375,6.45));
#10990 = SURFACE_CURVE('',#10991,(#10995,#11002),.PCURVE_S1.);
#10991 = LINE('',#10992,#10993);
#10992 = CARTESIAN_POINT('',(0.72216796875,4.005859375,6.));
#10993 = VECTOR('',#10994,1.);
#10994 = DIRECTION('',(0.,0.,1.));
#10995 = PCURVE('',#3422,#10996);
#10996 = DEFINITIONAL_REPRESENTATION('',(#10997),#11001);
#10997 = LINE('',#10998,#10999);
#10998 = CARTESIAN_POINT('',(0.,0.));
#10999 = VECTOR('',#11000,1.);
#11000 = DIRECTION('',(0.,-1.));
#11001 = ( GEOMETRIC_REPRESENTATION_CONTEXT(2) 
PARAMETRIC_REPRESENTATION_CONTEXT() REPRESENTATION_CONTEXT('2D SPACE',''
  ) );
#11002 = PCURVE('',#3394,#11003);
#11003 = DEFINITIONAL_REPRESENTATION('',(#11004),#11008);
#11004 = LINE('',#11005,#11006);
#11005 = CARTESIAN_POINT('',(0.169921875,0.));
#11006 = VECTOR('',#11007,1.);
#11007 = DIRECTION('',(0.,-1.));
#11008 = ( GEOMETRIC_REPRESENTATION_CONTEXT(2) 
PARAMETRIC_REPRESENTATION_CONTEXT() REPRESENTATION_CONTEXT('2D SPACE',''
  ) );
#11009 = ORIENTED_EDGE('',*,*,#11010,.T.);
#11010 = EDGE_CURVE('',#10988,#10890,#11011,.T.);
#11011 = SURFACE_CURVE('',#11012,(#11016,#11023),.PCURVE_S1.);
#11012 = LINE('',#11013,#11014);
#11013 = CARTESIAN_POINT('',(0.72216796875,4.005859375,6.45));
#11014 = VECTOR('',#11015,1.);
#11015 = DIRECTION('',(0.,1.,0.));
#11016 = PCURVE('',#3422,#11017);
#11017 = DEFINITIONAL_REPRESENTATION('',(#11018),#11022);
#11018 = LINE('',#11019,#11020);
#11019 = CARTESIAN_POINT('',(0.,-0.45));
#11020 = VECTOR('',#11021,1.);
#11021 = DIRECTION('',(1.,0.));
#11022 = ( GEOMETRIC_REPRESENTATION_CONTEXT(2) 
PARAMETRIC_REPRESENTATION_CONTEXT() REPRESENTATION_CONTEXT('2D SPACE',''
  ) );
#11023 = PCURVE('',#9676,#11024);
#11024 = DEFINITIONAL_REPRESENTATION('',(#11025),#11029);
#11025 = LINE('',#11026,#11027);
#11026 = CARTESIAN_POINT('',(0.404296875,0.6982421875));
#11027 = VECTOR('',#11028,1.);
#11028 = DIRECTION('',(0.,1.));
#11029 = ( GEOMETRIC_REPRESENTATION_CONTEXT(2) 
PARAMETRIC_REPRESENTATION_CONTEXT() REPRESENTATION_CONTEXT('2D SPACE',''
  ) );
#11030 = ORIENTED_EDGE('',*,*,#10889,.F.);
#11031 = ORIENTED_EDGE('',*,*,#3406,.F.);
#11032 = ADVANCED_FACE('',(#11033),#3394,.T.);
#11033 = FACE_BOUND('',#11034,.T.);
#11034 = EDGE_LOOP('',(#11035,#11036,#11057,#11058));
#11035 = ORIENTED_EDGE('',*,*,#10962,.T.);
#11036 = ORIENTED_EDGE('',*,*,#11037,.T.);
#11037 = EDGE_CURVE('',#10940,#10988,#11038,.T.);
#11038 = SURFACE_CURVE('',#11039,(#11043,#11050),.PCURVE_S1.);
#11039 = LINE('',#11040,#11041);
#11040 = CARTESIAN_POINT('',(0.89208984375,4.005859375,6.45));
#11041 = VECTOR('',#11042,1.);
#11042 = DIRECTION('',(-1.,0.,0.));
#11043 = PCURVE('',#3394,#11044);
#11044 = DEFINITIONAL_REPRESENTATION('',(#11045),#11049);
#11045 = LINE('',#11046,#11047);
#11046 = CARTESIAN_POINT('',(0.,-0.45));
#11047 = VECTOR('',#11048,1.);
#11048 = DIRECTION('',(1.,0.));
#11049 = ( GEOMETRIC_REPRESENTATION_CONTEXT(2) 
PARAMETRIC_REPRESENTATION_CONTEXT() REPRESENTATION_CONTEXT('2D SPACE',''
  ) );
#11050 = PCURVE('',#9676,#11051);
#11051 = DEFINITIONAL_REPRESENTATION('',(#11052),#11056);
#11052 = LINE('',#11053,#11054);
#11053 = CARTESIAN_POINT('',(0.57421875,0.6982421875));
#11054 = VECTOR('',#11055,1.);
#11055 = DIRECTION('',(-1.,0.));
#11056 = ( GEOMETRIC_REPRESENTATION_CONTEXT(2) 
PARAMETRIC_REPRESENTATION_CONTEXT() REPRESENTATION_CONTEXT('2D SPACE',''
  ) );
#11057 = ORIENTED_EDGE('',*,*,#10987,.F.);
#11058 = ORIENTED_EDGE('',*,*,#3378,.F.);
#11059 = ADVANCED_FACE('',(#11060),#3838,.T.);
#11060 = FACE_BOUND('',#11061,.T.);
#11061 = EDGE_LOOP('',(#11062,#11085,#11113,#11134));
#11062 = ORIENTED_EDGE('',*,*,#11063,.T.);
#11063 = EDGE_CURVE('',#3821,#11064,#11066,.T.);
#11064 = VERTEX_POINT('',#11065);
#11065 = CARTESIAN_POINT('',(12.10205078125,3.3076171875,6.45));
#11066 = SURFACE_CURVE('',#11067,(#11071,#11078),.PCURVE_S1.);
#11067 = LINE('',#11068,#11069);
#11068 = CARTESIAN_POINT('',(12.10205078125,3.3076171875,6.));
#11069 = VECTOR('',#11070,1.);
#11070 = DIRECTION('',(0.,0.,1.));
#11071 = PCURVE('',#3838,#11072);
#11072 = DEFINITIONAL_REPRESENTATION('',(#11073),#11077);
#11073 = LINE('',#11074,#11075);
#11074 = CARTESIAN_POINT('',(0.,-0.));
#11075 = VECTOR('',#11076,1.);
#11076 = DIRECTION('',(0.,-1.));
#11077 = ( GEOMETRIC_REPRESENTATION_CONTEXT(2) 
PARAMETRIC_REPRESENTATION_CONTEXT() REPRESENTATION_CONTEXT('2D SPACE',''
  ) );
#11078 = PCURVE('',#3920,#11079);
#11079 = DEFINITIONAL_REPRESENTATION('',(#11080),#11084);
#11080 = LINE('',#11081,#11082);
#11081 = CARTESIAN_POINT('',(0.248046875,0.));
#11082 = VECTOR('',#11083,1.);
#11083 = DIRECTION('',(0.,-1.));
#11084 = ( GEOMETRIC_REPRESENTATION_CONTEXT(2) 
PARAMETRIC_REPRESENTATION_CONTEXT() REPRESENTATION_CONTEXT('2D SPACE',''
  ) );
#11085 = ORIENTED_EDGE('',*,*,#11086,.T.);
#11086 = EDGE_CURVE('',#11064,#11087,#11089,.T.);
#11087 = VERTEX_POINT('',#11088);
#11088 = CARTESIAN_POINT('',(11.89599609375,3.3076171875,6.45));
#11089 = SURFACE_CURVE('',#11090,(#11094,#11101),.PCURVE_S1.);
#11090 = LINE('',#11091,#11092);
#11091 = CARTESIAN_POINT('',(12.10205078125,3.3076171875,6.45));
#11092 = VECTOR('',#11093,1.);
#11093 = DIRECTION('',(-1.,0.,0.));
#11094 = PCURVE('',#3838,#11095);
#11095 = DEFINITIONAL_REPRESENTATION('',(#11096),#11100);
#11096 = LINE('',#11097,#11098);
#11097 = CARTESIAN_POINT('',(0.,-0.45));
#11098 = VECTOR('',#11099,1.);
#11099 = DIRECTION('',(1.,0.));
#11100 = ( GEOMETRIC_REPRESENTATION_CONTEXT(2) 
PARAMETRIC_REPRESENTATION_CONTEXT() REPRESENTATION_CONTEXT('2D SPACE',''
  ) );
#11101 = PCURVE('',#11102,#11107);
#11102 = PLANE('',#11103);
#11103 = AXIS2_PLACEMENT_3D('',#11104,#11105,#11106);
#11104 = CARTESIAN_POINT('',(11.68212890625,3.3076171875,6.45));
#11105 = DIRECTION('',(0.,0.,1.));
#11106 = DIRECTION('',(1.,0.,0.));
#11107 = DEFINITIONAL_REPRESENTATION('',(#11108),#11112);
#11108 = LINE('',#11109,#11110);
#11109 = CARTESIAN_POINT('',(0.419921875,0.));
#11110 = VECTOR('',#11111,1.);
#11111 = DIRECTION('',(-1.,0.));
#11112 = ( GEOMETRIC_REPRESENTATION_CONTEXT(2) 
PARAMETRIC_REPRESENTATION_CONTEXT() REPRESENTATION_CONTEXT('2D SPACE',''
  ) );
#11113 = ORIENTED_EDGE('',*,*,#11114,.F.);
#11114 = EDGE_CURVE('',#3823,#11087,#11115,.T.);
#11115 = SURFACE_CURVE('',#11116,(#11120,#11127),.PCURVE_S1.);
#11116 = LINE('',#11117,#11118);
#11117 = CARTESIAN_POINT('',(11.89599609375,3.3076171875,6.));
#11118 = VECTOR('',#11119,1.);
#11119 = DIRECTION('',(0.,0.,1.));
#11120 = PCURVE('',#3838,#11121);
#11121 = DEFINITIONAL_REPRESENTATION('',(#11122),#11126);
#11122 = LINE('',#11123,#11124);
#11123 = CARTESIAN_POINT('',(0.2060546875,0.));
#11124 = VECTOR('',#11125,1.);
#11125 = DIRECTION('',(0.,-1.));
#11126 = ( GEOMETRIC_REPRESENTATION_CONTEXT(2) 
PARAMETRIC_REPRESENTATION_CONTEXT() REPRESENTATION_CONTEXT('2D SPACE',''
  ) );
#11127 = PCURVE('',#3866,#11128);
#11128 = DEFINITIONAL_REPRESENTATION('',(#11129),#11133);
#11129 = LINE('',#11130,#11131);
#11130 = CARTESIAN_POINT('',(0.,0.));
#11131 = VECTOR('',#11132,1.);
#11132 = DIRECTION('',(0.,-1.));
#11133 = ( GEOMETRIC_REPRESENTATION_CONTEXT(2) 
PARAMETRIC_REPRESENTATION_CONTEXT() REPRESENTATION_CONTEXT('2D SPACE',''
  ) );
#11134 = ORIENTED_EDGE('',*,*,#3820,.F.);
#11135 = ADVANCED_FACE('',(#11136),#3920,.T.);
#11136 = FACE_BOUND('',#11137,.T.);
#11137 = EDGE_LOOP('',(#11138,#11161,#11182,#11183));
#11138 = ORIENTED_EDGE('',*,*,#11139,.T.);
#11139 = EDGE_CURVE('',#3879,#11140,#11142,.T.);
#11140 = VERTEX_POINT('',#11141);
#11141 = CARTESIAN_POINT('',(12.10205078125,3.5556640625,6.45));
#11142 = SURFACE_CURVE('',#11143,(#11147,#11154),.PCURVE_S1.);
#11143 = LINE('',#11144,#11145);
#11144 = CARTESIAN_POINT('',(12.10205078125,3.5556640625,6.));
#11145 = VECTOR('',#11146,1.);
#11146 = DIRECTION('',(0.,0.,1.));
#11147 = PCURVE('',#3920,#11148);
#11148 = DEFINITIONAL_REPRESENTATION('',(#11149),#11153);
#11149 = LINE('',#11150,#11151);
#11150 = CARTESIAN_POINT('',(0.,0.));
#11151 = VECTOR('',#11152,1.);
#11152 = DIRECTION('',(0.,-1.));
#11153 = ( GEOMETRIC_REPRESENTATION_CONTEXT(2) 
PARAMETRIC_REPRESENTATION_CONTEXT() REPRESENTATION_CONTEXT('2D SPACE',''
  ) );
#11154 = PCURVE('',#3894,#11155);
#11155 = DEFINITIONAL_REPRESENTATION('',(#11156),#11160);
#11156 = LINE('',#11157,#11158);
#11157 = CARTESIAN_POINT('',(0.2060546875,0.));
#11158 = VECTOR('',#11159,1.);
#11159 = DIRECTION('',(0.,-1.));
#11160 = ( GEOMETRIC_REPRESENTATION_CONTEXT(2) 
PARAMETRIC_REPRESENTATION_CONTEXT() REPRESENTATION_CONTEXT('2D SPACE',''
  ) );
#11161 = ORIENTED_EDGE('',*,*,#11162,.T.);
#11162 = EDGE_CURVE('',#11140,#11064,#11163,.T.);
#11163 = SURFACE_CURVE('',#11164,(#11168,#11175),.PCURVE_S1.);
#11164 = LINE('',#11165,#11166);
#11165 = CARTESIAN_POINT('',(12.10205078125,3.5556640625,6.45));
#11166 = VECTOR('',#11167,1.);
#11167 = DIRECTION('',(0.,-1.,0.));
#11168 = PCURVE('',#3920,#11169);
#11169 = DEFINITIONAL_REPRESENTATION('',(#11170),#11174);
#11170 = LINE('',#11171,#11172);
#11171 = CARTESIAN_POINT('',(0.,-0.45));
#11172 = VECTOR('',#11173,1.);
#11173 = DIRECTION('',(1.,0.));
#11174 = ( GEOMETRIC_REPRESENTATION_CONTEXT(2) 
PARAMETRIC_REPRESENTATION_CONTEXT() REPRESENTATION_CONTEXT('2D SPACE',''
  ) );
#11175 = PCURVE('',#11102,#11176);
#11176 = DEFINITIONAL_REPRESENTATION('',(#11177),#11181);
#11177 = LINE('',#11178,#11179);
#11178 = CARTESIAN_POINT('',(0.419921875,0.248046875));
#11179 = VECTOR('',#11180,1.);
#11180 = DIRECTION('',(0.,-1.));
#11181 = ( GEOMETRIC_REPRESENTATION_CONTEXT(2) 
PARAMETRIC_REPRESENTATION_CONTEXT() REPRESENTATION_CONTEXT('2D SPACE',''
  ) );
#11182 = ORIENTED_EDGE('',*,*,#11063,.F.);
#11183 = ORIENTED_EDGE('',*,*,#3906,.F.);
#11184 = ADVANCED_FACE('',(#11185),#3894,.T.);
#11185 = FACE_BOUND('',#11186,.T.);
#11186 = EDGE_LOOP('',(#11187,#11210,#11231,#11232));
#11187 = ORIENTED_EDGE('',*,*,#11188,.T.);
#11188 = EDGE_CURVE('',#3851,#11189,#11191,.T.);
#11189 = VERTEX_POINT('',#11190);
#11190 = CARTESIAN_POINT('',(11.89599609375,3.5556640625,6.45));
#11191 = SURFACE_CURVE('',#11192,(#11196,#11203),.PCURVE_S1.);
#11192 = LINE('',#11193,#11194);
#11193 = CARTESIAN_POINT('',(11.89599609375,3.5556640625,6.));
#11194 = VECTOR('',#11195,1.);
#11195 = DIRECTION('',(0.,0.,1.));
#11196 = PCURVE('',#3894,#11197);
#11197 = DEFINITIONAL_REPRESENTATION('',(#11198),#11202);
#11198 = LINE('',#11199,#11200);
#11199 = CARTESIAN_POINT('',(0.,0.));
#11200 = VECTOR('',#11201,1.);
#11201 = DIRECTION('',(0.,-1.));
#11202 = ( GEOMETRIC_REPRESENTATION_CONTEXT(2) 
PARAMETRIC_REPRESENTATION_CONTEXT() REPRESENTATION_CONTEXT('2D SPACE',''
  ) );
#11203 = PCURVE('',#3866,#11204);
#11204 = DEFINITIONAL_REPRESENTATION('',(#11205),#11209);
#11205 = LINE('',#11206,#11207);
#11206 = CARTESIAN_POINT('',(0.248046875,0.));
#11207 = VECTOR('',#11208,1.);
#11208 = DIRECTION('',(0.,-1.));
#11209 = ( GEOMETRIC_REPRESENTATION_CONTEXT(2) 
PARAMETRIC_REPRESENTATION_CONTEXT() REPRESENTATION_CONTEXT('2D SPACE',''
  ) );
#11210 = ORIENTED_EDGE('',*,*,#11211,.T.);
#11211 = EDGE_CURVE('',#11189,#11140,#11212,.T.);
#11212 = SURFACE_CURVE('',#11213,(#11217,#11224),.PCURVE_S1.);
#11213 = LINE('',#11214,#11215);
#11214 = CARTESIAN_POINT('',(11.89599609375,3.5556640625,6.45));
#11215 = VECTOR('',#11216,1.);
#11216 = DIRECTION('',(1.,0.,0.));
#11217 = PCURVE('',#3894,#11218);
#11218 = DEFINITIONAL_REPRESENTATION('',(#11219),#11223);
#11219 = LINE('',#11220,#11221);
#11220 = CARTESIAN_POINT('',(0.,-0.45));
#11221 = VECTOR('',#11222,1.);
#11222 = DIRECTION('',(1.,0.));
#11223 = ( GEOMETRIC_REPRESENTATION_CONTEXT(2) 
PARAMETRIC_REPRESENTATION_CONTEXT() REPRESENTATION_CONTEXT('2D SPACE',''
  ) );
#11224 = PCURVE('',#11102,#11225);
#11225 = DEFINITIONAL_REPRESENTATION('',(#11226),#11230);
#11226 = LINE('',#11227,#11228);
#11227 = CARTESIAN_POINT('',(0.2138671875,0.248046875));
#11228 = VECTOR('',#11229,1.);
#11229 = DIRECTION('',(1.,0.));
#11230 = ( GEOMETRIC_REPRESENTATION_CONTEXT(2) 
PARAMETRIC_REPRESENTATION_CONTEXT() REPRESENTATION_CONTEXT('2D SPACE',''
  ) );
#11231 = ORIENTED_EDGE('',*,*,#11139,.F.);
#11232 = ORIENTED_EDGE('',*,*,#3878,.F.);
#11233 = ADVANCED_FACE('',(#11234),#3866,.T.);
#11234 = FACE_BOUND('',#11235,.T.);
#11235 = EDGE_LOOP('',(#11236,#11237,#11258,#11259));
#11236 = ORIENTED_EDGE('',*,*,#11114,.T.);
#11237 = ORIENTED_EDGE('',*,*,#11238,.T.);
#11238 = EDGE_CURVE('',#11087,#11189,#11239,.T.);
#11239 = SURFACE_CURVE('',#11240,(#11244,#11251),.PCURVE_S1.);
#11240 = LINE('',#11241,#11242);
#11241 = CARTESIAN_POINT('',(11.89599609375,3.3076171875,6.45));
#11242 = VECTOR('',#11243,1.);
#11243 = DIRECTION('',(0.,1.,0.));
#11244 = PCURVE('',#3866,#11245);
#11245 = DEFINITIONAL_REPRESENTATION('',(#11246),#11250);
#11246 = LINE('',#11247,#11248);
#11247 = CARTESIAN_POINT('',(0.,-0.45));
#11248 = VECTOR('',#11249,1.);
#11249 = DIRECTION('',(1.,0.));
#11250 = ( GEOMETRIC_REPRESENTATION_CONTEXT(2) 
PARAMETRIC_REPRESENTATION_CONTEXT() REPRESENTATION_CONTEXT('2D SPACE',''
  ) );
#11251 = PCURVE('',#11102,#11252);
#11252 = DEFINITIONAL_REPRESENTATION('',(#11253),#11257);
#11253 = LINE('',#11254,#11255);
#11254 = CARTESIAN_POINT('',(0.2138671875,0.));
#11255 = VECTOR('',#11256,1.);
#11256 = DIRECTION('',(0.,1.));
#11257 = ( GEOMETRIC_REPRESENTATION_CONTEXT(2) 
PARAMETRIC_REPRESENTATION_CONTEXT() REPRESENTATION_CONTEXT('2D SPACE',''
  ) );
#11258 = ORIENTED_EDGE('',*,*,#11188,.F.);
#11259 = ORIENTED_EDGE('',*,*,#3850,.F.);
#11260 = ADVANCED_FACE('',(#11261),#3952,.T.);
#11261 = FACE_BOUND('',#11262,.T.);
#11262 = EDGE_LOOP('',(#11263,#11286,#11314,#11335));
#11263 = ORIENTED_EDGE('',*,*,#11264,.T.);
#11264 = EDGE_CURVE('',#3935,#11265,#11267,.T.);
#11265 = VERTEX_POINT('',#11266);
#11266 = CARTESIAN_POINT('',(11.41845703125,4.20947265625,6.45));
#11267 = SURFACE_CURVE('',#11268,(#11272,#11279),.PCURVE_S1.);
#11268 = LINE('',#11269,#11270);
#11269 = CARTESIAN_POINT('',(11.41845703125,4.20947265625,6.));
#11270 = VECTOR('',#11271,1.);
#11271 = DIRECTION('',(0.,0.,1.));
#11272 = PCURVE('',#3952,#11273);
#11273 = DEFINITIONAL_REPRESENTATION('',(#11274),#11278);
#11274 = LINE('',#11275,#11276);
#11275 = CARTESIAN_POINT('',(0.,0.));
#11276 = VECTOR('',#11277,1.);
#11277 = DIRECTION('',(0.,-1.));
#11278 = ( GEOMETRIC_REPRESENTATION_CONTEXT(2) 
PARAMETRIC_REPRESENTATION_CONTEXT() REPRESENTATION_CONTEXT('2D SPACE',''
  ) );
#11279 = PCURVE('',#4780,#11280);
#11280 = DEFINITIONAL_REPRESENTATION('',(#11281),#11285);
#11281 = LINE('',#11282,#11283);
#11282 = CARTESIAN_POINT('',(1.,0.));
#11283 = VECTOR('',#11284,1.);
#11284 = DIRECTION('',(0.,-1.));
#11285 = ( GEOMETRIC_REPRESENTATION_CONTEXT(2) 
PARAMETRIC_REPRESENTATION_CONTEXT() REPRESENTATION_CONTEXT('2D SPACE',''
  ) );
#11286 = ORIENTED_EDGE('',*,*,#11287,.T.);
#11287 = EDGE_CURVE('',#11265,#11288,#11290,.T.);
#11288 = VERTEX_POINT('',#11289);
#11289 = CARTESIAN_POINT('',(11.22119140625,4.09375,6.45));
#11290 = SURFACE_CURVE('',#11291,(#11295,#11302),.PCURVE_S1.);
#11291 = B_SPLINE_CURVE_WITH_KNOTS('',2,(#11292,#11293,#11294),
  .UNSPECIFIED.,.F.,.F.,(3,3),(0.,1.),.PIECEWISE_BEZIER_KNOTS.);
#11292 = CARTESIAN_POINT('',(11.41845703125,4.20947265625,6.45));
#11293 = CARTESIAN_POINT('',(11.34912109375,4.1259765625,6.45));
#11294 = CARTESIAN_POINT('',(11.22119140625,4.09375,6.45));
#11295 = PCURVE('',#3952,#11296);
#11296 = DEFINITIONAL_REPRESENTATION('',(#11297),#11301);
#11297 = LINE('',#11298,#11299);
#11298 = CARTESIAN_POINT('',(0.,-0.45));
#11299 = VECTOR('',#11300,1.);
#11300 = DIRECTION('',(1.,0.));
#11301 = ( GEOMETRIC_REPRESENTATION_CONTEXT(2) 
PARAMETRIC_REPRESENTATION_CONTEXT() REPRESENTATION_CONTEXT('2D SPACE',''
  ) );
#11302 = PCURVE('',#11303,#11308);
#11303 = PLANE('',#11304);
#11304 = AXIS2_PLACEMENT_3D('',#11305,#11306,#11307);
#11305 = CARTESIAN_POINT('',(10.40966796875,3.3076171875,6.45));
#11306 = DIRECTION('',(0.,0.,1.));
#11307 = DIRECTION('',(1.,0.,0.));
#11308 = DEFINITIONAL_REPRESENTATION('',(#11309),#11313);
#11309 = B_SPLINE_CURVE_WITH_KNOTS('',2,(#11310,#11311,#11312),
  .UNSPECIFIED.,.F.,.F.,(3,3),(0.,1.),.PIECEWISE_BEZIER_KNOTS.);
#11310 = CARTESIAN_POINT('',(1.0087890625,0.90185546875));
#11311 = CARTESIAN_POINT('',(0.939453125,0.818359375));
#11312 = CARTESIAN_POINT('',(0.8115234375,0.7861328125));
#11313 = ( GEOMETRIC_REPRESENTATION_CONTEXT(2) 
PARAMETRIC_REPRESENTATION_CONTEXT() REPRESENTATION_CONTEXT('2D SPACE',''
  ) );
#11314 = ORIENTED_EDGE('',*,*,#11315,.F.);
#11315 = EDGE_CURVE('',#3937,#11288,#11316,.T.);
#11316 = SURFACE_CURVE('',#11317,(#11321,#11328),.PCURVE_S1.);
#11317 = LINE('',#11318,#11319);
#11318 = CARTESIAN_POINT('',(11.22119140625,4.09375,6.));
#11319 = VECTOR('',#11320,1.);
#11320 = DIRECTION('',(0.,0.,1.));
#11321 = PCURVE('',#3952,#11322);
#11322 = DEFINITIONAL_REPRESENTATION('',(#11323),#11327);
#11323 = LINE('',#11324,#11325);
#11324 = CARTESIAN_POINT('',(1.,0.));
#11325 = VECTOR('',#11326,1.);
#11326 = DIRECTION('',(0.,-1.));
#11327 = ( GEOMETRIC_REPRESENTATION_CONTEXT(2) 
PARAMETRIC_REPRESENTATION_CONTEXT() REPRESENTATION_CONTEXT('2D SPACE',''
  ) );
#11328 = PCURVE('',#3982,#11329);
#11329 = DEFINITIONAL_REPRESENTATION('',(#11330),#11334);
#11330 = LINE('',#11331,#11332);
#11331 = CARTESIAN_POINT('',(0.,0.));
#11332 = VECTOR('',#11333,1.);
#11333 = DIRECTION('',(0.,-1.));
#11334 = ( GEOMETRIC_REPRESENTATION_CONTEXT(2) 
PARAMETRIC_REPRESENTATION_CONTEXT() REPRESENTATION_CONTEXT('2D SPACE',''
  ) );
#11335 = ORIENTED_EDGE('',*,*,#3934,.F.);
#11336 = ADVANCED_FACE('',(#11337),#4780,.T.);
#11337 = FACE_BOUND('',#11338,.T.);
#11338 = EDGE_LOOP('',(#11339,#11362,#11383,#11384));
#11339 = ORIENTED_EDGE('',*,*,#11340,.T.);
#11340 = EDGE_CURVE('',#4737,#11341,#11343,.T.);
#11341 = VERTEX_POINT('',#11342);
#11342 = CARTESIAN_POINT('',(11.48779296875,4.4140625,6.45));
#11343 = SURFACE_CURVE('',#11344,(#11348,#11355),.PCURVE_S1.);
#11344 = LINE('',#11345,#11346);
#11345 = CARTESIAN_POINT('',(11.48779296875,4.4140625,6.));
#11346 = VECTOR('',#11347,1.);
#11347 = DIRECTION('',(0.,0.,1.));
#11348 = PCURVE('',#4780,#11349);
#11349 = DEFINITIONAL_REPRESENTATION('',(#11350),#11354);
#11350 = LINE('',#11351,#11352);
#11351 = CARTESIAN_POINT('',(0.,0.));
#11352 = VECTOR('',#11353,1.);
#11353 = DIRECTION('',(0.,-1.));
#11354 = ( GEOMETRIC_REPRESENTATION_CONTEXT(2) 
PARAMETRIC_REPRESENTATION_CONTEXT() REPRESENTATION_CONTEXT('2D SPACE',''
  ) );
#11355 = PCURVE('',#4752,#11356);
#11356 = DEFINITIONAL_REPRESENTATION('',(#11357),#11361);
#11357 = LINE('',#11358,#11359);
#11358 = CARTESIAN_POINT('',(1.,0.));
#11359 = VECTOR('',#11360,1.);
#11360 = DIRECTION('',(0.,-1.));
#11361 = ( GEOMETRIC_REPRESENTATION_CONTEXT(2) 
PARAMETRIC_REPRESENTATION_CONTEXT() REPRESENTATION_CONTEXT('2D SPACE',''
  ) );
#11362 = ORIENTED_EDGE('',*,*,#11363,.T.);
#11363 = EDGE_CURVE('',#11341,#11265,#11364,.T.);
#11364 = SURFACE_CURVE('',#11365,(#11369,#11376),.PCURVE_S1.);
#11365 = B_SPLINE_CURVE_WITH_KNOTS('',2,(#11366,#11367,#11368),
  .UNSPECIFIED.,.F.,.F.,(3,3),(0.,1.),.PIECEWISE_BEZIER_KNOTS.);
#11366 = CARTESIAN_POINT('',(11.48779296875,4.4140625,6.45));
#11367 = CARTESIAN_POINT('',(11.48779296875,4.29296875,6.45));
#11368 = CARTESIAN_POINT('',(11.41845703125,4.20947265625,6.45));
#11369 = PCURVE('',#4780,#11370);
#11370 = DEFINITIONAL_REPRESENTATION('',(#11371),#11375);
#11371 = LINE('',#11372,#11373);
#11372 = CARTESIAN_POINT('',(0.,-0.45));
#11373 = VECTOR('',#11374,1.);
#11374 = DIRECTION('',(1.,0.));
#11375 = ( GEOMETRIC_REPRESENTATION_CONTEXT(2) 
PARAMETRIC_REPRESENTATION_CONTEXT() REPRESENTATION_CONTEXT('2D SPACE',''
  ) );
#11376 = PCURVE('',#11303,#11377);
#11377 = DEFINITIONAL_REPRESENTATION('',(#11378),#11382);
#11378 = B_SPLINE_CURVE_WITH_KNOTS('',2,(#11379,#11380,#11381),
  .UNSPECIFIED.,.F.,.F.,(3,3),(0.,1.),.PIECEWISE_BEZIER_KNOTS.);
#11379 = CARTESIAN_POINT('',(1.078125,1.1064453125));
#11380 = CARTESIAN_POINT('',(1.078125,0.9853515625));
#11381 = CARTESIAN_POINT('',(1.0087890625,0.90185546875));
#11382 = ( GEOMETRIC_REPRESENTATION_CONTEXT(2) 
PARAMETRIC_REPRESENTATION_CONTEXT() REPRESENTATION_CONTEXT('2D SPACE',''
  ) );
#11383 = ORIENTED_EDGE('',*,*,#11264,.F.);
#11384 = ORIENTED_EDGE('',*,*,#4766,.F.);
#11385 = ADVANCED_FACE('',(#11386),#4752,.T.);
#11386 = FACE_BOUND('',#11387,.T.);
#11387 = EDGE_LOOP('',(#11388,#11411,#11432,#11433));
#11388 = ORIENTED_EDGE('',*,*,#11389,.T.);
#11389 = EDGE_CURVE('',#4707,#11390,#11392,.T.);
#11390 = VERTEX_POINT('',#11391);
#11391 = CARTESIAN_POINT('',(11.35693359375,4.68994140625,6.45));
#11392 = SURFACE_CURVE('',#11393,(#11397,#11404),.PCURVE_S1.);
#11393 = LINE('',#11394,#11395);
#11394 = CARTESIAN_POINT('',(11.35693359375,4.68994140625,6.));
#11395 = VECTOR('',#11396,1.);
#11396 = DIRECTION('',(0.,0.,1.));
#11397 = PCURVE('',#4752,#11398);
#11398 = DEFINITIONAL_REPRESENTATION('',(#11399),#11403);
#11399 = LINE('',#11400,#11401);
#11400 = CARTESIAN_POINT('',(0.,0.));
#11401 = VECTOR('',#11402,1.);
#11402 = DIRECTION('',(0.,-1.));
#11403 = ( GEOMETRIC_REPRESENTATION_CONTEXT(2) 
PARAMETRIC_REPRESENTATION_CONTEXT() REPRESENTATION_CONTEXT('2D SPACE',''
  ) );
#11404 = PCURVE('',#4722,#11405);
#11405 = DEFINITIONAL_REPRESENTATION('',(#11406),#11410);
#11406 = LINE('',#11407,#11408);
#11407 = CARTESIAN_POINT('',(1.,0.));
#11408 = VECTOR('',#11409,1.);
#11409 = DIRECTION('',(0.,-1.));
#11410 = ( GEOMETRIC_REPRESENTATION_CONTEXT(2) 
PARAMETRIC_REPRESENTATION_CONTEXT() REPRESENTATION_CONTEXT('2D SPACE',''
  ) );
#11411 = ORIENTED_EDGE('',*,*,#11412,.T.);
#11412 = EDGE_CURVE('',#11390,#11341,#11413,.T.);
#11413 = SURFACE_CURVE('',#11414,(#11418,#11425),.PCURVE_S1.);
#11414 = B_SPLINE_CURVE_WITH_KNOTS('',2,(#11415,#11416,#11417),
  .UNSPECIFIED.,.F.,.F.,(3,3),(0.,1.),.PIECEWISE_BEZIER_KNOTS.);
#11415 = CARTESIAN_POINT('',(11.35693359375,4.68994140625,6.45));
#11416 = CARTESIAN_POINT('',(11.48779296875,4.587890625,6.45));
#11417 = CARTESIAN_POINT('',(11.48779296875,4.4140625,6.45));
#11418 = PCURVE('',#4752,#11419);
#11419 = DEFINITIONAL_REPRESENTATION('',(#11420),#11424);
#11420 = LINE('',#11421,#11422);
#11421 = CARTESIAN_POINT('',(0.,-0.45));
#11422 = VECTOR('',#11423,1.);
#11423 = DIRECTION('',(1.,0.));
#11424 = ( GEOMETRIC_REPRESENTATION_CONTEXT(2) 
PARAMETRIC_REPRESENTATION_CONTEXT() REPRESENTATION_CONTEXT('2D SPACE',''
  ) );
#11425 = PCURVE('',#11303,#11426);
#11426 = DEFINITIONAL_REPRESENTATION('',(#11427),#11431);
#11427 = B_SPLINE_CURVE_WITH_KNOTS('',2,(#11428,#11429,#11430),
  .UNSPECIFIED.,.F.,.F.,(3,3),(0.,1.),.PIECEWISE_BEZIER_KNOTS.);
#11428 = CARTESIAN_POINT('',(0.947265625,1.38232421875));
#11429 = CARTESIAN_POINT('',(1.078125,1.2802734375));
#11430 = CARTESIAN_POINT('',(1.078125,1.1064453125));
#11431 = ( GEOMETRIC_REPRESENTATION_CONTEXT(2) 
PARAMETRIC_REPRESENTATION_CONTEXT() REPRESENTATION_CONTEXT('2D SPACE',''
  ) );
#11432 = ORIENTED_EDGE('',*,*,#11340,.F.);
#11433 = ORIENTED_EDGE('',*,*,#4736,.F.);
#11434 = ADVANCED_FACE('',(#11435),#4722,.T.);
#11435 = FACE_BOUND('',#11436,.T.);
#11436 = EDGE_LOOP('',(#11437,#11460,#11481,#11482));
#11437 = ORIENTED_EDGE('',*,*,#11438,.T.);
#11438 = EDGE_CURVE('',#4677,#11439,#11441,.T.);
#11439 = VERTEX_POINT('',#11440);
#11440 = CARTESIAN_POINT('',(11.00146484375,4.7919921875,6.45));
#11441 = SURFACE_CURVE('',#11442,(#11446,#11453),.PCURVE_S1.);
#11442 = LINE('',#11443,#11444);
#11443 = CARTESIAN_POINT('',(11.00146484375,4.7919921875,6.));
#11444 = VECTOR('',#11445,1.);
#11445 = DIRECTION('',(0.,0.,1.));
#11446 = PCURVE('',#4722,#11447);
#11447 = DEFINITIONAL_REPRESENTATION('',(#11448),#11452);
#11448 = LINE('',#11449,#11450);
#11449 = CARTESIAN_POINT('',(0.,0.));
#11450 = VECTOR('',#11451,1.);
#11451 = DIRECTION('',(0.,-1.));
#11452 = ( GEOMETRIC_REPRESENTATION_CONTEXT(2) 
PARAMETRIC_REPRESENTATION_CONTEXT() REPRESENTATION_CONTEXT('2D SPACE',''
  ) );
#11453 = PCURVE('',#4692,#11454);
#11454 = DEFINITIONAL_REPRESENTATION('',(#11455),#11459);
#11455 = LINE('',#11456,#11457);
#11456 = CARTESIAN_POINT('',(1.,0.));
#11457 = VECTOR('',#11458,1.);
#11458 = DIRECTION('',(0.,-1.));
#11459 = ( GEOMETRIC_REPRESENTATION_CONTEXT(2) 
PARAMETRIC_REPRESENTATION_CONTEXT() REPRESENTATION_CONTEXT('2D SPACE',''
  ) );
#11460 = ORIENTED_EDGE('',*,*,#11461,.T.);
#11461 = EDGE_CURVE('',#11439,#11390,#11462,.T.);
#11462 = SURFACE_CURVE('',#11463,(#11467,#11474),.PCURVE_S1.);
#11463 = B_SPLINE_CURVE_WITH_KNOTS('',2,(#11464,#11465,#11466),
  .UNSPECIFIED.,.F.,.F.,(3,3),(0.,1.),.PIECEWISE_BEZIER_KNOTS.);
#11464 = CARTESIAN_POINT('',(11.00146484375,4.7919921875,6.45));
#11465 = CARTESIAN_POINT('',(11.22607421875,4.7919921875,6.45));
#11466 = CARTESIAN_POINT('',(11.35693359375,4.68994140625,6.45));
#11467 = PCURVE('',#4722,#11468);
#11468 = DEFINITIONAL_REPRESENTATION('',(#11469),#11473);
#11469 = LINE('',#11470,#11471);
#11470 = CARTESIAN_POINT('',(0.,-0.45));
#11471 = VECTOR('',#11472,1.);
#11472 = DIRECTION('',(1.,0.));
#11473 = ( GEOMETRIC_REPRESENTATION_CONTEXT(2) 
PARAMETRIC_REPRESENTATION_CONTEXT() REPRESENTATION_CONTEXT('2D SPACE',''
  ) );
#11474 = PCURVE('',#11303,#11475);
#11475 = DEFINITIONAL_REPRESENTATION('',(#11476),#11480);
#11476 = B_SPLINE_CURVE_WITH_KNOTS('',2,(#11477,#11478,#11479),
  .UNSPECIFIED.,.F.,.F.,(3,3),(0.,1.),.PIECEWISE_BEZIER_KNOTS.);
#11477 = CARTESIAN_POINT('',(0.591796875,1.484375));
#11478 = CARTESIAN_POINT('',(0.81640625,1.484375));
#11479 = CARTESIAN_POINT('',(0.947265625,1.38232421875));
#11480 = ( GEOMETRIC_REPRESENTATION_CONTEXT(2) 
PARAMETRIC_REPRESENTATION_CONTEXT() REPRESENTATION_CONTEXT('2D SPACE',''
  ) );
#11481 = ORIENTED_EDGE('',*,*,#11389,.F.);
#11482 = ORIENTED_EDGE('',*,*,#4706,.F.);
#11483 = ADVANCED_FACE('',(#11484),#4692,.T.);
#11484 = FACE_BOUND('',#11485,.T.);
#11485 = EDGE_LOOP('',(#11486,#11509,#11530,#11531));
#11486 = ORIENTED_EDGE('',*,*,#11487,.T.);
#11487 = EDGE_CURVE('',#4647,#11488,#11490,.T.);
#11488 = VERTEX_POINT('',#11489);
#11489 = CARTESIAN_POINT('',(10.81640625,4.7763671875,6.45));
#11490 = SURFACE_CURVE('',#11491,(#11495,#11502),.PCURVE_S1.);
#11491 = LINE('',#11492,#11493);
#11492 = CARTESIAN_POINT('',(10.81640625,4.7763671875,6.));
#11493 = VECTOR('',#11494,1.);
#11494 = DIRECTION('',(0.,0.,1.));
#11495 = PCURVE('',#4692,#11496);
#11496 = DEFINITIONAL_REPRESENTATION('',(#11497),#11501);
#11497 = LINE('',#11498,#11499);
#11498 = CARTESIAN_POINT('',(0.,0.));
#11499 = VECTOR('',#11500,1.);
#11500 = DIRECTION('',(0.,-1.));
#11501 = ( GEOMETRIC_REPRESENTATION_CONTEXT(2) 
PARAMETRIC_REPRESENTATION_CONTEXT() REPRESENTATION_CONTEXT('2D SPACE',''
  ) );
#11502 = PCURVE('',#4662,#11503);
#11503 = DEFINITIONAL_REPRESENTATION('',(#11504),#11508);
#11504 = LINE('',#11505,#11506);
#11505 = CARTESIAN_POINT('',(1.,0.));
#11506 = VECTOR('',#11507,1.);
#11507 = DIRECTION('',(0.,-1.));
#11508 = ( GEOMETRIC_REPRESENTATION_CONTEXT(2) 
PARAMETRIC_REPRESENTATION_CONTEXT() REPRESENTATION_CONTEXT('2D SPACE',''
  ) );
#11509 = ORIENTED_EDGE('',*,*,#11510,.T.);
#11510 = EDGE_CURVE('',#11488,#11439,#11511,.T.);
#11511 = SURFACE_CURVE('',#11512,(#11516,#11523),.PCURVE_S1.);
#11512 = B_SPLINE_CURVE_WITH_KNOTS('',2,(#11513,#11514,#11515),
  .UNSPECIFIED.,.F.,.F.,(3,3),(0.,1.),.PIECEWISE_BEZIER_KNOTS.);
#11513 = CARTESIAN_POINT('',(10.81640625,4.7763671875,6.45));
#11514 = CARTESIAN_POINT('',(10.91455078125,4.7919921875,6.45));
#11515 = CARTESIAN_POINT('',(11.00146484375,4.7919921875,6.45));
#11516 = PCURVE('',#4692,#11517);
#11517 = DEFINITIONAL_REPRESENTATION('',(#11518),#11522);
#11518 = LINE('',#11519,#11520);
#11519 = CARTESIAN_POINT('',(0.,-0.45));
#11520 = VECTOR('',#11521,1.);
#11521 = DIRECTION('',(1.,0.));
#11522 = ( GEOMETRIC_REPRESENTATION_CONTEXT(2) 
PARAMETRIC_REPRESENTATION_CONTEXT() REPRESENTATION_CONTEXT('2D SPACE',''
  ) );
#11523 = PCURVE('',#11303,#11524);
#11524 = DEFINITIONAL_REPRESENTATION('',(#11525),#11529);
#11525 = B_SPLINE_CURVE_WITH_KNOTS('',2,(#11526,#11527,#11528),
  .UNSPECIFIED.,.F.,.F.,(3,3),(0.,1.),.PIECEWISE_BEZIER_KNOTS.);
#11526 = CARTESIAN_POINT('',(0.40673828125,1.46875));
#11527 = CARTESIAN_POINT('',(0.5048828125,1.484375));
#11528 = CARTESIAN_POINT('',(0.591796875,1.484375));
#11529 = ( GEOMETRIC_REPRESENTATION_CONTEXT(2) 
PARAMETRIC_REPRESENTATION_CONTEXT() REPRESENTATION_CONTEXT('2D SPACE',''
  ) );
#11530 = ORIENTED_EDGE('',*,*,#11438,.F.);
#11531 = ORIENTED_EDGE('',*,*,#4676,.F.);
#11532 = ADVANCED_FACE('',(#11533),#4662,.T.);
#11533 = FACE_BOUND('',#11534,.T.);
#11534 = EDGE_LOOP('',(#11535,#11558,#11579,#11580));
#11535 = ORIENTED_EDGE('',*,*,#11536,.T.);
#11536 = EDGE_CURVE('',#4619,#11537,#11539,.T.);
#11537 = VERTEX_POINT('',#11538);
#11538 = CARTESIAN_POINT('',(10.60595703125,4.7294921875,6.45));
#11539 = SURFACE_CURVE('',#11540,(#11544,#11551),.PCURVE_S1.);
#11540 = LINE('',#11541,#11542);
#11541 = CARTESIAN_POINT('',(10.60595703125,4.7294921875,6.));
#11542 = VECTOR('',#11543,1.);
#11543 = DIRECTION('',(0.,0.,1.));
#11544 = PCURVE('',#4662,#11545);
#11545 = DEFINITIONAL_REPRESENTATION('',(#11546),#11550);
#11546 = LINE('',#11547,#11548);
#11547 = CARTESIAN_POINT('',(0.,0.));
#11548 = VECTOR('',#11549,1.);
#11549 = DIRECTION('',(0.,-1.));
#11550 = ( GEOMETRIC_REPRESENTATION_CONTEXT(2) 
PARAMETRIC_REPRESENTATION_CONTEXT() REPRESENTATION_CONTEXT('2D SPACE',''
  ) );
#11551 = PCURVE('',#4634,#11552);
#11552 = DEFINITIONAL_REPRESENTATION('',(#11553),#11557);
#11553 = LINE('',#11554,#11555);
#11554 = CARTESIAN_POINT('',(0.17578125,0.));
#11555 = VECTOR('',#11556,1.);
#11556 = DIRECTION('',(0.,-1.));
#11557 = ( GEOMETRIC_REPRESENTATION_CONTEXT(2) 
PARAMETRIC_REPRESENTATION_CONTEXT() REPRESENTATION_CONTEXT('2D SPACE',''
  ) );
#11558 = ORIENTED_EDGE('',*,*,#11559,.T.);
#11559 = EDGE_CURVE('',#11537,#11488,#11560,.T.);
#11560 = SURFACE_CURVE('',#11561,(#11565,#11572),.PCURVE_S1.);
#11561 = B_SPLINE_CURVE_WITH_KNOTS('',2,(#11562,#11563,#11564),
  .UNSPECIFIED.,.F.,.F.,(3,3),(0.,1.),.PIECEWISE_BEZIER_KNOTS.);
#11562 = CARTESIAN_POINT('',(10.60595703125,4.7294921875,6.45));
#11563 = CARTESIAN_POINT('',(10.71826171875,4.7607421875,6.45));
#11564 = CARTESIAN_POINT('',(10.81640625,4.7763671875,6.45));
#11565 = PCURVE('',#4662,#11566);
#11566 = DEFINITIONAL_REPRESENTATION('',(#11567),#11571);
#11567 = LINE('',#11568,#11569);
#11568 = CARTESIAN_POINT('',(0.,-0.45));
#11569 = VECTOR('',#11570,1.);
#11570 = DIRECTION('',(1.,0.));
#11571 = ( GEOMETRIC_REPRESENTATION_CONTEXT(2) 
PARAMETRIC_REPRESENTATION_CONTEXT() REPRESENTATION_CONTEXT('2D SPACE',''
  ) );
#11572 = PCURVE('',#11303,#11573);
#11573 = DEFINITIONAL_REPRESENTATION('',(#11574),#11578);
#11574 = B_SPLINE_CURVE_WITH_KNOTS('',2,(#11575,#11576,#11577),
  .UNSPECIFIED.,.F.,.F.,(3,3),(0.,1.),.PIECEWISE_BEZIER_KNOTS.);
#11575 = CARTESIAN_POINT('',(0.1962890625,1.421875));
#11576 = CARTESIAN_POINT('',(0.30859375,1.453125));
#11577 = CARTESIAN_POINT('',(0.40673828125,1.46875));
#11578 = ( GEOMETRIC_REPRESENTATION_CONTEXT(2) 
PARAMETRIC_REPRESENTATION_CONTEXT() REPRESENTATION_CONTEXT('2D SPACE',''
  ) );
#11579 = ORIENTED_EDGE('',*,*,#11487,.F.);
#11580 = ORIENTED_EDGE('',*,*,#4646,.F.);
#11581 = ADVANCED_FACE('',(#11582),#4634,.T.);
#11582 = FACE_BOUND('',#11583,.T.);
#11583 = EDGE_LOOP('',(#11584,#11607,#11628,#11629));
#11584 = ORIENTED_EDGE('',*,*,#11585,.T.);
#11585 = EDGE_CURVE('',#4589,#11586,#11588,.T.);
#11586 = VERTEX_POINT('',#11587);
#11587 = CARTESIAN_POINT('',(10.60595703125,4.5537109375,6.45));
#11588 = SURFACE_CURVE('',#11589,(#11593,#11600),.PCURVE_S1.);
#11589 = LINE('',#11590,#11591);
#11590 = CARTESIAN_POINT('',(10.60595703125,4.5537109375,6.));
#11591 = VECTOR('',#11592,1.);
#11592 = DIRECTION('',(0.,0.,1.));
#11593 = PCURVE('',#4634,#11594);
#11594 = DEFINITIONAL_REPRESENTATION('',(#11595),#11599);
#11595 = LINE('',#11596,#11597);
#11596 = CARTESIAN_POINT('',(0.,0.));
#11597 = VECTOR('',#11598,1.);
#11598 = DIRECTION('',(0.,-1.));
#11599 = ( GEOMETRIC_REPRESENTATION_CONTEXT(2) 
PARAMETRIC_REPRESENTATION_CONTEXT() REPRESENTATION_CONTEXT('2D SPACE',''
  ) );
#11600 = PCURVE('',#4604,#11601);
#11601 = DEFINITIONAL_REPRESENTATION('',(#11602),#11606);
#11602 = LINE('',#11603,#11604);
#11603 = CARTESIAN_POINT('',(1.,0.));
#11604 = VECTOR('',#11605,1.);
#11605 = DIRECTION('',(0.,-1.));
#11606 = ( GEOMETRIC_REPRESENTATION_CONTEXT(2) 
PARAMETRIC_REPRESENTATION_CONTEXT() REPRESENTATION_CONTEXT('2D SPACE',''
  ) );
#11607 = ORIENTED_EDGE('',*,*,#11608,.T.);
#11608 = EDGE_CURVE('',#11586,#11537,#11609,.T.);
#11609 = SURFACE_CURVE('',#11610,(#11614,#11621),.PCURVE_S1.);
#11610 = LINE('',#11611,#11612);
#11611 = CARTESIAN_POINT('',(10.60595703125,4.5537109375,6.45));
#11612 = VECTOR('',#11613,1.);
#11613 = DIRECTION('',(0.,1.,0.));
#11614 = PCURVE('',#4634,#11615);
#11615 = DEFINITIONAL_REPRESENTATION('',(#11616),#11620);
#11616 = LINE('',#11617,#11618);
#11617 = CARTESIAN_POINT('',(0.,-0.45));
#11618 = VECTOR('',#11619,1.);
#11619 = DIRECTION('',(1.,0.));
#11620 = ( GEOMETRIC_REPRESENTATION_CONTEXT(2) 
PARAMETRIC_REPRESENTATION_CONTEXT() REPRESENTATION_CONTEXT('2D SPACE',''
  ) );
#11621 = PCURVE('',#11303,#11622);
#11622 = DEFINITIONAL_REPRESENTATION('',(#11623),#11627);
#11623 = LINE('',#11624,#11625);
#11624 = CARTESIAN_POINT('',(0.1962890625,1.24609375));
#11625 = VECTOR('',#11626,1.);
#11626 = DIRECTION('',(0.,1.));
#11627 = ( GEOMETRIC_REPRESENTATION_CONTEXT(2) 
PARAMETRIC_REPRESENTATION_CONTEXT() REPRESENTATION_CONTEXT('2D SPACE',''
  ) );
#11628 = ORIENTED_EDGE('',*,*,#11536,.F.);
#11629 = ORIENTED_EDGE('',*,*,#4618,.F.);
#11630 = ADVANCED_FACE('',(#11631),#4604,.T.);
#11631 = FACE_BOUND('',#11632,.T.);
#11632 = EDGE_LOOP('',(#11633,#11656,#11677,#11678));
#11633 = ORIENTED_EDGE('',*,*,#11634,.T.);
#11634 = EDGE_CURVE('',#4559,#11635,#11637,.T.);
#11635 = VERTEX_POINT('',#11636);
#11636 = CARTESIAN_POINT('',(10.81005859375,4.6083984375,6.45));
#11637 = SURFACE_CURVE('',#11638,(#11642,#11649),.PCURVE_S1.);
#11638 = LINE('',#11639,#11640);
#11639 = CARTESIAN_POINT('',(10.81005859375,4.6083984375,6.));
#11640 = VECTOR('',#11641,1.);
#11641 = DIRECTION('',(0.,0.,1.));
#11642 = PCURVE('',#4604,#11643);
#11643 = DEFINITIONAL_REPRESENTATION('',(#11644),#11648);
#11644 = LINE('',#11645,#11646);
#11645 = CARTESIAN_POINT('',(0.,0.));
#11646 = VECTOR('',#11647,1.);
#11647 = DIRECTION('',(0.,-1.));
#11648 = ( GEOMETRIC_REPRESENTATION_CONTEXT(2) 
PARAMETRIC_REPRESENTATION_CONTEXT() REPRESENTATION_CONTEXT('2D SPACE',''
  ) );
#11649 = PCURVE('',#4574,#11650);
#11650 = DEFINITIONAL_REPRESENTATION('',(#11651),#11655);
#11651 = LINE('',#11652,#11653);
#11652 = CARTESIAN_POINT('',(1.,0.));
#11653 = VECTOR('',#11654,1.);
#11654 = DIRECTION('',(0.,-1.));
#11655 = ( GEOMETRIC_REPRESENTATION_CONTEXT(2) 
PARAMETRIC_REPRESENTATION_CONTEXT() REPRESENTATION_CONTEXT('2D SPACE',''
  ) );
#11656 = ORIENTED_EDGE('',*,*,#11657,.T.);
#11657 = EDGE_CURVE('',#11635,#11586,#11658,.T.);
#11658 = SURFACE_CURVE('',#11659,(#11663,#11670),.PCURVE_S1.);
#11659 = B_SPLINE_CURVE_WITH_KNOTS('',2,(#11660,#11661,#11662),
  .UNSPECIFIED.,.F.,.F.,(3,3),(0.,1.),.PIECEWISE_BEZIER_KNOTS.);
#11660 = CARTESIAN_POINT('',(10.81005859375,4.6083984375,6.45));
#11661 = CARTESIAN_POINT('',(10.71728515625,4.5908203125,6.45));
#11662 = CARTESIAN_POINT('',(10.60595703125,4.5537109375,6.45));
#11663 = PCURVE('',#4604,#11664);
#11664 = DEFINITIONAL_REPRESENTATION('',(#11665),#11669);
#11665 = LINE('',#11666,#11667);
#11666 = CARTESIAN_POINT('',(0.,-0.45));
#11667 = VECTOR('',#11668,1.);
#11668 = DIRECTION('',(1.,0.));
#11669 = ( GEOMETRIC_REPRESENTATION_CONTEXT(2) 
PARAMETRIC_REPRESENTATION_CONTEXT() REPRESENTATION_CONTEXT('2D SPACE',''
  ) );
#11670 = PCURVE('',#11303,#11671);
#11671 = DEFINITIONAL_REPRESENTATION('',(#11672),#11676);
#11672 = B_SPLINE_CURVE_WITH_KNOTS('',2,(#11673,#11674,#11675),
  .UNSPECIFIED.,.F.,.F.,(3,3),(0.,1.),.PIECEWISE_BEZIER_KNOTS.);
#11673 = CARTESIAN_POINT('',(0.400390625,1.30078125));
#11674 = CARTESIAN_POINT('',(0.3076171875,1.283203125));
#11675 = CARTESIAN_POINT('',(0.1962890625,1.24609375));
#11676 = ( GEOMETRIC_REPRESENTATION_CONTEXT(2) 
PARAMETRIC_REPRESENTATION_CONTEXT() REPRESENTATION_CONTEXT('2D SPACE',''
  ) );
#11677 = ORIENTED_EDGE('',*,*,#11585,.F.);
#11678 = ORIENTED_EDGE('',*,*,#4588,.F.);
#11679 = ADVANCED_FACE('',(#11680),#4574,.T.);
#11680 = FACE_BOUND('',#11681,.T.);
#11681 = EDGE_LOOP('',(#11682,#11705,#11726,#11727));
#11682 = ORIENTED_EDGE('',*,*,#11683,.T.);
#11683 = EDGE_CURVE('',#4529,#11684,#11686,.T.);
#11684 = VERTEX_POINT('',#11685);
#11685 = CARTESIAN_POINT('',(10.98388671875,4.6259765625,6.45));
#11686 = SURFACE_CURVE('',#11687,(#11691,#11698),.PCURVE_S1.);
#11687 = LINE('',#11688,#11689);
#11688 = CARTESIAN_POINT('',(10.98388671875,4.6259765625,6.));
#11689 = VECTOR('',#11690,1.);
#11690 = DIRECTION('',(0.,0.,1.));
#11691 = PCURVE('',#4574,#11692);
#11692 = DEFINITIONAL_REPRESENTATION('',(#11693),#11697);
#11693 = LINE('',#11694,#11695);
#11694 = CARTESIAN_POINT('',(0.,0.));
#11695 = VECTOR('',#11696,1.);
#11696 = DIRECTION('',(0.,-1.));
#11697 = ( GEOMETRIC_REPRESENTATION_CONTEXT(2) 
PARAMETRIC_REPRESENTATION_CONTEXT() REPRESENTATION_CONTEXT('2D SPACE',''
  ) );
#11698 = PCURVE('',#4544,#11699);
#11699 = DEFINITIONAL_REPRESENTATION('',(#11700),#11704);
#11700 = LINE('',#11701,#11702);
#11701 = CARTESIAN_POINT('',(1.,0.));
#11702 = VECTOR('',#11703,1.);
#11703 = DIRECTION('',(0.,-1.));
#11704 = ( GEOMETRIC_REPRESENTATION_CONTEXT(2) 
PARAMETRIC_REPRESENTATION_CONTEXT() REPRESENTATION_CONTEXT('2D SPACE',''
  ) );
#11705 = ORIENTED_EDGE('',*,*,#11706,.T.);
#11706 = EDGE_CURVE('',#11684,#11635,#11707,.T.);
#11707 = SURFACE_CURVE('',#11708,(#11712,#11719),.PCURVE_S1.);
#11708 = B_SPLINE_CURVE_WITH_KNOTS('',2,(#11709,#11710,#11711),
  .UNSPECIFIED.,.F.,.F.,(3,3),(0.,1.),.PIECEWISE_BEZIER_KNOTS.);
#11709 = CARTESIAN_POINT('',(10.98388671875,4.6259765625,6.45));
#11710 = CARTESIAN_POINT('',(10.90283203125,4.6259765625,6.45));
#11711 = CARTESIAN_POINT('',(10.81005859375,4.6083984375,6.45));
#11712 = PCURVE('',#4574,#11713);
#11713 = DEFINITIONAL_REPRESENTATION('',(#11714),#11718);
#11714 = LINE('',#11715,#11716);
#11715 = CARTESIAN_POINT('',(0.,-0.45));
#11716 = VECTOR('',#11717,1.);
#11717 = DIRECTION('',(1.,0.));
#11718 = ( GEOMETRIC_REPRESENTATION_CONTEXT(2) 
PARAMETRIC_REPRESENTATION_CONTEXT() REPRESENTATION_CONTEXT('2D SPACE',''
  ) );
#11719 = PCURVE('',#11303,#11720);
#11720 = DEFINITIONAL_REPRESENTATION('',(#11721),#11725);
#11721 = B_SPLINE_CURVE_WITH_KNOTS('',2,(#11722,#11723,#11724),
  .UNSPECIFIED.,.F.,.F.,(3,3),(0.,1.),.PIECEWISE_BEZIER_KNOTS.);
#11722 = CARTESIAN_POINT('',(0.57421875,1.318359375));
#11723 = CARTESIAN_POINT('',(0.4931640625,1.318359375));
#11724 = CARTESIAN_POINT('',(0.400390625,1.30078125));
#11725 = ( GEOMETRIC_REPRESENTATION_CONTEXT(2) 
PARAMETRIC_REPRESENTATION_CONTEXT() REPRESENTATION_CONTEXT('2D SPACE',''
  ) );
#11726 = ORIENTED_EDGE('',*,*,#11634,.F.);
#11727 = ORIENTED_EDGE('',*,*,#4558,.F.);
#11728 = ADVANCED_FACE('',(#11729),#4544,.T.);
#11729 = FACE_BOUND('',#11730,.T.);
#11730 = EDGE_LOOP('',(#11731,#11754,#11775,#11776));
#11731 = ORIENTED_EDGE('',*,*,#11732,.T.);
#11732 = EDGE_CURVE('',#4499,#11733,#11735,.T.);
#11733 = VERTEX_POINT('',#11734);
#11734 = CARTESIAN_POINT('',(11.2119140625,4.56591796875,6.45));
#11735 = SURFACE_CURVE('',#11736,(#11740,#11747),.PCURVE_S1.);
#11736 = LINE('',#11737,#11738);
#11737 = CARTESIAN_POINT('',(11.2119140625,4.56591796875,6.));
#11738 = VECTOR('',#11739,1.);
#11739 = DIRECTION('',(0.,0.,1.));
#11740 = PCURVE('',#4544,#11741);
#11741 = DEFINITIONAL_REPRESENTATION('',(#11742),#11746);
#11742 = LINE('',#11743,#11744);
#11743 = CARTESIAN_POINT('',(0.,0.));
#11744 = VECTOR('',#11745,1.);
#11745 = DIRECTION('',(0.,-1.));
#11746 = ( GEOMETRIC_REPRESENTATION_CONTEXT(2) 
PARAMETRIC_REPRESENTATION_CONTEXT() REPRESENTATION_CONTEXT('2D SPACE',''
  ) );
#11747 = PCURVE('',#4514,#11748);
#11748 = DEFINITIONAL_REPRESENTATION('',(#11749),#11753);
#11749 = LINE('',#11750,#11751);
#11750 = CARTESIAN_POINT('',(1.,0.));
#11751 = VECTOR('',#11752,1.);
#11752 = DIRECTION('',(0.,-1.));
#11753 = ( GEOMETRIC_REPRESENTATION_CONTEXT(2) 
PARAMETRIC_REPRESENTATION_CONTEXT() REPRESENTATION_CONTEXT('2D SPACE',''
  ) );
#11754 = ORIENTED_EDGE('',*,*,#11755,.T.);
#11755 = EDGE_CURVE('',#11733,#11684,#11756,.T.);
#11756 = SURFACE_CURVE('',#11757,(#11761,#11768),.PCURVE_S1.);
#11757 = B_SPLINE_CURVE_WITH_KNOTS('',2,(#11758,#11759,#11760),
  .UNSPECIFIED.,.F.,.F.,(3,3),(0.,1.),.PIECEWISE_BEZIER_KNOTS.);
#11758 = CARTESIAN_POINT('',(11.2119140625,4.56591796875,6.45));
#11759 = CARTESIAN_POINT('',(11.13232421875,4.6259765625,6.45));
#11760 = CARTESIAN_POINT('',(10.98388671875,4.6259765625,6.45));
#11761 = PCURVE('',#4544,#11762);
#11762 = DEFINITIONAL_REPRESENTATION('',(#11763),#11767);
#11763 = LINE('',#11764,#11765);
#11764 = CARTESIAN_POINT('',(0.,-0.45));
#11765 = VECTOR('',#11766,1.);
#11766 = DIRECTION('',(1.,0.));
#11767 = ( GEOMETRIC_REPRESENTATION_CONTEXT(2) 
PARAMETRIC_REPRESENTATION_CONTEXT() REPRESENTATION_CONTEXT('2D SPACE',''
  ) );
#11768 = PCURVE('',#11303,#11769);
#11769 = DEFINITIONAL_REPRESENTATION('',(#11770),#11774);
#11770 = B_SPLINE_CURVE_WITH_KNOTS('',2,(#11771,#11772,#11773),
  .UNSPECIFIED.,.F.,.F.,(3,3),(0.,1.),.PIECEWISE_BEZIER_KNOTS.);
#11771 = CARTESIAN_POINT('',(0.80224609375,1.25830078125));
#11772 = CARTESIAN_POINT('',(0.72265625,1.318359375));
#11773 = CARTESIAN_POINT('',(0.57421875,1.318359375));
#11774 = ( GEOMETRIC_REPRESENTATION_CONTEXT(2) 
PARAMETRIC_REPRESENTATION_CONTEXT() REPRESENTATION_CONTEXT('2D SPACE',''
  ) );
#11775 = ORIENTED_EDGE('',*,*,#11683,.F.);
#11776 = ORIENTED_EDGE('',*,*,#4528,.F.);
#11777 = ADVANCED_FACE('',(#11778),#4514,.T.);
#11778 = FACE_BOUND('',#11779,.T.);
#11779 = EDGE_LOOP('',(#11780,#11803,#11824,#11825));
#11780 = ORIENTED_EDGE('',*,*,#11781,.T.);
#11781 = EDGE_CURVE('',#4469,#11782,#11784,.T.);
#11782 = VERTEX_POINT('',#11783);
#11783 = CARTESIAN_POINT('',(11.29150390625,4.3935546875,6.45));
#11784 = SURFACE_CURVE('',#11785,(#11789,#11796),.PCURVE_S1.);
#11785 = LINE('',#11786,#11787);
#11786 = CARTESIAN_POINT('',(11.29150390625,4.3935546875,6.));
#11787 = VECTOR('',#11788,1.);
#11788 = DIRECTION('',(0.,0.,1.));
#11789 = PCURVE('',#4514,#11790);
#11790 = DEFINITIONAL_REPRESENTATION('',(#11791),#11795);
#11791 = LINE('',#11792,#11793);
#11792 = CARTESIAN_POINT('',(0.,0.));
#11793 = VECTOR('',#11794,1.);
#11794 = DIRECTION('',(0.,-1.));
#11795 = ( GEOMETRIC_REPRESENTATION_CONTEXT(2) 
PARAMETRIC_REPRESENTATION_CONTEXT() REPRESENTATION_CONTEXT('2D SPACE',''
  ) );
#11796 = PCURVE('',#4484,#11797);
#11797 = DEFINITIONAL_REPRESENTATION('',(#11798),#11802);
#11798 = LINE('',#11799,#11800);
#11799 = CARTESIAN_POINT('',(1.,0.));
#11800 = VECTOR('',#11801,1.);
#11801 = DIRECTION('',(0.,-1.));
#11802 = ( GEOMETRIC_REPRESENTATION_CONTEXT(2) 
PARAMETRIC_REPRESENTATION_CONTEXT() REPRESENTATION_CONTEXT('2D SPACE',''
  ) );
#11803 = ORIENTED_EDGE('',*,*,#11804,.T.);
#11804 = EDGE_CURVE('',#11782,#11733,#11805,.T.);
#11805 = SURFACE_CURVE('',#11806,(#11810,#11817),.PCURVE_S1.);
#11806 = B_SPLINE_CURVE_WITH_KNOTS('',2,(#11807,#11808,#11809),
  .UNSPECIFIED.,.F.,.F.,(3,3),(0.,1.),.PIECEWISE_BEZIER_KNOTS.);
#11807 = CARTESIAN_POINT('',(11.29150390625,4.3935546875,6.45));
#11808 = CARTESIAN_POINT('',(11.29150390625,4.505859375,6.45));
#11809 = CARTESIAN_POINT('',(11.2119140625,4.56591796875,6.45));
#11810 = PCURVE('',#4514,#11811);
#11811 = DEFINITIONAL_REPRESENTATION('',(#11812),#11816);
#11812 = LINE('',#11813,#11814);
#11813 = CARTESIAN_POINT('',(0.,-0.45));
#11814 = VECTOR('',#11815,1.);
#11815 = DIRECTION('',(1.,0.));
#11816 = ( GEOMETRIC_REPRESENTATION_CONTEXT(2) 
PARAMETRIC_REPRESENTATION_CONTEXT() REPRESENTATION_CONTEXT('2D SPACE',''
  ) );
#11817 = PCURVE('',#11303,#11818);
#11818 = DEFINITIONAL_REPRESENTATION('',(#11819),#11823);
#11819 = B_SPLINE_CURVE_WITH_KNOTS('',2,(#11820,#11821,#11822),
  .UNSPECIFIED.,.F.,.F.,(3,3),(0.,1.),.PIECEWISE_BEZIER_KNOTS.);
#11820 = CARTESIAN_POINT('',(0.8818359375,1.0859375));
#11821 = CARTESIAN_POINT('',(0.8818359375,1.1982421875));
#11822 = CARTESIAN_POINT('',(0.80224609375,1.25830078125));
#11823 = ( GEOMETRIC_REPRESENTATION_CONTEXT(2) 
PARAMETRIC_REPRESENTATION_CONTEXT() REPRESENTATION_CONTEXT('2D SPACE',''
  ) );
#11824 = ORIENTED_EDGE('',*,*,#11732,.F.);
#11825 = ORIENTED_EDGE('',*,*,#4498,.F.);
#11826 = ADVANCED_FACE('',(#11827),#4484,.T.);
#11827 = FACE_BOUND('',#11828,.T.);
#11828 = EDGE_LOOP('',(#11829,#11852,#11873,#11874));
#11829 = ORIENTED_EDGE('',*,*,#11830,.T.);
#11830 = EDGE_CURVE('',#4439,#11831,#11833,.T.);
#11831 = VERTEX_POINT('',#11832);
#11832 = CARTESIAN_POINT('',(11.21435546875,4.22607421875,6.45));
#11833 = SURFACE_CURVE('',#11834,(#11838,#11845),.PCURVE_S1.);
#11834 = LINE('',#11835,#11836);
#11835 = CARTESIAN_POINT('',(11.21435546875,4.22607421875,6.));
#11836 = VECTOR('',#11837,1.);
#11837 = DIRECTION('',(0.,0.,1.));
#11838 = PCURVE('',#4484,#11839);
#11839 = DEFINITIONAL_REPRESENTATION('',(#11840),#11844);
#11840 = LINE('',#11841,#11842);
#11841 = CARTESIAN_POINT('',(0.,0.));
#11842 = VECTOR('',#11843,1.);
#11843 = DIRECTION('',(0.,-1.));
#11844 = ( GEOMETRIC_REPRESENTATION_CONTEXT(2) 
PARAMETRIC_REPRESENTATION_CONTEXT() REPRESENTATION_CONTEXT('2D SPACE',''
  ) );
#11845 = PCURVE('',#4454,#11846);
#11846 = DEFINITIONAL_REPRESENTATION('',(#11847),#11851);
#11847 = LINE('',#11848,#11849);
#11848 = CARTESIAN_POINT('',(1.,0.));
#11849 = VECTOR('',#11850,1.);
#11850 = DIRECTION('',(0.,-1.));
#11851 = ( GEOMETRIC_REPRESENTATION_CONTEXT(2) 
PARAMETRIC_REPRESENTATION_CONTEXT() REPRESENTATION_CONTEXT('2D SPACE',''
  ) );
#11852 = ORIENTED_EDGE('',*,*,#11853,.T.);
#11853 = EDGE_CURVE('',#11831,#11782,#11854,.T.);
#11854 = SURFACE_CURVE('',#11855,(#11859,#11866),.PCURVE_S1.);
#11855 = B_SPLINE_CURVE_WITH_KNOTS('',2,(#11856,#11857,#11858),
  .UNSPECIFIED.,.F.,.F.,(3,3),(0.,1.),.PIECEWISE_BEZIER_KNOTS.);
#11856 = CARTESIAN_POINT('',(11.21435546875,4.22607421875,6.45));
#11857 = CARTESIAN_POINT('',(11.29150390625,4.2841796875,6.45));
#11858 = CARTESIAN_POINT('',(11.29150390625,4.3935546875,6.45));
#11859 = PCURVE('',#4484,#11860);
#11860 = DEFINITIONAL_REPRESENTATION('',(#11861),#11865);
#11861 = LINE('',#11862,#11863);
#11862 = CARTESIAN_POINT('',(0.,-0.45));
#11863 = VECTOR('',#11864,1.);
#11864 = DIRECTION('',(1.,0.));
#11865 = ( GEOMETRIC_REPRESENTATION_CONTEXT(2) 
PARAMETRIC_REPRESENTATION_CONTEXT() REPRESENTATION_CONTEXT('2D SPACE',''
  ) );
#11866 = PCURVE('',#11303,#11867);
#11867 = DEFINITIONAL_REPRESENTATION('',(#11868),#11872);
#11868 = B_SPLINE_CURVE_WITH_KNOTS('',2,(#11869,#11870,#11871),
  .UNSPECIFIED.,.F.,.F.,(3,3),(0.,1.),.PIECEWISE_BEZIER_KNOTS.);
#11869 = CARTESIAN_POINT('',(0.8046875,0.91845703125));
#11870 = CARTESIAN_POINT('',(0.8818359375,0.9765625));
#11871 = CARTESIAN_POINT('',(0.8818359375,1.0859375));
#11872 = ( GEOMETRIC_REPRESENTATION_CONTEXT(2) 
PARAMETRIC_REPRESENTATION_CONTEXT() REPRESENTATION_CONTEXT('2D SPACE',''
  ) );
#11873 = ORIENTED_EDGE('',*,*,#11781,.F.);
#11874 = ORIENTED_EDGE('',*,*,#4468,.F.);
#11875 = ADVANCED_FACE('',(#11876),#4454,.T.);
#11876 = FACE_BOUND('',#11877,.T.);
#11877 = EDGE_LOOP('',(#11878,#11901,#11922,#11923));
#11878 = ORIENTED_EDGE('',*,*,#11879,.T.);
#11879 = EDGE_CURVE('',#4411,#11880,#11882,.T.);
#11880 = VERTEX_POINT('',#11881);
#11881 = CARTESIAN_POINT('',(10.99169921875,4.16796875,6.45));
#11882 = SURFACE_CURVE('',#11883,(#11887,#11894),.PCURVE_S1.);
#11883 = LINE('',#11884,#11885);
#11884 = CARTESIAN_POINT('',(10.99169921875,4.16796875,6.));
#11885 = VECTOR('',#11886,1.);
#11886 = DIRECTION('',(0.,0.,1.));
#11887 = PCURVE('',#4454,#11888);
#11888 = DEFINITIONAL_REPRESENTATION('',(#11889),#11893);
#11889 = LINE('',#11890,#11891);
#11890 = CARTESIAN_POINT('',(0.,0.));
#11891 = VECTOR('',#11892,1.);
#11892 = DIRECTION('',(0.,-1.));
#11893 = ( GEOMETRIC_REPRESENTATION_CONTEXT(2) 
PARAMETRIC_REPRESENTATION_CONTEXT() REPRESENTATION_CONTEXT('2D SPACE',''
  ) );
#11894 = PCURVE('',#4426,#11895);
#11895 = DEFINITIONAL_REPRESENTATION('',(#11896),#11900);
#11896 = LINE('',#11897,#11898);
#11897 = CARTESIAN_POINT('',(0.177734375,0.));
#11898 = VECTOR('',#11899,1.);
#11899 = DIRECTION('',(0.,-1.));
#11900 = ( GEOMETRIC_REPRESENTATION_CONTEXT(2) 
PARAMETRIC_REPRESENTATION_CONTEXT() REPRESENTATION_CONTEXT('2D SPACE',''
  ) );
#11901 = ORIENTED_EDGE('',*,*,#11902,.T.);
#11902 = EDGE_CURVE('',#11880,#11831,#11903,.T.);
#11903 = SURFACE_CURVE('',#11904,(#11908,#11915),.PCURVE_S1.);
#11904 = B_SPLINE_CURVE_WITH_KNOTS('',2,(#11905,#11906,#11907),
  .UNSPECIFIED.,.F.,.F.,(3,3),(0.,1.),.PIECEWISE_BEZIER_KNOTS.);
#11905 = CARTESIAN_POINT('',(10.99169921875,4.16796875,6.45));
#11906 = CARTESIAN_POINT('',(11.13720703125,4.16796875,6.45));
#11907 = CARTESIAN_POINT('',(11.21435546875,4.22607421875,6.45));
#11908 = PCURVE('',#4454,#11909);
#11909 = DEFINITIONAL_REPRESENTATION('',(#11910),#11914);
#11910 = LINE('',#11911,#11912);
#11911 = CARTESIAN_POINT('',(0.,-0.45));
#11912 = VECTOR('',#11913,1.);
#11913 = DIRECTION('',(1.,0.));
#11914 = ( GEOMETRIC_REPRESENTATION_CONTEXT(2) 
PARAMETRIC_REPRESENTATION_CONTEXT() REPRESENTATION_CONTEXT('2D SPACE',''
  ) );
#11915 = PCURVE('',#11303,#11916);
#11916 = DEFINITIONAL_REPRESENTATION('',(#11917),#11921);
#11917 = B_SPLINE_CURVE_WITH_KNOTS('',2,(#11918,#11919,#11920),
  .UNSPECIFIED.,.F.,.F.,(3,3),(0.,1.),.PIECEWISE_BEZIER_KNOTS.);
#11918 = CARTESIAN_POINT('',(0.58203125,0.8603515625));
#11919 = CARTESIAN_POINT('',(0.7275390625,0.8603515625));
#11920 = CARTESIAN_POINT('',(0.8046875,0.91845703125));
#11921 = ( GEOMETRIC_REPRESENTATION_CONTEXT(2) 
PARAMETRIC_REPRESENTATION_CONTEXT() REPRESENTATION_CONTEXT('2D SPACE',''
  ) );
#11922 = ORIENTED_EDGE('',*,*,#11830,.F.);
#11923 = ORIENTED_EDGE('',*,*,#4438,.F.);
#11924 = ADVANCED_FACE('',(#11925),#4426,.T.);
#11925 = FACE_BOUND('',#11926,.T.);
#11926 = EDGE_LOOP('',(#11927,#11950,#11971,#11972));
#11927 = ORIENTED_EDGE('',*,*,#11928,.T.);
#11928 = EDGE_CURVE('',#4383,#11929,#11931,.T.);
#11929 = VERTEX_POINT('',#11930);
#11930 = CARTESIAN_POINT('',(10.81396484375,4.16796875,6.45));
#11931 = SURFACE_CURVE('',#11932,(#11936,#11943),.PCURVE_S1.);
#11932 = LINE('',#11933,#11934);
#11933 = CARTESIAN_POINT('',(10.81396484375,4.16796875,6.));
#11934 = VECTOR('',#11935,1.);
#11935 = DIRECTION('',(0.,0.,1.));
#11936 = PCURVE('',#4426,#11937);
#11937 = DEFINITIONAL_REPRESENTATION('',(#11938),#11942);
#11938 = LINE('',#11939,#11940);
#11939 = CARTESIAN_POINT('',(0.,0.));
#11940 = VECTOR('',#11941,1.);
#11941 = DIRECTION('',(0.,-1.));
#11942 = ( GEOMETRIC_REPRESENTATION_CONTEXT(2) 
PARAMETRIC_REPRESENTATION_CONTEXT() REPRESENTATION_CONTEXT('2D SPACE',''
  ) );
#11943 = PCURVE('',#4398,#11944);
#11944 = DEFINITIONAL_REPRESENTATION('',(#11945),#11949);
#11945 = LINE('',#11946,#11947);
#11946 = CARTESIAN_POINT('',(0.162109375,0.));
#11947 = VECTOR('',#11948,1.);
#11948 = DIRECTION('',(0.,-1.));
#11949 = ( GEOMETRIC_REPRESENTATION_CONTEXT(2) 
PARAMETRIC_REPRESENTATION_CONTEXT() REPRESENTATION_CONTEXT('2D SPACE',''
  ) );
#11950 = ORIENTED_EDGE('',*,*,#11951,.T.);
#11951 = EDGE_CURVE('',#11929,#11880,#11952,.T.);
#11952 = SURFACE_CURVE('',#11953,(#11957,#11964),.PCURVE_S1.);
#11953 = LINE('',#11954,#11955);
#11954 = CARTESIAN_POINT('',(10.81396484375,4.16796875,6.45));
#11955 = VECTOR('',#11956,1.);
#11956 = DIRECTION('',(1.,0.,0.));
#11957 = PCURVE('',#4426,#11958);
#11958 = DEFINITIONAL_REPRESENTATION('',(#11959),#11963);
#11959 = LINE('',#11960,#11961);
#11960 = CARTESIAN_POINT('',(0.,-0.45));
#11961 = VECTOR('',#11962,1.);
#11962 = DIRECTION('',(1.,0.));
#11963 = ( GEOMETRIC_REPRESENTATION_CONTEXT(2) 
PARAMETRIC_REPRESENTATION_CONTEXT() REPRESENTATION_CONTEXT('2D SPACE',''
  ) );
#11964 = PCURVE('',#11303,#11965);
#11965 = DEFINITIONAL_REPRESENTATION('',(#11966),#11970);
#11966 = LINE('',#11967,#11968);
#11967 = CARTESIAN_POINT('',(0.404296875,0.8603515625));
#11968 = VECTOR('',#11969,1.);
#11969 = DIRECTION('',(1.,0.));
#11970 = ( GEOMETRIC_REPRESENTATION_CONTEXT(2) 
PARAMETRIC_REPRESENTATION_CONTEXT() REPRESENTATION_CONTEXT('2D SPACE',''
  ) );
#11971 = ORIENTED_EDGE('',*,*,#11879,.F.);
#11972 = ORIENTED_EDGE('',*,*,#4410,.F.);
#11973 = ADVANCED_FACE('',(#11974),#4398,.T.);
#11974 = FACE_BOUND('',#11975,.T.);
#11975 = EDGE_LOOP('',(#11976,#11999,#12020,#12021));
#11976 = ORIENTED_EDGE('',*,*,#11977,.T.);
#11977 = EDGE_CURVE('',#4355,#11978,#11980,.T.);
#11978 = VERTEX_POINT('',#11979);
#11979 = CARTESIAN_POINT('',(10.81396484375,4.005859375,6.45));
#11980 = SURFACE_CURVE('',#11981,(#11985,#11992),.PCURVE_S1.);
#11981 = LINE('',#11982,#11983);
#11982 = CARTESIAN_POINT('',(10.81396484375,4.005859375,6.));
#11983 = VECTOR('',#11984,1.);
#11984 = DIRECTION('',(0.,0.,1.));
#11985 = PCURVE('',#4398,#11986);
#11986 = DEFINITIONAL_REPRESENTATION('',(#11987),#11991);
#11987 = LINE('',#11988,#11989);
#11988 = CARTESIAN_POINT('',(0.,0.));
#11989 = VECTOR('',#11990,1.);
#11990 = DIRECTION('',(0.,-1.));
#11991 = ( GEOMETRIC_REPRESENTATION_CONTEXT(2) 
PARAMETRIC_REPRESENTATION_CONTEXT() REPRESENTATION_CONTEXT('2D SPACE',''
  ) );
#11992 = PCURVE('',#4370,#11993);
#11993 = DEFINITIONAL_REPRESENTATION('',(#11994),#11998);
#11994 = LINE('',#11995,#11996);
#11995 = CARTESIAN_POINT('',(0.169921875,0.));
#11996 = VECTOR('',#11997,1.);
#11997 = DIRECTION('',(0.,-1.));
#11998 = ( GEOMETRIC_REPRESENTATION_CONTEXT(2) 
PARAMETRIC_REPRESENTATION_CONTEXT() REPRESENTATION_CONTEXT('2D SPACE',''
  ) );
#11999 = ORIENTED_EDGE('',*,*,#12000,.T.);
#12000 = EDGE_CURVE('',#11978,#11929,#12001,.T.);
#12001 = SURFACE_CURVE('',#12002,(#12006,#12013),.PCURVE_S1.);
#12002 = LINE('',#12003,#12004);
#12003 = CARTESIAN_POINT('',(10.81396484375,4.005859375,6.45));
#12004 = VECTOR('',#12005,1.);
#12005 = DIRECTION('',(0.,1.,0.));
#12006 = PCURVE('',#4398,#12007);
#12007 = DEFINITIONAL_REPRESENTATION('',(#12008),#12012);
#12008 = LINE('',#12009,#12010);
#12009 = CARTESIAN_POINT('',(0.,-0.45));
#12010 = VECTOR('',#12011,1.);
#12011 = DIRECTION('',(1.,0.));
#12012 = ( GEOMETRIC_REPRESENTATION_CONTEXT(2) 
PARAMETRIC_REPRESENTATION_CONTEXT() REPRESENTATION_CONTEXT('2D SPACE',''
  ) );
#12013 = PCURVE('',#11303,#12014);
#12014 = DEFINITIONAL_REPRESENTATION('',(#12015),#12019);
#12015 = LINE('',#12016,#12017);
#12016 = CARTESIAN_POINT('',(0.404296875,0.6982421875));
#12017 = VECTOR('',#12018,1.);
#12018 = DIRECTION('',(0.,1.));
#12019 = ( GEOMETRIC_REPRESENTATION_CONTEXT(2) 
PARAMETRIC_REPRESENTATION_CONTEXT() REPRESENTATION_CONTEXT('2D SPACE',''
  ) );
#12020 = ORIENTED_EDGE('',*,*,#11928,.F.);
#12021 = ORIENTED_EDGE('',*,*,#4382,.F.);
#12022 = ADVANCED_FACE('',(#12023),#4370,.T.);
#12023 = FACE_BOUND('',#12024,.T.);
#12024 = EDGE_LOOP('',(#12025,#12048,#12069,#12070));
#12025 = ORIENTED_EDGE('',*,*,#12026,.T.);
#12026 = EDGE_CURVE('',#4325,#12027,#12029,.T.);
#12027 = VERTEX_POINT('',#12028);
#12028 = CARTESIAN_POINT('',(10.98388671875,4.005859375,6.45));
#12029 = SURFACE_CURVE('',#12030,(#12034,#12041),.PCURVE_S1.);
#12030 = LINE('',#12031,#12032);
#12031 = CARTESIAN_POINT('',(10.98388671875,4.005859375,6.));
#12032 = VECTOR('',#12033,1.);
#12033 = DIRECTION('',(0.,0.,1.));
#12034 = PCURVE('',#4370,#12035);
#12035 = DEFINITIONAL_REPRESENTATION('',(#12036),#12040);
#12036 = LINE('',#12037,#12038);
#12037 = CARTESIAN_POINT('',(0.,-0.));
#12038 = VECTOR('',#12039,1.);
#12039 = DIRECTION('',(0.,-1.));
#12040 = ( GEOMETRIC_REPRESENTATION_CONTEXT(2) 
PARAMETRIC_REPRESENTATION_CONTEXT() REPRESENTATION_CONTEXT('2D SPACE',''
  ) );
#12041 = PCURVE('',#4340,#12042);
#12042 = DEFINITIONAL_REPRESENTATION('',(#12043),#12047);
#12043 = LINE('',#12044,#12045);
#12044 = CARTESIAN_POINT('',(1.,0.));
#12045 = VECTOR('',#12046,1.);
#12046 = DIRECTION('',(0.,-1.));
#12047 = ( GEOMETRIC_REPRESENTATION_CONTEXT(2) 
PARAMETRIC_REPRESENTATION_CONTEXT() REPRESENTATION_CONTEXT('2D SPACE',''
  ) );
#12048 = ORIENTED_EDGE('',*,*,#12049,.T.);
#12049 = EDGE_CURVE('',#12027,#11978,#12050,.T.);
#12050 = SURFACE_CURVE('',#12051,(#12055,#12062),.PCURVE_S1.);
#12051 = LINE('',#12052,#12053);
#12052 = CARTESIAN_POINT('',(10.98388671875,4.005859375,6.45));
#12053 = VECTOR('',#12054,1.);
#12054 = DIRECTION('',(-1.,0.,0.));
#12055 = PCURVE('',#4370,#12056);
#12056 = DEFINITIONAL_REPRESENTATION('',(#12057),#12061);
#12057 = LINE('',#12058,#12059);
#12058 = CARTESIAN_POINT('',(0.,-0.45));
#12059 = VECTOR('',#12060,1.);
#12060 = DIRECTION('',(1.,0.));
#12061 = ( GEOMETRIC_REPRESENTATION_CONTEXT(2) 
PARAMETRIC_REPRESENTATION_CONTEXT() REPRESENTATION_CONTEXT('2D SPACE',''
  ) );
#12062 = PCURVE('',#11303,#12063);
#12063 = DEFINITIONAL_REPRESENTATION('',(#12064),#12068);
#12064 = LINE('',#12065,#12066);
#12065 = CARTESIAN_POINT('',(0.57421875,0.6982421875));
#12066 = VECTOR('',#12067,1.);
#12067 = DIRECTION('',(-1.,0.));
#12068 = ( GEOMETRIC_REPRESENTATION_CONTEXT(2) 
PARAMETRIC_REPRESENTATION_CONTEXT() REPRESENTATION_CONTEXT('2D SPACE',''
  ) );
#12069 = ORIENTED_EDGE('',*,*,#11977,.F.);
#12070 = ORIENTED_EDGE('',*,*,#4354,.F.);
#12071 = ADVANCED_FACE('',(#12072),#4340,.T.);
#12072 = FACE_BOUND('',#12073,.T.);
#12073 = EDGE_LOOP('',(#12074,#12097,#12118,#12119));
#12074 = ORIENTED_EDGE('',*,*,#12075,.T.);
#12075 = EDGE_CURVE('',#4295,#12076,#12078,.T.);
#12076 = VERTEX_POINT('',#12077);
#12077 = CARTESIAN_POINT('',(11.2353515625,3.93310546875,6.45));
#12078 = SURFACE_CURVE('',#12079,(#12083,#12090),.PCURVE_S1.);
#12079 = LINE('',#12080,#12081);
#12080 = CARTESIAN_POINT('',(11.2353515625,3.93310546875,6.));
#12081 = VECTOR('',#12082,1.);
#12082 = DIRECTION('',(0.,0.,1.));
#12083 = PCURVE('',#4340,#12084);
#12084 = DEFINITIONAL_REPRESENTATION('',(#12085),#12089);
#12085 = LINE('',#12086,#12087);
#12086 = CARTESIAN_POINT('',(0.,0.));
#12087 = VECTOR('',#12088,1.);
#12088 = DIRECTION('',(0.,-1.));
#12089 = ( GEOMETRIC_REPRESENTATION_CONTEXT(2) 
PARAMETRIC_REPRESENTATION_CONTEXT() REPRESENTATION_CONTEXT('2D SPACE',''
  ) );
#12090 = PCURVE('',#4310,#12091);
#12091 = DEFINITIONAL_REPRESENTATION('',(#12092),#12096);
#12092 = LINE('',#12093,#12094);
#12093 = CARTESIAN_POINT('',(1.,0.));
#12094 = VECTOR('',#12095,1.);
#12095 = DIRECTION('',(0.,-1.));
#12096 = ( GEOMETRIC_REPRESENTATION_CONTEXT(2) 
PARAMETRIC_REPRESENTATION_CONTEXT() REPRESENTATION_CONTEXT('2D SPACE',''
  ) );
#12097 = ORIENTED_EDGE('',*,*,#12098,.T.);
#12098 = EDGE_CURVE('',#12076,#12027,#12099,.T.);
#12099 = SURFACE_CURVE('',#12100,(#12104,#12111),.PCURVE_S1.);
#12100 = B_SPLINE_CURVE_WITH_KNOTS('',2,(#12101,#12102,#12103),
  .UNSPECIFIED.,.F.,.F.,(3,3),(0.,1.),.PIECEWISE_BEZIER_KNOTS.);
#12101 = CARTESIAN_POINT('',(11.2353515625,3.93310546875,6.45));
#12102 = CARTESIAN_POINT('',(11.14501953125,4.005859375,6.45));
#12103 = CARTESIAN_POINT('',(10.98388671875,4.005859375,6.45));
#12104 = PCURVE('',#4340,#12105);
#12105 = DEFINITIONAL_REPRESENTATION('',(#12106),#12110);
#12106 = LINE('',#12107,#12108);
#12107 = CARTESIAN_POINT('',(0.,-0.45));
#12108 = VECTOR('',#12109,1.);
#12109 = DIRECTION('',(1.,0.));
#12110 = ( GEOMETRIC_REPRESENTATION_CONTEXT(2) 
PARAMETRIC_REPRESENTATION_CONTEXT() REPRESENTATION_CONTEXT('2D SPACE',''
  ) );
#12111 = PCURVE('',#11303,#12112);
#12112 = DEFINITIONAL_REPRESENTATION('',(#12113),#12117);
#12113 = B_SPLINE_CURVE_WITH_KNOTS('',2,(#12114,#12115,#12116),
  .UNSPECIFIED.,.F.,.F.,(3,3),(0.,1.),.PIECEWISE_BEZIER_KNOTS.);
#12114 = CARTESIAN_POINT('',(0.82568359375,0.62548828125));
#12115 = CARTESIAN_POINT('',(0.7353515625,0.6982421875));
#12116 = CARTESIAN_POINT('',(0.57421875,0.6982421875));
#12117 = ( GEOMETRIC_REPRESENTATION_CONTEXT(2) 
PARAMETRIC_REPRESENTATION_CONTEXT() REPRESENTATION_CONTEXT('2D SPACE',''
  ) );
#12118 = ORIENTED_EDGE('',*,*,#12026,.F.);
#12119 = ORIENTED_EDGE('',*,*,#4324,.F.);
#12120 = ADVANCED_FACE('',(#12121),#4310,.T.);
#12121 = FACE_BOUND('',#12122,.T.);
#12122 = EDGE_LOOP('',(#12123,#12146,#12167,#12168));
#12123 = ORIENTED_EDGE('',*,*,#12124,.T.);
#12124 = EDGE_CURVE('',#4265,#12125,#12127,.T.);
#12125 = VERTEX_POINT('',#12126);
#12126 = CARTESIAN_POINT('',(11.32568359375,3.7314453125,6.45));
#12127 = SURFACE_CURVE('',#12128,(#12132,#12139),.PCURVE_S1.);
#12128 = LINE('',#12129,#12130);
#12129 = CARTESIAN_POINT('',(11.32568359375,3.7314453125,6.));
#12130 = VECTOR('',#12131,1.);
#12131 = DIRECTION('',(0.,0.,1.));
#12132 = PCURVE('',#4310,#12133);
#12133 = DEFINITIONAL_REPRESENTATION('',(#12134),#12138);
#12134 = LINE('',#12135,#12136);
#12135 = CARTESIAN_POINT('',(0.,0.));
#12136 = VECTOR('',#12137,1.);
#12137 = DIRECTION('',(0.,-1.));
#12138 = ( GEOMETRIC_REPRESENTATION_CONTEXT(2) 
PARAMETRIC_REPRESENTATION_CONTEXT() REPRESENTATION_CONTEXT('2D SPACE',''
  ) );
#12139 = PCURVE('',#4280,#12140);
#12140 = DEFINITIONAL_REPRESENTATION('',(#12141),#12145);
#12141 = LINE('',#12142,#12143);
#12142 = CARTESIAN_POINT('',(1.,0.));
#12143 = VECTOR('',#12144,1.);
#12144 = DIRECTION('',(0.,-1.));
#12145 = ( GEOMETRIC_REPRESENTATION_CONTEXT(2) 
PARAMETRIC_REPRESENTATION_CONTEXT() REPRESENTATION_CONTEXT('2D SPACE',''
  ) );
#12146 = ORIENTED_EDGE('',*,*,#12147,.T.);
#12147 = EDGE_CURVE('',#12125,#12076,#12148,.T.);
#12148 = SURFACE_CURVE('',#12149,(#12153,#12160),.PCURVE_S1.);
#12149 = B_SPLINE_CURVE_WITH_KNOTS('',2,(#12150,#12151,#12152),
  .UNSPECIFIED.,.F.,.F.,(3,3),(0.,1.),.PIECEWISE_BEZIER_KNOTS.);
#12150 = CARTESIAN_POINT('',(11.32568359375,3.7314453125,6.45));
#12151 = CARTESIAN_POINT('',(11.32568359375,3.8603515625,6.45));
#12152 = CARTESIAN_POINT('',(11.2353515625,3.93310546875,6.45));
#12153 = PCURVE('',#4310,#12154);
#12154 = DEFINITIONAL_REPRESENTATION('',(#12155),#12159);
#12155 = LINE('',#12156,#12157);
#12156 = CARTESIAN_POINT('',(0.,-0.45));
#12157 = VECTOR('',#12158,1.);
#12158 = DIRECTION('',(1.,0.));
#12159 = ( GEOMETRIC_REPRESENTATION_CONTEXT(2) 
PARAMETRIC_REPRESENTATION_CONTEXT() REPRESENTATION_CONTEXT('2D SPACE',''
  ) );
#12160 = PCURVE('',#11303,#12161);
#12161 = DEFINITIONAL_REPRESENTATION('',(#12162),#12166);
#12162 = B_SPLINE_CURVE_WITH_KNOTS('',2,(#12163,#12164,#12165),
  .UNSPECIFIED.,.F.,.F.,(3,3),(0.,1.),.PIECEWISE_BEZIER_KNOTS.);
#12163 = CARTESIAN_POINT('',(0.916015625,0.423828125));
#12164 = CARTESIAN_POINT('',(0.916015625,0.552734375));
#12165 = CARTESIAN_POINT('',(0.82568359375,0.62548828125));
#12166 = ( GEOMETRIC_REPRESENTATION_CONTEXT(2) 
PARAMETRIC_REPRESENTATION_CONTEXT() REPRESENTATION_CONTEXT('2D SPACE',''
  ) );
#12167 = ORIENTED_EDGE('',*,*,#12075,.F.);
#12168 = ORIENTED_EDGE('',*,*,#4294,.F.);
#12169 = ADVANCED_FACE('',(#12170),#4280,.T.);
#12170 = FACE_BOUND('',#12171,.T.);
#12171 = EDGE_LOOP('',(#12172,#12195,#12216,#12217));
#12172 = ORIENTED_EDGE('',*,*,#12173,.T.);
#12173 = EDGE_CURVE('',#4235,#12174,#12176,.T.);
#12174 = VERTEX_POINT('',#12175);
#12175 = CARTESIAN_POINT('',(11.228515625,3.5185546875,6.45));
#12176 = SURFACE_CURVE('',#12177,(#12181,#12188),.PCURVE_S1.);
#12177 = LINE('',#12178,#12179);
#12178 = CARTESIAN_POINT('',(11.228515625,3.5185546875,6.));
#12179 = VECTOR('',#12180,1.);
#12180 = DIRECTION('',(0.,0.,1.));
#12181 = PCURVE('',#4280,#12182);
#12182 = DEFINITIONAL_REPRESENTATION('',(#12183),#12187);
#12183 = LINE('',#12184,#12185);
#12184 = CARTESIAN_POINT('',(0.,0.));
#12185 = VECTOR('',#12186,1.);
#12186 = DIRECTION('',(0.,-1.));
#12187 = ( GEOMETRIC_REPRESENTATION_CONTEXT(2) 
PARAMETRIC_REPRESENTATION_CONTEXT() REPRESENTATION_CONTEXT('2D SPACE',''
  ) );
#12188 = PCURVE('',#4250,#12189);
#12189 = DEFINITIONAL_REPRESENTATION('',(#12190),#12194);
#12190 = LINE('',#12191,#12192);
#12191 = CARTESIAN_POINT('',(1.,0.));
#12192 = VECTOR('',#12193,1.);
#12193 = DIRECTION('',(0.,-1.));
#12194 = ( GEOMETRIC_REPRESENTATION_CONTEXT(2) 
PARAMETRIC_REPRESENTATION_CONTEXT() REPRESENTATION_CONTEXT('2D SPACE',''
  ) );
#12195 = ORIENTED_EDGE('',*,*,#12196,.T.);
#12196 = EDGE_CURVE('',#12174,#12125,#12197,.T.);
#12197 = SURFACE_CURVE('',#12198,(#12202,#12209),.PCURVE_S1.);
#12198 = B_SPLINE_CURVE_WITH_KNOTS('',2,(#12199,#12200,#12201),
  .UNSPECIFIED.,.F.,.F.,(3,3),(0.,1.),.PIECEWISE_BEZIER_KNOTS.);
#12199 = CARTESIAN_POINT('',(11.228515625,3.5185546875,6.45));
#12200 = CARTESIAN_POINT('',(11.32568359375,3.591796875,6.45));
#12201 = CARTESIAN_POINT('',(11.32568359375,3.7314453125,6.45));
#12202 = PCURVE('',#4280,#12203);
#12203 = DEFINITIONAL_REPRESENTATION('',(#12204),#12208);
#12204 = LINE('',#12205,#12206);
#12205 = CARTESIAN_POINT('',(0.,-0.45));
#12206 = VECTOR('',#12207,1.);
#12207 = DIRECTION('',(1.,0.));
#12208 = ( GEOMETRIC_REPRESENTATION_CONTEXT(2) 
PARAMETRIC_REPRESENTATION_CONTEXT() REPRESENTATION_CONTEXT('2D SPACE',''
  ) );
#12209 = PCURVE('',#11303,#12210);
#12210 = DEFINITIONAL_REPRESENTATION('',(#12211),#12215);
#12211 = B_SPLINE_CURVE_WITH_KNOTS('',2,(#12212,#12213,#12214),
  .UNSPECIFIED.,.F.,.F.,(3,3),(0.,1.),.PIECEWISE_BEZIER_KNOTS.);
#12212 = CARTESIAN_POINT('',(0.81884765625,0.2109375));
#12213 = CARTESIAN_POINT('',(0.916015625,0.2841796875));
#12214 = CARTESIAN_POINT('',(0.916015625,0.423828125));
#12215 = ( GEOMETRIC_REPRESENTATION_CONTEXT(2) 
PARAMETRIC_REPRESENTATION_CONTEXT() REPRESENTATION_CONTEXT('2D SPACE',''
  ) );
#12216 = ORIENTED_EDGE('',*,*,#12124,.F.);
#12217 = ORIENTED_EDGE('',*,*,#4264,.F.);
#12218 = ADVANCED_FACE('',(#12219),#4250,.T.);
#12219 = FACE_BOUND('',#12220,.T.);
#12220 = EDGE_LOOP('',(#12221,#12244,#12265,#12266));
#12221 = ORIENTED_EDGE('',*,*,#12222,.T.);
#12222 = EDGE_CURVE('',#4205,#12223,#12225,.T.);
#12223 = VERTEX_POINT('',#12224);
#12224 = CARTESIAN_POINT('',(10.94580078125,3.4453125,6.45));
#12225 = SURFACE_CURVE('',#12226,(#12230,#12237),.PCURVE_S1.);
#12226 = LINE('',#12227,#12228);
#12227 = CARTESIAN_POINT('',(10.94580078125,3.4453125,6.));
#12228 = VECTOR('',#12229,1.);
#12229 = DIRECTION('',(0.,0.,1.));
#12230 = PCURVE('',#4250,#12231);
#12231 = DEFINITIONAL_REPRESENTATION('',(#12232),#12236);
#12232 = LINE('',#12233,#12234);
#12233 = CARTESIAN_POINT('',(0.,0.));
#12234 = VECTOR('',#12235,1.);
#12235 = DIRECTION('',(0.,-1.));
#12236 = ( GEOMETRIC_REPRESENTATION_CONTEXT(2) 
PARAMETRIC_REPRESENTATION_CONTEXT() REPRESENTATION_CONTEXT('2D SPACE',''
  ) );
#12237 = PCURVE('',#4220,#12238);
#12238 = DEFINITIONAL_REPRESENTATION('',(#12239),#12243);
#12239 = LINE('',#12240,#12241);
#12240 = CARTESIAN_POINT('',(1.,0.));
#12241 = VECTOR('',#12242,1.);
#12242 = DIRECTION('',(0.,-1.));
#12243 = ( GEOMETRIC_REPRESENTATION_CONTEXT(2) 
PARAMETRIC_REPRESENTATION_CONTEXT() REPRESENTATION_CONTEXT('2D SPACE',''
  ) );
#12244 = ORIENTED_EDGE('',*,*,#12245,.T.);
#12245 = EDGE_CURVE('',#12223,#12174,#12246,.T.);
#12246 = SURFACE_CURVE('',#12247,(#12251,#12258),.PCURVE_S1.);
#12247 = B_SPLINE_CURVE_WITH_KNOTS('',2,(#12248,#12249,#12250),
  .UNSPECIFIED.,.F.,.F.,(3,3),(0.,1.),.PIECEWISE_BEZIER_KNOTS.);
#12248 = CARTESIAN_POINT('',(10.94580078125,3.4453125,6.45));
#12249 = CARTESIAN_POINT('',(11.13134765625,3.4453125,6.45));
#12250 = CARTESIAN_POINT('',(11.228515625,3.5185546875,6.45));
#12251 = PCURVE('',#4250,#12252);
#12252 = DEFINITIONAL_REPRESENTATION('',(#12253),#12257);
#12253 = LINE('',#12254,#12255);
#12254 = CARTESIAN_POINT('',(0.,-0.45));
#12255 = VECTOR('',#12256,1.);
#12256 = DIRECTION('',(1.,0.));
#12257 = ( GEOMETRIC_REPRESENTATION_CONTEXT(2) 
PARAMETRIC_REPRESENTATION_CONTEXT() REPRESENTATION_CONTEXT('2D SPACE',''
  ) );
#12258 = PCURVE('',#11303,#12259);
#12259 = DEFINITIONAL_REPRESENTATION('',(#12260),#12264);
#12260 = B_SPLINE_CURVE_WITH_KNOTS('',2,(#12261,#12262,#12263),
  .UNSPECIFIED.,.F.,.F.,(3,3),(0.,1.),.PIECEWISE_BEZIER_KNOTS.);
#12261 = CARTESIAN_POINT('',(0.5361328125,0.1376953125));
#12262 = CARTESIAN_POINT('',(0.7216796875,0.1376953125));
#12263 = CARTESIAN_POINT('',(0.81884765625,0.2109375));
#12264 = ( GEOMETRIC_REPRESENTATION_CONTEXT(2) 
PARAMETRIC_REPRESENTATION_CONTEXT() REPRESENTATION_CONTEXT('2D SPACE',''
  ) );
#12265 = ORIENTED_EDGE('',*,*,#12173,.F.);
#12266 = ORIENTED_EDGE('',*,*,#4234,.F.);
#12267 = ADVANCED_FACE('',(#12268),#4220,.T.);
#12268 = FACE_BOUND('',#12269,.T.);
#12269 = EDGE_LOOP('',(#12270,#12293,#12314,#12315));
#12270 = ORIENTED_EDGE('',*,*,#12271,.T.);
#12271 = EDGE_CURVE('',#4175,#12272,#12274,.T.);
#12272 = VERTEX_POINT('',#12273);
#12273 = CARTESIAN_POINT('',(10.74169921875,3.4697265625,6.45));
#12274 = SURFACE_CURVE('',#12275,(#12279,#12286),.PCURVE_S1.);
#12275 = LINE('',#12276,#12277);
#12276 = CARTESIAN_POINT('',(10.74169921875,3.4697265625,6.));
#12277 = VECTOR('',#12278,1.);
#12278 = DIRECTION('',(0.,0.,1.));
#12279 = PCURVE('',#4220,#12280);
#12280 = DEFINITIONAL_REPRESENTATION('',(#12281),#12285);
#12281 = LINE('',#12282,#12283);
#12282 = CARTESIAN_POINT('',(0.,0.));
#12283 = VECTOR('',#12284,1.);
#12284 = DIRECTION('',(0.,-1.));
#12285 = ( GEOMETRIC_REPRESENTATION_CONTEXT(2) 
PARAMETRIC_REPRESENTATION_CONTEXT() REPRESENTATION_CONTEXT('2D SPACE',''
  ) );
#12286 = PCURVE('',#4190,#12287);
#12287 = DEFINITIONAL_REPRESENTATION('',(#12288),#12292);
#12288 = LINE('',#12289,#12290);
#12289 = CARTESIAN_POINT('',(1.,0.));
#12290 = VECTOR('',#12291,1.);
#12291 = DIRECTION('',(0.,-1.));
#12292 = ( GEOMETRIC_REPRESENTATION_CONTEXT(2) 
PARAMETRIC_REPRESENTATION_CONTEXT() REPRESENTATION_CONTEXT('2D SPACE',''
  ) );
#12293 = ORIENTED_EDGE('',*,*,#12294,.T.);
#12294 = EDGE_CURVE('',#12272,#12223,#12295,.T.);
#12295 = SURFACE_CURVE('',#12296,(#12300,#12307),.PCURVE_S1.);
#12296 = B_SPLINE_CURVE_WITH_KNOTS('',2,(#12297,#12298,#12299),
  .UNSPECIFIED.,.F.,.F.,(3,3),(0.,1.),.PIECEWISE_BEZIER_KNOTS.);
#12297 = CARTESIAN_POINT('',(10.74169921875,3.4697265625,6.45));
#12298 = CARTESIAN_POINT('',(10.83935546875,3.4453125,6.45));
#12299 = CARTESIAN_POINT('',(10.94580078125,3.4453125,6.45));
#12300 = PCURVE('',#4220,#12301);
#12301 = DEFINITIONAL_REPRESENTATION('',(#12302),#12306);
#12302 = LINE('',#12303,#12304);
#12303 = CARTESIAN_POINT('',(0.,-0.45));
#12304 = VECTOR('',#12305,1.);
#12305 = DIRECTION('',(1.,0.));
#12306 = ( GEOMETRIC_REPRESENTATION_CONTEXT(2) 
PARAMETRIC_REPRESENTATION_CONTEXT() REPRESENTATION_CONTEXT('2D SPACE',''
  ) );
#12307 = PCURVE('',#11303,#12308);
#12308 = DEFINITIONAL_REPRESENTATION('',(#12309),#12313);
#12309 = B_SPLINE_CURVE_WITH_KNOTS('',2,(#12310,#12311,#12312),
  .UNSPECIFIED.,.F.,.F.,(3,3),(0.,1.),.PIECEWISE_BEZIER_KNOTS.);
#12310 = CARTESIAN_POINT('',(0.33203125,0.162109375));
#12311 = CARTESIAN_POINT('',(0.4296875,0.1376953125));
#12312 = CARTESIAN_POINT('',(0.5361328125,0.1376953125));
#12313 = ( GEOMETRIC_REPRESENTATION_CONTEXT(2) 
PARAMETRIC_REPRESENTATION_CONTEXT() REPRESENTATION_CONTEXT('2D SPACE',''
  ) );
#12314 = ORIENTED_EDGE('',*,*,#12222,.F.);
#12315 = ORIENTED_EDGE('',*,*,#4204,.F.);
#12316 = ADVANCED_FACE('',(#12317),#4190,.T.);
#12317 = FACE_BOUND('',#12318,.T.);
#12318 = EDGE_LOOP('',(#12319,#12342,#12363,#12364));
#12319 = ORIENTED_EDGE('',*,*,#12320,.T.);
#12320 = EDGE_CURVE('',#4147,#12321,#12323,.T.);
#12321 = VERTEX_POINT('',#12322);
#12322 = CARTESIAN_POINT('',(10.56201171875,3.5419921875,6.45));
#12323 = SURFACE_CURVE('',#12324,(#12328,#12335),.PCURVE_S1.);
#12324 = LINE('',#12325,#12326);
#12325 = CARTESIAN_POINT('',(10.56201171875,3.5419921875,6.));
#12326 = VECTOR('',#12327,1.);
#12327 = DIRECTION('',(0.,0.,1.));
#12328 = PCURVE('',#4190,#12329);
#12329 = DEFINITIONAL_REPRESENTATION('',(#12330),#12334);
#12330 = LINE('',#12331,#12332);
#12331 = CARTESIAN_POINT('',(0.,0.));
#12332 = VECTOR('',#12333,1.);
#12333 = DIRECTION('',(0.,-1.));
#12334 = ( GEOMETRIC_REPRESENTATION_CONTEXT(2) 
PARAMETRIC_REPRESENTATION_CONTEXT() REPRESENTATION_CONTEXT('2D SPACE',''
  ) );
#12335 = PCURVE('',#4162,#12336);
#12336 = DEFINITIONAL_REPRESENTATION('',(#12337),#12341);
#12337 = LINE('',#12338,#12339);
#12338 = CARTESIAN_POINT('',(0.1904296875,0.));
#12339 = VECTOR('',#12340,1.);
#12340 = DIRECTION('',(0.,-1.));
#12341 = ( GEOMETRIC_REPRESENTATION_CONTEXT(2) 
PARAMETRIC_REPRESENTATION_CONTEXT() REPRESENTATION_CONTEXT('2D SPACE',''
  ) );
#12342 = ORIENTED_EDGE('',*,*,#12343,.T.);
#12343 = EDGE_CURVE('',#12321,#12272,#12344,.T.);
#12344 = SURFACE_CURVE('',#12345,(#12349,#12356),.PCURVE_S1.);
#12345 = B_SPLINE_CURVE_WITH_KNOTS('',2,(#12346,#12347,#12348),
  .UNSPECIFIED.,.F.,.F.,(3,3),(0.,1.),.PIECEWISE_BEZIER_KNOTS.);
#12346 = CARTESIAN_POINT('',(10.56201171875,3.5419921875,6.45));
#12347 = CARTESIAN_POINT('',(10.64404296875,3.494140625,6.45));
#12348 = CARTESIAN_POINT('',(10.74169921875,3.4697265625,6.45));
#12349 = PCURVE('',#4190,#12350);
#12350 = DEFINITIONAL_REPRESENTATION('',(#12351),#12355);
#12351 = LINE('',#12352,#12353);
#12352 = CARTESIAN_POINT('',(0.,-0.45));
#12353 = VECTOR('',#12354,1.);
#12354 = DIRECTION('',(1.,0.));
#12355 = ( GEOMETRIC_REPRESENTATION_CONTEXT(2) 
PARAMETRIC_REPRESENTATION_CONTEXT() REPRESENTATION_CONTEXT('2D SPACE',''
  ) );
#12356 = PCURVE('',#11303,#12357);
#12357 = DEFINITIONAL_REPRESENTATION('',(#12358),#12362);
#12358 = B_SPLINE_CURVE_WITH_KNOTS('',2,(#12359,#12360,#12361),
  .UNSPECIFIED.,.F.,.F.,(3,3),(0.,1.),.PIECEWISE_BEZIER_KNOTS.);
#12359 = CARTESIAN_POINT('',(0.15234375,0.234375));
#12360 = CARTESIAN_POINT('',(0.234375,0.1865234375));
#12361 = CARTESIAN_POINT('',(0.33203125,0.162109375));
#12362 = ( GEOMETRIC_REPRESENTATION_CONTEXT(2) 
PARAMETRIC_REPRESENTATION_CONTEXT() REPRESENTATION_CONTEXT('2D SPACE',''
  ) );
#12363 = ORIENTED_EDGE('',*,*,#12271,.F.);
#12364 = ORIENTED_EDGE('',*,*,#4174,.F.);
#12365 = ADVANCED_FACE('',(#12366),#4162,.T.);
#12366 = FACE_BOUND('',#12367,.T.);
#12367 = EDGE_LOOP('',(#12368,#12391,#12412,#12413));
#12368 = ORIENTED_EDGE('',*,*,#12369,.T.);
#12369 = EDGE_CURVE('',#4117,#12370,#12372,.T.);
#12370 = VERTEX_POINT('',#12371);
#12371 = CARTESIAN_POINT('',(10.56201171875,3.3515625,6.45));
#12372 = SURFACE_CURVE('',#12373,(#12377,#12384),.PCURVE_S1.);
#12373 = LINE('',#12374,#12375);
#12374 = CARTESIAN_POINT('',(10.56201171875,3.3515625,6.));
#12375 = VECTOR('',#12376,1.);
#12376 = DIRECTION('',(0.,0.,1.));
#12377 = PCURVE('',#4162,#12378);
#12378 = DEFINITIONAL_REPRESENTATION('',(#12379),#12383);
#12379 = LINE('',#12380,#12381);
#12380 = CARTESIAN_POINT('',(0.,0.));
#12381 = VECTOR('',#12382,1.);
#12382 = DIRECTION('',(0.,-1.));
#12383 = ( GEOMETRIC_REPRESENTATION_CONTEXT(2) 
PARAMETRIC_REPRESENTATION_CONTEXT() REPRESENTATION_CONTEXT('2D SPACE',''
  ) );
#12384 = PCURVE('',#4132,#12385);
#12385 = DEFINITIONAL_REPRESENTATION('',(#12386),#12390);
#12386 = LINE('',#12387,#12388);
#12387 = CARTESIAN_POINT('',(1.,0.));
#12388 = VECTOR('',#12389,1.);
#12389 = DIRECTION('',(0.,-1.));
#12390 = ( GEOMETRIC_REPRESENTATION_CONTEXT(2) 
PARAMETRIC_REPRESENTATION_CONTEXT() REPRESENTATION_CONTEXT('2D SPACE',''
  ) );
#12391 = ORIENTED_EDGE('',*,*,#12392,.T.);
#12392 = EDGE_CURVE('',#12370,#12321,#12393,.T.);
#12393 = SURFACE_CURVE('',#12394,(#12398,#12405),.PCURVE_S1.);
#12394 = LINE('',#12395,#12396);
#12395 = CARTESIAN_POINT('',(10.56201171875,3.3515625,6.45));
#12396 = VECTOR('',#12397,1.);
#12397 = DIRECTION('',(0.,1.,0.));
#12398 = PCURVE('',#4162,#12399);
#12399 = DEFINITIONAL_REPRESENTATION('',(#12400),#12404);
#12400 = LINE('',#12401,#12402);
#12401 = CARTESIAN_POINT('',(0.,-0.45));
#12402 = VECTOR('',#12403,1.);
#12403 = DIRECTION('',(1.,0.));
#12404 = ( GEOMETRIC_REPRESENTATION_CONTEXT(2) 
PARAMETRIC_REPRESENTATION_CONTEXT() REPRESENTATION_CONTEXT('2D SPACE',''
  ) );
#12405 = PCURVE('',#11303,#12406);
#12406 = DEFINITIONAL_REPRESENTATION('',(#12407),#12411);
#12407 = LINE('',#12408,#12409);
#12408 = CARTESIAN_POINT('',(0.15234375,4.39453125E-02));
#12409 = VECTOR('',#12410,1.);
#12410 = DIRECTION('',(0.,1.));
#12411 = ( GEOMETRIC_REPRESENTATION_CONTEXT(2) 
PARAMETRIC_REPRESENTATION_CONTEXT() REPRESENTATION_CONTEXT('2D SPACE',''
  ) );
#12412 = ORIENTED_EDGE('',*,*,#12320,.F.);
#12413 = ORIENTED_EDGE('',*,*,#4146,.F.);
#12414 = ADVANCED_FACE('',(#12415),#4132,.T.);
#12415 = FACE_BOUND('',#12416,.T.);
#12416 = EDGE_LOOP('',(#12417,#12440,#12461,#12462));
#12417 = ORIENTED_EDGE('',*,*,#12418,.T.);
#12418 = EDGE_CURVE('',#4087,#12419,#12421,.T.);
#12419 = VERTEX_POINT('',#12420);
#12420 = CARTESIAN_POINT('',(10.7626953125,3.29736328125,6.45));
#12421 = SURFACE_CURVE('',#12422,(#12426,#12433),.PCURVE_S1.);
#12422 = LINE('',#12423,#12424);
#12423 = CARTESIAN_POINT('',(10.7626953125,3.29736328125,6.));
#12424 = VECTOR('',#12425,1.);
#12425 = DIRECTION('',(0.,0.,1.));
#12426 = PCURVE('',#4132,#12427);
#12427 = DEFINITIONAL_REPRESENTATION('',(#12428),#12432);
#12428 = LINE('',#12429,#12430);
#12429 = CARTESIAN_POINT('',(0.,0.));
#12430 = VECTOR('',#12431,1.);
#12431 = DIRECTION('',(0.,-1.));
#12432 = ( GEOMETRIC_REPRESENTATION_CONTEXT(2) 
PARAMETRIC_REPRESENTATION_CONTEXT() REPRESENTATION_CONTEXT('2D SPACE',''
  ) );
#12433 = PCURVE('',#4102,#12434);
#12434 = DEFINITIONAL_REPRESENTATION('',(#12435),#12439);
#12435 = LINE('',#12436,#12437);
#12436 = CARTESIAN_POINT('',(1.,0.));
#12437 = VECTOR('',#12438,1.);
#12438 = DIRECTION('',(0.,-1.));
#12439 = ( GEOMETRIC_REPRESENTATION_CONTEXT(2) 
PARAMETRIC_REPRESENTATION_CONTEXT() REPRESENTATION_CONTEXT('2D SPACE',''
  ) );
#12440 = ORIENTED_EDGE('',*,*,#12441,.T.);
#12441 = EDGE_CURVE('',#12419,#12370,#12442,.T.);
#12442 = SURFACE_CURVE('',#12443,(#12447,#12454),.PCURVE_S1.);
#12443 = B_SPLINE_CURVE_WITH_KNOTS('',2,(#12444,#12445,#12446),
  .UNSPECIFIED.,.F.,.F.,(3,3),(0.,1.),.PIECEWISE_BEZIER_KNOTS.);
#12444 = CARTESIAN_POINT('',(10.7626953125,3.29736328125,6.45));
#12445 = CARTESIAN_POINT('',(10.66552734375,3.3154296875,6.45));
#12446 = CARTESIAN_POINT('',(10.56201171875,3.3515625,6.45));
#12447 = PCURVE('',#4132,#12448);
#12448 = DEFINITIONAL_REPRESENTATION('',(#12449),#12453);
#12449 = LINE('',#12450,#12451);
#12450 = CARTESIAN_POINT('',(0.,-0.45));
#12451 = VECTOR('',#12452,1.);
#12452 = DIRECTION('',(1.,0.));
#12453 = ( GEOMETRIC_REPRESENTATION_CONTEXT(2) 
PARAMETRIC_REPRESENTATION_CONTEXT() REPRESENTATION_CONTEXT('2D SPACE',''
  ) );
#12454 = PCURVE('',#11303,#12455);
#12455 = DEFINITIONAL_REPRESENTATION('',(#12456),#12460);
#12456 = B_SPLINE_CURVE_WITH_KNOTS('',2,(#12457,#12458,#12459),
  .UNSPECIFIED.,.F.,.F.,(3,3),(0.,1.),.PIECEWISE_BEZIER_KNOTS.);
#12457 = CARTESIAN_POINT('',(0.35302734375,-1.025390625E-02));
#12458 = CARTESIAN_POINT('',(0.255859375,7.8125E-03));
#12459 = CARTESIAN_POINT('',(0.15234375,4.39453125E-02));
#12460 = ( GEOMETRIC_REPRESENTATION_CONTEXT(2) 
PARAMETRIC_REPRESENTATION_CONTEXT() REPRESENTATION_CONTEXT('2D SPACE',''
  ) );
#12461 = ORIENTED_EDGE('',*,*,#12369,.F.);
#12462 = ORIENTED_EDGE('',*,*,#4116,.F.);
#12463 = ADVANCED_FACE('',(#12464),#4102,.T.);
#12464 = FACE_BOUND('',#12465,.T.);
#12465 = EDGE_LOOP('',(#12466,#12489,#12510,#12511));
#12466 = ORIENTED_EDGE('',*,*,#12467,.T.);
#12467 = EDGE_CURVE('',#4057,#12468,#12470,.T.);
#12468 = VERTEX_POINT('',#12469);
#12469 = CARTESIAN_POINT('',(10.95166015625,3.279296875,6.45));
#12470 = SURFACE_CURVE('',#12471,(#12475,#12482),.PCURVE_S1.);
#12471 = LINE('',#12472,#12473);
#12472 = CARTESIAN_POINT('',(10.95166015625,3.279296875,6.));
#12473 = VECTOR('',#12474,1.);
#12474 = DIRECTION('',(0.,0.,1.));
#12475 = PCURVE('',#4102,#12476);
#12476 = DEFINITIONAL_REPRESENTATION('',(#12477),#12481);
#12477 = LINE('',#12478,#12479);
#12478 = CARTESIAN_POINT('',(0.,0.));
#12479 = VECTOR('',#12480,1.);
#12480 = DIRECTION('',(0.,-1.));
#12481 = ( GEOMETRIC_REPRESENTATION_CONTEXT(2) 
PARAMETRIC_REPRESENTATION_CONTEXT() REPRESENTATION_CONTEXT('2D SPACE',''
  ) );
#12482 = PCURVE('',#4072,#12483);
#12483 = DEFINITIONAL_REPRESENTATION('',(#12484),#12488);
#12484 = LINE('',#12485,#12486);
#12485 = CARTESIAN_POINT('',(1.,0.));
#12486 = VECTOR('',#12487,1.);
#12487 = DIRECTION('',(0.,-1.));
#12488 = ( GEOMETRIC_REPRESENTATION_CONTEXT(2) 
PARAMETRIC_REPRESENTATION_CONTEXT() REPRESENTATION_CONTEXT('2D SPACE',''
  ) );
#12489 = ORIENTED_EDGE('',*,*,#12490,.T.);
#12490 = EDGE_CURVE('',#12468,#12419,#12491,.T.);
#12491 = SURFACE_CURVE('',#12492,(#12496,#12503),.PCURVE_S1.);
#12492 = B_SPLINE_CURVE_WITH_KNOTS('',2,(#12493,#12494,#12495),
  .UNSPECIFIED.,.F.,.F.,(3,3),(0.,1.),.PIECEWISE_BEZIER_KNOTS.);
#12493 = CARTESIAN_POINT('',(10.95166015625,3.279296875,6.45));
#12494 = CARTESIAN_POINT('',(10.85986328125,3.279296875,6.45));
#12495 = CARTESIAN_POINT('',(10.7626953125,3.29736328125,6.45));
#12496 = PCURVE('',#4102,#12497);
#12497 = DEFINITIONAL_REPRESENTATION('',(#12498),#12502);
#12498 = LINE('',#12499,#12500);
#12499 = CARTESIAN_POINT('',(0.,-0.45));
#12500 = VECTOR('',#12501,1.);
#12501 = DIRECTION('',(1.,0.));
#12502 = ( GEOMETRIC_REPRESENTATION_CONTEXT(2) 
PARAMETRIC_REPRESENTATION_CONTEXT() REPRESENTATION_CONTEXT('2D SPACE',''
  ) );
#12503 = PCURVE('',#11303,#12504);
#12504 = DEFINITIONAL_REPRESENTATION('',(#12505),#12509);
#12505 = B_SPLINE_CURVE_WITH_KNOTS('',2,(#12506,#12507,#12508),
  .UNSPECIFIED.,.F.,.F.,(3,3),(0.,1.),.PIECEWISE_BEZIER_KNOTS.);
#12506 = CARTESIAN_POINT('',(0.5419921875,-2.83203125E-02));
#12507 = CARTESIAN_POINT('',(0.4501953125,-2.83203125E-02));
#12508 = CARTESIAN_POINT('',(0.35302734375,-1.025390625E-02));
#12509 = ( GEOMETRIC_REPRESENTATION_CONTEXT(2) 
PARAMETRIC_REPRESENTATION_CONTEXT() REPRESENTATION_CONTEXT('2D SPACE',''
  ) );
#12510 = ORIENTED_EDGE('',*,*,#12418,.F.);
#12511 = ORIENTED_EDGE('',*,*,#4086,.F.);
#12512 = ADVANCED_FACE('',(#12513),#4072,.T.);
#12513 = FACE_BOUND('',#12514,.T.);
#12514 = EDGE_LOOP('',(#12515,#12538,#12559,#12560));
#12515 = ORIENTED_EDGE('',*,*,#12516,.T.);
#12516 = EDGE_CURVE('',#4027,#12517,#12519,.T.);
#12517 = VERTEX_POINT('',#12518);
#12518 = CARTESIAN_POINT('',(11.37353515625,3.3974609375,6.45));
#12519 = SURFACE_CURVE('',#12520,(#12524,#12531),.PCURVE_S1.);
#12520 = LINE('',#12521,#12522);
#12521 = CARTESIAN_POINT('',(11.37353515625,3.3974609375,6.));
#12522 = VECTOR('',#12523,1.);
#12523 = DIRECTION('',(0.,0.,1.));
#12524 = PCURVE('',#4072,#12525);
#12525 = DEFINITIONAL_REPRESENTATION('',(#12526),#12530);
#12526 = LINE('',#12527,#12528);
#12527 = CARTESIAN_POINT('',(0.,0.));
#12528 = VECTOR('',#12529,1.);
#12529 = DIRECTION('',(0.,-1.));
#12530 = ( GEOMETRIC_REPRESENTATION_CONTEXT(2) 
PARAMETRIC_REPRESENTATION_CONTEXT() REPRESENTATION_CONTEXT('2D SPACE',''
  ) );
#12531 = PCURVE('',#4042,#12532);
#12532 = DEFINITIONAL_REPRESENTATION('',(#12533),#12537);
#12533 = LINE('',#12534,#12535);
#12534 = CARTESIAN_POINT('',(1.,0.));
#12535 = VECTOR('',#12536,1.);
#12536 = DIRECTION('',(0.,-1.));
#12537 = ( GEOMETRIC_REPRESENTATION_CONTEXT(2) 
PARAMETRIC_REPRESENTATION_CONTEXT() REPRESENTATION_CONTEXT('2D SPACE',''
  ) );
#12538 = ORIENTED_EDGE('',*,*,#12539,.T.);
#12539 = EDGE_CURVE('',#12517,#12468,#12540,.T.);
#12540 = SURFACE_CURVE('',#12541,(#12545,#12552),.PCURVE_S1.);
#12541 = B_SPLINE_CURVE_WITH_KNOTS('',2,(#12542,#12543,#12544),
  .UNSPECIFIED.,.F.,.F.,(3,3),(0.,1.),.PIECEWISE_BEZIER_KNOTS.);
#12542 = CARTESIAN_POINT('',(11.37353515625,3.3974609375,6.45));
#12543 = CARTESIAN_POINT('',(11.22509765625,3.279296875,6.45));
#12544 = CARTESIAN_POINT('',(10.95166015625,3.279296875,6.45));
#12545 = PCURVE('',#4072,#12546);
#12546 = DEFINITIONAL_REPRESENTATION('',(#12547),#12551);
#12547 = LINE('',#12548,#12549);
#12548 = CARTESIAN_POINT('',(0.,-0.45));
#12549 = VECTOR('',#12550,1.);
#12550 = DIRECTION('',(1.,0.));
#12551 = ( GEOMETRIC_REPRESENTATION_CONTEXT(2) 
PARAMETRIC_REPRESENTATION_CONTEXT() REPRESENTATION_CONTEXT('2D SPACE',''
  ) );
#12552 = PCURVE('',#11303,#12553);
#12553 = DEFINITIONAL_REPRESENTATION('',(#12554),#12558);
#12554 = B_SPLINE_CURVE_WITH_KNOTS('',2,(#12555,#12556,#12557),
  .UNSPECIFIED.,.F.,.F.,(3,3),(0.,1.),.PIECEWISE_BEZIER_KNOTS.);
#12555 = CARTESIAN_POINT('',(0.9638671875,8.984375E-02));
#12556 = CARTESIAN_POINT('',(0.8154296875,-2.83203125E-02));
#12557 = CARTESIAN_POINT('',(0.5419921875,-2.83203125E-02));
#12558 = ( GEOMETRIC_REPRESENTATION_CONTEXT(2) 
PARAMETRIC_REPRESENTATION_CONTEXT() REPRESENTATION_CONTEXT('2D SPACE',''
  ) );
#12559 = ORIENTED_EDGE('',*,*,#12467,.F.);
#12560 = ORIENTED_EDGE('',*,*,#4056,.F.);
#12561 = ADVANCED_FACE('',(#12562),#4042,.T.);
#12562 = FACE_BOUND('',#12563,.T.);
#12563 = EDGE_LOOP('',(#12564,#12587,#12608,#12609));
#12564 = ORIENTED_EDGE('',*,*,#12565,.T.);
#12565 = EDGE_CURVE('',#3997,#12566,#12568,.T.);
#12566 = VERTEX_POINT('',#12567);
#12567 = CARTESIAN_POINT('',(11.52197265625,3.7314453125,6.45));
#12568 = SURFACE_CURVE('',#12569,(#12573,#12580),.PCURVE_S1.);
#12569 = LINE('',#12570,#12571);
#12570 = CARTESIAN_POINT('',(11.52197265625,3.7314453125,6.));
#12571 = VECTOR('',#12572,1.);
#12572 = DIRECTION('',(0.,0.,1.));
#12573 = PCURVE('',#4042,#12574);
#12574 = DEFINITIONAL_REPRESENTATION('',(#12575),#12579);
#12575 = LINE('',#12576,#12577);
#12576 = CARTESIAN_POINT('',(0.,0.));
#12577 = VECTOR('',#12578,1.);
#12578 = DIRECTION('',(0.,-1.));
#12579 = ( GEOMETRIC_REPRESENTATION_CONTEXT(2) 
PARAMETRIC_REPRESENTATION_CONTEXT() REPRESENTATION_CONTEXT('2D SPACE',''
  ) );
#12580 = PCURVE('',#4012,#12581);
#12581 = DEFINITIONAL_REPRESENTATION('',(#12582),#12586);
#12582 = LINE('',#12583,#12584);
#12583 = CARTESIAN_POINT('',(1.,0.));
#12584 = VECTOR('',#12585,1.);
#12585 = DIRECTION('',(0.,-1.));
#12586 = ( GEOMETRIC_REPRESENTATION_CONTEXT(2) 
PARAMETRIC_REPRESENTATION_CONTEXT() REPRESENTATION_CONTEXT('2D SPACE',''
  ) );
#12587 = ORIENTED_EDGE('',*,*,#12588,.T.);
#12588 = EDGE_CURVE('',#12566,#12517,#12589,.T.);
#12589 = SURFACE_CURVE('',#12590,(#12594,#12601),.PCURVE_S1.);
#12590 = B_SPLINE_CURVE_WITH_KNOTS('',2,(#12591,#12592,#12593),
  .UNSPECIFIED.,.F.,.F.,(3,3),(0.,1.),.PIECEWISE_BEZIER_KNOTS.);
#12591 = CARTESIAN_POINT('',(11.52197265625,3.7314453125,6.45));
#12592 = CARTESIAN_POINT('',(11.52197265625,3.515625,6.45));
#12593 = CARTESIAN_POINT('',(11.37353515625,3.3974609375,6.45));
#12594 = PCURVE('',#4042,#12595);
#12595 = DEFINITIONAL_REPRESENTATION('',(#12596),#12600);
#12596 = LINE('',#12597,#12598);
#12597 = CARTESIAN_POINT('',(0.,-0.45));
#12598 = VECTOR('',#12599,1.);
#12599 = DIRECTION('',(1.,0.));
#12600 = ( GEOMETRIC_REPRESENTATION_CONTEXT(2) 
PARAMETRIC_REPRESENTATION_CONTEXT() REPRESENTATION_CONTEXT('2D SPACE',''
  ) );
#12601 = PCURVE('',#11303,#12602);
#12602 = DEFINITIONAL_REPRESENTATION('',(#12603),#12607);
#12603 = B_SPLINE_CURVE_WITH_KNOTS('',2,(#12604,#12605,#12606),
  .UNSPECIFIED.,.F.,.F.,(3,3),(0.,1.),.PIECEWISE_BEZIER_KNOTS.);
#12604 = CARTESIAN_POINT('',(1.1123046875,0.423828125));
#12605 = CARTESIAN_POINT('',(1.1123046875,0.2080078125));
#12606 = CARTESIAN_POINT('',(0.9638671875,8.984375E-02));
#12607 = ( GEOMETRIC_REPRESENTATION_CONTEXT(2) 
PARAMETRIC_REPRESENTATION_CONTEXT() REPRESENTATION_CONTEXT('2D SPACE',''
  ) );
#12608 = ORIENTED_EDGE('',*,*,#12516,.F.);
#12609 = ORIENTED_EDGE('',*,*,#4026,.F.);
#12610 = ADVANCED_FACE('',(#12611),#4012,.T.);
#12611 = FACE_BOUND('',#12612,.T.);
#12612 = EDGE_LOOP('',(#12613,#12636,#12657,#12658));
#12613 = ORIENTED_EDGE('',*,*,#12614,.T.);
#12614 = EDGE_CURVE('',#3967,#12615,#12617,.T.);
#12615 = VERTEX_POINT('',#12616);
#12616 = CARTESIAN_POINT('',(11.4423828125,3.9677734375,6.45));
#12617 = SURFACE_CURVE('',#12618,(#12622,#12629),.PCURVE_S1.);
#12618 = LINE('',#12619,#12620);
#12619 = CARTESIAN_POINT('',(11.4423828125,3.9677734375,6.));
#12620 = VECTOR('',#12621,1.);
#12621 = DIRECTION('',(0.,0.,1.));
#12622 = PCURVE('',#4012,#12623);
#12623 = DEFINITIONAL_REPRESENTATION('',(#12624),#12628);
#12624 = LINE('',#12625,#12626);
#12625 = CARTESIAN_POINT('',(0.,0.));
#12626 = VECTOR('',#12627,1.);
#12627 = DIRECTION('',(0.,-1.));
#12628 = ( GEOMETRIC_REPRESENTATION_CONTEXT(2) 
PARAMETRIC_REPRESENTATION_CONTEXT() REPRESENTATION_CONTEXT('2D SPACE',''
  ) );
#12629 = PCURVE('',#3982,#12630);
#12630 = DEFINITIONAL_REPRESENTATION('',(#12631),#12635);
#12631 = LINE('',#12632,#12633);
#12632 = CARTESIAN_POINT('',(1.,0.));
#12633 = VECTOR('',#12634,1.);
#12634 = DIRECTION('',(0.,-1.));
#12635 = ( GEOMETRIC_REPRESENTATION_CONTEXT(2) 
PARAMETRIC_REPRESENTATION_CONTEXT() REPRESENTATION_CONTEXT('2D SPACE',''
  ) );
#12636 = ORIENTED_EDGE('',*,*,#12637,.T.);
#12637 = EDGE_CURVE('',#12615,#12566,#12638,.T.);
#12638 = SURFACE_CURVE('',#12639,(#12643,#12650),.PCURVE_S1.);
#12639 = B_SPLINE_CURVE_WITH_KNOTS('',2,(#12640,#12641,#12642),
  .UNSPECIFIED.,.F.,.F.,(3,3),(0.,1.),.PIECEWISE_BEZIER_KNOTS.);
#12640 = CARTESIAN_POINT('',(11.4423828125,3.9677734375,6.45));
#12641 = CARTESIAN_POINT('',(11.52197265625,3.8720703125,6.45));
#12642 = CARTESIAN_POINT('',(11.52197265625,3.7314453125,6.45));
#12643 = PCURVE('',#4012,#12644);
#12644 = DEFINITIONAL_REPRESENTATION('',(#12645),#12649);
#12645 = LINE('',#12646,#12647);
#12646 = CARTESIAN_POINT('',(0.,-0.45));
#12647 = VECTOR('',#12648,1.);
#12648 = DIRECTION('',(1.,0.));
#12649 = ( GEOMETRIC_REPRESENTATION_CONTEXT(2) 
PARAMETRIC_REPRESENTATION_CONTEXT() REPRESENTATION_CONTEXT('2D SPACE',''
  ) );
#12650 = PCURVE('',#11303,#12651);
#12651 = DEFINITIONAL_REPRESENTATION('',(#12652),#12656);
#12652 = B_SPLINE_CURVE_WITH_KNOTS('',2,(#12653,#12654,#12655),
  .UNSPECIFIED.,.F.,.F.,(3,3),(0.,1.),.PIECEWISE_BEZIER_KNOTS.);
#12653 = CARTESIAN_POINT('',(1.03271484375,0.66015625));
#12654 = CARTESIAN_POINT('',(1.1123046875,0.564453125));
#12655 = CARTESIAN_POINT('',(1.1123046875,0.423828125));
#12656 = ( GEOMETRIC_REPRESENTATION_CONTEXT(2) 
PARAMETRIC_REPRESENTATION_CONTEXT() REPRESENTATION_CONTEXT('2D SPACE',''
  ) );
#12657 = ORIENTED_EDGE('',*,*,#12565,.F.);
#12658 = ORIENTED_EDGE('',*,*,#3996,.F.);
#12659 = ADVANCED_FACE('',(#12660),#3982,.T.);
#12660 = FACE_BOUND('',#12661,.T.);
#12661 = EDGE_LOOP('',(#12662,#12663,#12684,#12685));
#12662 = ORIENTED_EDGE('',*,*,#11315,.T.);
#12663 = ORIENTED_EDGE('',*,*,#12664,.T.);
#12664 = EDGE_CURVE('',#11288,#12615,#12665,.T.);
#12665 = SURFACE_CURVE('',#12666,(#12670,#12677),.PCURVE_S1.);
#12666 = B_SPLINE_CURVE_WITH_KNOTS('',2,(#12667,#12668,#12669),
  .UNSPECIFIED.,.F.,.F.,(3,3),(0.,1.),.PIECEWISE_BEZIER_KNOTS.);
#12667 = CARTESIAN_POINT('',(11.22119140625,4.09375,6.45));
#12668 = CARTESIAN_POINT('',(11.36279296875,4.0634765625,6.45));
#12669 = CARTESIAN_POINT('',(11.4423828125,3.9677734375,6.45));
#12670 = PCURVE('',#3982,#12671);
#12671 = DEFINITIONAL_REPRESENTATION('',(#12672),#12676);
#12672 = LINE('',#12673,#12674);
#12673 = CARTESIAN_POINT('',(0.,-0.45));
#12674 = VECTOR('',#12675,1.);
#12675 = DIRECTION('',(1.,0.));
#12676 = ( GEOMETRIC_REPRESENTATION_CONTEXT(2) 
PARAMETRIC_REPRESENTATION_CONTEXT() REPRESENTATION_CONTEXT('2D SPACE',''
  ) );
#12677 = PCURVE('',#11303,#12678);
#12678 = DEFINITIONAL_REPRESENTATION('',(#12679),#12683);
#12679 = B_SPLINE_CURVE_WITH_KNOTS('',2,(#12680,#12681,#12682),
  .UNSPECIFIED.,.F.,.F.,(3,3),(0.,1.),.PIECEWISE_BEZIER_KNOTS.);
#12680 = CARTESIAN_POINT('',(0.8115234375,0.7861328125));
#12681 = CARTESIAN_POINT('',(0.953125,0.755859375));
#12682 = CARTESIAN_POINT('',(1.03271484375,0.66015625));
#12683 = ( GEOMETRIC_REPRESENTATION_CONTEXT(2) 
PARAMETRIC_REPRESENTATION_CONTEXT() REPRESENTATION_CONTEXT('2D SPACE',''
  ) );
#12684 = ORIENTED_EDGE('',*,*,#12614,.F.);
#12685 = ORIENTED_EDGE('',*,*,#3966,.F.);
#12686 = ADVANCED_FACE('',(#12687),#4814,.T.);
#12687 = FACE_BOUND('',#12688,.T.);
#12688 = EDGE_LOOP('',(#12689,#12712,#12740,#12761));
#12689 = ORIENTED_EDGE('',*,*,#12690,.T.);
#12690 = EDGE_CURVE('',#4797,#12691,#12693,.T.);
#12691 = VERTEX_POINT('',#12692);
#12692 = CARTESIAN_POINT('',(12.41552734375,3.6513671875,6.45));
#12693 = SURFACE_CURVE('',#12694,(#12698,#12705),.PCURVE_S1.);
#12694 = LINE('',#12695,#12696);
#12695 = CARTESIAN_POINT('',(12.41552734375,3.6513671875,6.));
#12696 = VECTOR('',#12697,1.);
#12697 = DIRECTION('',(0.,0.,1.));
#12698 = PCURVE('',#4814,#12699);
#12699 = DEFINITIONAL_REPRESENTATION('',(#12700),#12704);
#12700 = LINE('',#12701,#12702);
#12701 = CARTESIAN_POINT('',(0.,0.));
#12702 = VECTOR('',#12703,1.);
#12703 = DIRECTION('',(0.,-1.));
#12704 = ( GEOMETRIC_REPRESENTATION_CONTEXT(2) 
PARAMETRIC_REPRESENTATION_CONTEXT() REPRESENTATION_CONTEXT('2D SPACE',''
  ) );
#12705 = PCURVE('',#5092,#12706);
#12706 = DEFINITIONAL_REPRESENTATION('',(#12707),#12711);
#12707 = LINE('',#12708,#12709);
#12708 = CARTESIAN_POINT('',(0.658203125,0.));
#12709 = VECTOR('',#12710,1.);
#12710 = DIRECTION('',(0.,-1.));
#12711 = ( GEOMETRIC_REPRESENTATION_CONTEXT(2) 
PARAMETRIC_REPRESENTATION_CONTEXT() REPRESENTATION_CONTEXT('2D SPACE',''
  ) );
#12712 = ORIENTED_EDGE('',*,*,#12713,.T.);
#12713 = EDGE_CURVE('',#12691,#12714,#12716,.T.);
#12714 = VERTEX_POINT('',#12715);
#12715 = CARTESIAN_POINT('',(12.41552734375,3.841796875,6.45));
#12716 = SURFACE_CURVE('',#12717,(#12721,#12728),.PCURVE_S1.);
#12717 = LINE('',#12718,#12719);
#12718 = CARTESIAN_POINT('',(12.41552734375,3.6513671875,6.45));
#12719 = VECTOR('',#12720,1.);
#12720 = DIRECTION('',(0.,1.,0.));
#12721 = PCURVE('',#4814,#12722);
#12722 = DEFINITIONAL_REPRESENTATION('',(#12723),#12727);
#12723 = LINE('',#12724,#12725);
#12724 = CARTESIAN_POINT('',(0.,-0.45));
#12725 = VECTOR('',#12726,1.);
#12726 = DIRECTION('',(1.,0.));
#12727 = ( GEOMETRIC_REPRESENTATION_CONTEXT(2) 
PARAMETRIC_REPRESENTATION_CONTEXT() REPRESENTATION_CONTEXT('2D SPACE',''
  ) );
#12728 = PCURVE('',#12729,#12734);
#12729 = PLANE('',#12730);
#12730 = AXIS2_PLACEMENT_3D('',#12731,#12732,#12733);
#12731 = CARTESIAN_POINT('',(12.31787109375,3.3076171875,6.45));
#12732 = DIRECTION('',(0.,0.,1.));
#12733 = DIRECTION('',(1.,0.,0.));
#12734 = DEFINITIONAL_REPRESENTATION('',(#12735),#12739);
#12735 = LINE('',#12736,#12737);
#12736 = CARTESIAN_POINT('',(9.765625E-02,0.34375));
#12737 = VECTOR('',#12738,1.);
#12738 = DIRECTION('',(0.,1.));
#12739 = ( GEOMETRIC_REPRESENTATION_CONTEXT(2) 
PARAMETRIC_REPRESENTATION_CONTEXT() REPRESENTATION_CONTEXT('2D SPACE',''
  ) );
#12740 = ORIENTED_EDGE('',*,*,#12741,.F.);
#12741 = EDGE_CURVE('',#4799,#12714,#12742,.T.);
#12742 = SURFACE_CURVE('',#12743,(#12747,#12754),.PCURVE_S1.);
#12743 = LINE('',#12744,#12745);
#12744 = CARTESIAN_POINT('',(12.41552734375,3.841796875,6.));
#12745 = VECTOR('',#12746,1.);
#12746 = DIRECTION('',(0.,0.,1.));
#12747 = PCURVE('',#4814,#12748);
#12748 = DEFINITIONAL_REPRESENTATION('',(#12749),#12753);
#12749 = LINE('',#12750,#12751);
#12750 = CARTESIAN_POINT('',(0.1904296875,0.));
#12751 = VECTOR('',#12752,1.);
#12752 = DIRECTION('',(0.,-1.));
#12753 = ( GEOMETRIC_REPRESENTATION_CONTEXT(2) 
PARAMETRIC_REPRESENTATION_CONTEXT() REPRESENTATION_CONTEXT('2D SPACE',''
  ) );
#12754 = PCURVE('',#4842,#12755);
#12755 = DEFINITIONAL_REPRESENTATION('',(#12756),#12760);
#12756 = LINE('',#12757,#12758);
#12757 = CARTESIAN_POINT('',(0.,0.));
#12758 = VECTOR('',#12759,1.);
#12759 = DIRECTION('',(0.,-1.));
#12760 = ( GEOMETRIC_REPRESENTATION_CONTEXT(2) 
PARAMETRIC_REPRESENTATION_CONTEXT() REPRESENTATION_CONTEXT('2D SPACE',''
  ) );
#12761 = ORIENTED_EDGE('',*,*,#4796,.F.);
#12762 = ADVANCED_FACE('',(#12763),#5092,.T.);
#12763 = FACE_BOUND('',#12764,.T.);
#12764 = EDGE_LOOP('',(#12765,#12788,#12809,#12810));
#12765 = ORIENTED_EDGE('',*,*,#12766,.T.);
#12766 = EDGE_CURVE('',#5051,#12767,#12769,.T.);
#12767 = VERTEX_POINT('',#12768);
#12768 = CARTESIAN_POINT('',(13.07373046875,3.6513671875,6.45));
#12769 = SURFACE_CURVE('',#12770,(#12774,#12781),.PCURVE_S1.);
#12770 = LINE('',#12771,#12772);
#12771 = CARTESIAN_POINT('',(13.07373046875,3.6513671875,6.));
#12772 = VECTOR('',#12773,1.);
#12773 = DIRECTION('',(0.,0.,1.));
#12774 = PCURVE('',#5092,#12775);
#12775 = DEFINITIONAL_REPRESENTATION('',(#12776),#12780);
#12776 = LINE('',#12777,#12778);
#12777 = CARTESIAN_POINT('',(0.,-0.));
#12778 = VECTOR('',#12779,1.);
#12779 = DIRECTION('',(0.,-1.));
#12780 = ( GEOMETRIC_REPRESENTATION_CONTEXT(2) 
PARAMETRIC_REPRESENTATION_CONTEXT() REPRESENTATION_CONTEXT('2D SPACE',''
  ) );
#12781 = PCURVE('',#5066,#12782);
#12782 = DEFINITIONAL_REPRESENTATION('',(#12783),#12787);
#12783 = LINE('',#12784,#12785);
#12784 = CARTESIAN_POINT('',(0.34375,0.));
#12785 = VECTOR('',#12786,1.);
#12786 = DIRECTION('',(0.,-1.));
#12787 = ( GEOMETRIC_REPRESENTATION_CONTEXT(2) 
PARAMETRIC_REPRESENTATION_CONTEXT() REPRESENTATION_CONTEXT('2D SPACE',''
  ) );
#12788 = ORIENTED_EDGE('',*,*,#12789,.T.);
#12789 = EDGE_CURVE('',#12767,#12691,#12790,.T.);
#12790 = SURFACE_CURVE('',#12791,(#12795,#12802),.PCURVE_S1.);
#12791 = LINE('',#12792,#12793);
#12792 = CARTESIAN_POINT('',(13.07373046875,3.6513671875,6.45));
#12793 = VECTOR('',#12794,1.);
#12794 = DIRECTION('',(-1.,0.,0.));
#12795 = PCURVE('',#5092,#12796);
#12796 = DEFINITIONAL_REPRESENTATION('',(#12797),#12801);
#12797 = LINE('',#12798,#12799);
#12798 = CARTESIAN_POINT('',(0.,-0.45));
#12799 = VECTOR('',#12800,1.);
#12800 = DIRECTION('',(1.,0.));
#12801 = ( GEOMETRIC_REPRESENTATION_CONTEXT(2) 
PARAMETRIC_REPRESENTATION_CONTEXT() REPRESENTATION_CONTEXT('2D SPACE',''
  ) );
#12802 = PCURVE('',#12729,#12803);
#12803 = DEFINITIONAL_REPRESENTATION('',(#12804),#12808);
#12804 = LINE('',#12805,#12806);
#12805 = CARTESIAN_POINT('',(0.755859375,0.34375));
#12806 = VECTOR('',#12807,1.);
#12807 = DIRECTION('',(-1.,0.));
#12808 = ( GEOMETRIC_REPRESENTATION_CONTEXT(2) 
PARAMETRIC_REPRESENTATION_CONTEXT() REPRESENTATION_CONTEXT('2D SPACE',''
  ) );
#12809 = ORIENTED_EDGE('',*,*,#12690,.F.);
#12810 = ORIENTED_EDGE('',*,*,#5078,.F.);
#12811 = ADVANCED_FACE('',(#12812),#5066,.T.);
#12812 = FACE_BOUND('',#12813,.T.);
#12813 = EDGE_LOOP('',(#12814,#12837,#12858,#12859));
#12814 = ORIENTED_EDGE('',*,*,#12815,.T.);
#12815 = EDGE_CURVE('',#5023,#12816,#12818,.T.);
#12816 = VERTEX_POINT('',#12817);
#12817 = CARTESIAN_POINT('',(13.07373046875,3.3076171875,6.45));
#12818 = SURFACE_CURVE('',#12819,(#12823,#12830),.PCURVE_S1.);
#12819 = LINE('',#12820,#12821);
#12820 = CARTESIAN_POINT('',(13.07373046875,3.3076171875,6.));
#12821 = VECTOR('',#12822,1.);
#12822 = DIRECTION('',(0.,0.,1.));
#12823 = PCURVE('',#5066,#12824);
#12824 = DEFINITIONAL_REPRESENTATION('',(#12825),#12829);
#12825 = LINE('',#12826,#12827);
#12826 = CARTESIAN_POINT('',(0.,0.));
#12827 = VECTOR('',#12828,1.);
#12828 = DIRECTION('',(0.,-1.));
#12829 = ( GEOMETRIC_REPRESENTATION_CONTEXT(2) 
PARAMETRIC_REPRESENTATION_CONTEXT() REPRESENTATION_CONTEXT('2D SPACE',''
  ) );
#12830 = PCURVE('',#5038,#12831);
#12831 = DEFINITIONAL_REPRESENTATION('',(#12832),#12836);
#12832 = LINE('',#12833,#12834);
#12833 = CARTESIAN_POINT('',(0.1962890625,0.));
#12834 = VECTOR('',#12835,1.);
#12835 = DIRECTION('',(0.,-1.));
#12836 = ( GEOMETRIC_REPRESENTATION_CONTEXT(2) 
PARAMETRIC_REPRESENTATION_CONTEXT() REPRESENTATION_CONTEXT('2D SPACE',''
  ) );
#12837 = ORIENTED_EDGE('',*,*,#12838,.T.);
#12838 = EDGE_CURVE('',#12816,#12767,#12839,.T.);
#12839 = SURFACE_CURVE('',#12840,(#12844,#12851),.PCURVE_S1.);
#12840 = LINE('',#12841,#12842);
#12841 = CARTESIAN_POINT('',(13.07373046875,3.3076171875,6.45));
#12842 = VECTOR('',#12843,1.);
#12843 = DIRECTION('',(0.,1.,0.));
#12844 = PCURVE('',#5066,#12845);
#12845 = DEFINITIONAL_REPRESENTATION('',(#12846),#12850);
#12846 = LINE('',#12847,#12848);
#12847 = CARTESIAN_POINT('',(0.,-0.45));
#12848 = VECTOR('',#12849,1.);
#12849 = DIRECTION('',(1.,0.));
#12850 = ( GEOMETRIC_REPRESENTATION_CONTEXT(2) 
PARAMETRIC_REPRESENTATION_CONTEXT() REPRESENTATION_CONTEXT('2D SPACE',''
  ) );
#12851 = PCURVE('',#12729,#12852);
#12852 = DEFINITIONAL_REPRESENTATION('',(#12853),#12857);
#12853 = LINE('',#12854,#12855);
#12854 = CARTESIAN_POINT('',(0.755859375,0.));
#12855 = VECTOR('',#12856,1.);
#12856 = DIRECTION('',(0.,1.));
#12857 = ( GEOMETRIC_REPRESENTATION_CONTEXT(2) 
PARAMETRIC_REPRESENTATION_CONTEXT() REPRESENTATION_CONTEXT('2D SPACE',''
  ) );
#12858 = ORIENTED_EDGE('',*,*,#12766,.F.);
#12859 = ORIENTED_EDGE('',*,*,#5050,.F.);
#12860 = ADVANCED_FACE('',(#12861),#5038,.T.);
#12861 = FACE_BOUND('',#12862,.T.);
#12862 = EDGE_LOOP('',(#12863,#12886,#12907,#12908));
#12863 = ORIENTED_EDGE('',*,*,#12864,.T.);
#12864 = EDGE_CURVE('',#4995,#12865,#12867,.T.);
#12865 = VERTEX_POINT('',#12866);
#12866 = CARTESIAN_POINT('',(13.27001953125,3.3076171875,6.45));
#12867 = SURFACE_CURVE('',#12868,(#12872,#12879),.PCURVE_S1.);
#12868 = LINE('',#12869,#12870);
#12869 = CARTESIAN_POINT('',(13.27001953125,3.3076171875,6.));
#12870 = VECTOR('',#12871,1.);
#12871 = DIRECTION('',(0.,0.,1.));
#12872 = PCURVE('',#5038,#12873);
#12873 = DEFINITIONAL_REPRESENTATION('',(#12874),#12878);
#12874 = LINE('',#12875,#12876);
#12875 = CARTESIAN_POINT('',(0.,-0.));
#12876 = VECTOR('',#12877,1.);
#12877 = DIRECTION('',(0.,-1.));
#12878 = ( GEOMETRIC_REPRESENTATION_CONTEXT(2) 
PARAMETRIC_REPRESENTATION_CONTEXT() REPRESENTATION_CONTEXT('2D SPACE',''
  ) );
#12879 = PCURVE('',#5010,#12880);
#12880 = DEFINITIONAL_REPRESENTATION('',(#12881),#12885);
#12881 = LINE('',#12882,#12883);
#12882 = CARTESIAN_POINT('',(0.34375,0.));
#12883 = VECTOR('',#12884,1.);
#12884 = DIRECTION('',(0.,-1.));
#12885 = ( GEOMETRIC_REPRESENTATION_CONTEXT(2) 
PARAMETRIC_REPRESENTATION_CONTEXT() REPRESENTATION_CONTEXT('2D SPACE',''
  ) );
#12886 = ORIENTED_EDGE('',*,*,#12887,.T.);
#12887 = EDGE_CURVE('',#12865,#12816,#12888,.T.);
#12888 = SURFACE_CURVE('',#12889,(#12893,#12900),.PCURVE_S1.);
#12889 = LINE('',#12890,#12891);
#12890 = CARTESIAN_POINT('',(13.27001953125,3.3076171875,6.45));
#12891 = VECTOR('',#12892,1.);
#12892 = DIRECTION('',(-1.,0.,0.));
#12893 = PCURVE('',#5038,#12894);
#12894 = DEFINITIONAL_REPRESENTATION('',(#12895),#12899);
#12895 = LINE('',#12896,#12897);
#12896 = CARTESIAN_POINT('',(0.,-0.45));
#12897 = VECTOR('',#12898,1.);
#12898 = DIRECTION('',(1.,0.));
#12899 = ( GEOMETRIC_REPRESENTATION_CONTEXT(2) 
PARAMETRIC_REPRESENTATION_CONTEXT() REPRESENTATION_CONTEXT('2D SPACE',''
  ) );
#12900 = PCURVE('',#12729,#12901);
#12901 = DEFINITIONAL_REPRESENTATION('',(#12902),#12906);
#12902 = LINE('',#12903,#12904);
#12903 = CARTESIAN_POINT('',(0.9521484375,0.));
#12904 = VECTOR('',#12905,1.);
#12905 = DIRECTION('',(-1.,0.));
#12906 = ( GEOMETRIC_REPRESENTATION_CONTEXT(2) 
PARAMETRIC_REPRESENTATION_CONTEXT() REPRESENTATION_CONTEXT('2D SPACE',''
  ) );
#12907 = ORIENTED_EDGE('',*,*,#12815,.F.);
#12908 = ORIENTED_EDGE('',*,*,#5022,.F.);
#12909 = ADVANCED_FACE('',(#12910),#5010,.T.);
#12910 = FACE_BOUND('',#12911,.T.);
#12911 = EDGE_LOOP('',(#12912,#12935,#12956,#12957));
#12912 = ORIENTED_EDGE('',*,*,#12913,.T.);
#12913 = EDGE_CURVE('',#4967,#12914,#12916,.T.);
#12914 = VERTEX_POINT('',#12915);
#12915 = CARTESIAN_POINT('',(13.27001953125,3.6513671875,6.45));
#12916 = SURFACE_CURVE('',#12917,(#12921,#12928),.PCURVE_S1.);
#12917 = LINE('',#12918,#12919);
#12918 = CARTESIAN_POINT('',(13.27001953125,3.6513671875,6.));
#12919 = VECTOR('',#12920,1.);
#12920 = DIRECTION('',(0.,0.,1.));
#12921 = PCURVE('',#5010,#12922);
#12922 = DEFINITIONAL_REPRESENTATION('',(#12923),#12927);
#12923 = LINE('',#12924,#12925);
#12924 = CARTESIAN_POINT('',(0.,0.));
#12925 = VECTOR('',#12926,1.);
#12926 = DIRECTION('',(0.,-1.));
#12927 = ( GEOMETRIC_REPRESENTATION_CONTEXT(2) 
PARAMETRIC_REPRESENTATION_CONTEXT() REPRESENTATION_CONTEXT('2D SPACE',''
  ) );
#12928 = PCURVE('',#4982,#12929);
#12929 = DEFINITIONAL_REPRESENTATION('',(#12930),#12934);
#12930 = LINE('',#12931,#12932);
#12931 = CARTESIAN_POINT('',(0.2080078125,0.));
#12932 = VECTOR('',#12933,1.);
#12933 = DIRECTION('',(0.,-1.));
#12934 = ( GEOMETRIC_REPRESENTATION_CONTEXT(2) 
PARAMETRIC_REPRESENTATION_CONTEXT() REPRESENTATION_CONTEXT('2D SPACE',''
  ) );
#12935 = ORIENTED_EDGE('',*,*,#12936,.T.);
#12936 = EDGE_CURVE('',#12914,#12865,#12937,.T.);
#12937 = SURFACE_CURVE('',#12938,(#12942,#12949),.PCURVE_S1.);
#12938 = LINE('',#12939,#12940);
#12939 = CARTESIAN_POINT('',(13.27001953125,3.6513671875,6.45));
#12940 = VECTOR('',#12941,1.);
#12941 = DIRECTION('',(0.,-1.,0.));
#12942 = PCURVE('',#5010,#12943);
#12943 = DEFINITIONAL_REPRESENTATION('',(#12944),#12948);
#12944 = LINE('',#12945,#12946);
#12945 = CARTESIAN_POINT('',(0.,-0.45));
#12946 = VECTOR('',#12947,1.);
#12947 = DIRECTION('',(1.,0.));
#12948 = ( GEOMETRIC_REPRESENTATION_CONTEXT(2) 
PARAMETRIC_REPRESENTATION_CONTEXT() REPRESENTATION_CONTEXT('2D SPACE',''
  ) );
#12949 = PCURVE('',#12729,#12950);
#12950 = DEFINITIONAL_REPRESENTATION('',(#12951),#12955);
#12951 = LINE('',#12952,#12953);
#12952 = CARTESIAN_POINT('',(0.9521484375,0.34375));
#12953 = VECTOR('',#12954,1.);
#12954 = DIRECTION('',(0.,-1.));
#12955 = ( GEOMETRIC_REPRESENTATION_CONTEXT(2) 
PARAMETRIC_REPRESENTATION_CONTEXT() REPRESENTATION_CONTEXT('2D SPACE',''
  ) );
#12956 = ORIENTED_EDGE('',*,*,#12864,.F.);
#12957 = ORIENTED_EDGE('',*,*,#4994,.F.);
#12958 = ADVANCED_FACE('',(#12959),#4982,.T.);
#12959 = FACE_BOUND('',#12960,.T.);
#12960 = EDGE_LOOP('',(#12961,#12984,#13005,#13006));
#12961 = ORIENTED_EDGE('',*,*,#12962,.T.);
#12962 = EDGE_CURVE('',#4939,#12963,#12965,.T.);
#12963 = VERTEX_POINT('',#12964);
#12964 = CARTESIAN_POINT('',(13.47802734375,3.6513671875,6.45));
#12965 = SURFACE_CURVE('',#12966,(#12970,#12977),.PCURVE_S1.);
#12966 = LINE('',#12967,#12968);
#12967 = CARTESIAN_POINT('',(13.47802734375,3.6513671875,6.));
#12968 = VECTOR('',#12969,1.);
#12969 = DIRECTION('',(0.,0.,1.));
#12970 = PCURVE('',#4982,#12971);
#12971 = DEFINITIONAL_REPRESENTATION('',(#12972),#12976);
#12972 = LINE('',#12973,#12974);
#12973 = CARTESIAN_POINT('',(0.,-0.));
#12974 = VECTOR('',#12975,1.);
#12975 = DIRECTION('',(0.,-1.));
#12976 = ( GEOMETRIC_REPRESENTATION_CONTEXT(2) 
PARAMETRIC_REPRESENTATION_CONTEXT() REPRESENTATION_CONTEXT('2D SPACE',''
  ) );
#12977 = PCURVE('',#4954,#12978);
#12978 = DEFINITIONAL_REPRESENTATION('',(#12979),#12983);
#12979 = LINE('',#12980,#12981);
#12980 = CARTESIAN_POINT('',(0.1640625,0.));
#12981 = VECTOR('',#12982,1.);
#12982 = DIRECTION('',(0.,-1.));
#12983 = ( GEOMETRIC_REPRESENTATION_CONTEXT(2) 
PARAMETRIC_REPRESENTATION_CONTEXT() REPRESENTATION_CONTEXT('2D SPACE',''
  ) );
#12984 = ORIENTED_EDGE('',*,*,#12985,.T.);
#12985 = EDGE_CURVE('',#12963,#12914,#12986,.T.);
#12986 = SURFACE_CURVE('',#12987,(#12991,#12998),.PCURVE_S1.);
#12987 = LINE('',#12988,#12989);
#12988 = CARTESIAN_POINT('',(13.47802734375,3.6513671875,6.45));
#12989 = VECTOR('',#12990,1.);
#12990 = DIRECTION('',(-1.,0.,0.));
#12991 = PCURVE('',#4982,#12992);
#12992 = DEFINITIONAL_REPRESENTATION('',(#12993),#12997);
#12993 = LINE('',#12994,#12995);
#12994 = CARTESIAN_POINT('',(0.,-0.45));
#12995 = VECTOR('',#12996,1.);
#12996 = DIRECTION('',(1.,0.));
#12997 = ( GEOMETRIC_REPRESENTATION_CONTEXT(2) 
PARAMETRIC_REPRESENTATION_CONTEXT() REPRESENTATION_CONTEXT('2D SPACE',''
  ) );
#12998 = PCURVE('',#12729,#12999);
#12999 = DEFINITIONAL_REPRESENTATION('',(#13000),#13004);
#13000 = LINE('',#13001,#13002);
#13001 = CARTESIAN_POINT('',(1.16015625,0.34375));
#13002 = VECTOR('',#13003,1.);
#13003 = DIRECTION('',(-1.,0.));
#13004 = ( GEOMETRIC_REPRESENTATION_CONTEXT(2) 
PARAMETRIC_REPRESENTATION_CONTEXT() REPRESENTATION_CONTEXT('2D SPACE',''
  ) );
#13005 = ORIENTED_EDGE('',*,*,#12913,.F.);
#13006 = ORIENTED_EDGE('',*,*,#4966,.F.);
#13007 = ADVANCED_FACE('',(#13008),#4954,.T.);
#13008 = FACE_BOUND('',#13009,.T.);
#13009 = EDGE_LOOP('',(#13010,#13033,#13054,#13055));
#13010 = ORIENTED_EDGE('',*,*,#13011,.T.);
#13011 = EDGE_CURVE('',#4911,#13012,#13014,.T.);
#13012 = VERTEX_POINT('',#13013);
#13013 = CARTESIAN_POINT('',(13.47802734375,3.8154296875,6.45));
#13014 = SURFACE_CURVE('',#13015,(#13019,#13026),.PCURVE_S1.);
#13015 = LINE('',#13016,#13017);
#13016 = CARTESIAN_POINT('',(13.47802734375,3.8154296875,6.));
#13017 = VECTOR('',#13018,1.);
#13018 = DIRECTION('',(0.,0.,1.));
#13019 = PCURVE('',#4954,#13020);
#13020 = DEFINITIONAL_REPRESENTATION('',(#13021),#13025);
#13021 = LINE('',#13022,#13023);
#13022 = CARTESIAN_POINT('',(0.,0.));
#13023 = VECTOR('',#13024,1.);
#13024 = DIRECTION('',(0.,-1.));
#13025 = ( GEOMETRIC_REPRESENTATION_CONTEXT(2) 
PARAMETRIC_REPRESENTATION_CONTEXT() REPRESENTATION_CONTEXT('2D SPACE',''
  ) );
#13026 = PCURVE('',#4926,#13027);
#13027 = DEFINITIONAL_REPRESENTATION('',(#13028),#13032);
#13028 = LINE('',#13029,#13030);
#13029 = CARTESIAN_POINT('',(0.2080078125,0.));
#13030 = VECTOR('',#13031,1.);
#13031 = DIRECTION('',(0.,-1.));
#13032 = ( GEOMETRIC_REPRESENTATION_CONTEXT(2) 
PARAMETRIC_REPRESENTATION_CONTEXT() REPRESENTATION_CONTEXT('2D SPACE',''
  ) );
#13033 = ORIENTED_EDGE('',*,*,#13034,.T.);
#13034 = EDGE_CURVE('',#13012,#12963,#13035,.T.);
#13035 = SURFACE_CURVE('',#13036,(#13040,#13047),.PCURVE_S1.);
#13036 = LINE('',#13037,#13038);
#13037 = CARTESIAN_POINT('',(13.47802734375,3.8154296875,6.45));
#13038 = VECTOR('',#13039,1.);
#13039 = DIRECTION('',(0.,-1.,0.));
#13040 = PCURVE('',#4954,#13041);
#13041 = DEFINITIONAL_REPRESENTATION('',(#13042),#13046);
#13042 = LINE('',#13043,#13044);
#13043 = CARTESIAN_POINT('',(0.,-0.45));
#13044 = VECTOR('',#13045,1.);
#13045 = DIRECTION('',(1.,0.));
#13046 = ( GEOMETRIC_REPRESENTATION_CONTEXT(2) 
PARAMETRIC_REPRESENTATION_CONTEXT() REPRESENTATION_CONTEXT('2D SPACE',''
  ) );
#13047 = PCURVE('',#12729,#13048);
#13048 = DEFINITIONAL_REPRESENTATION('',(#13049),#13053);
#13049 = LINE('',#13050,#13051);
#13050 = CARTESIAN_POINT('',(1.16015625,0.5078125));
#13051 = VECTOR('',#13052,1.);
#13052 = DIRECTION('',(0.,-1.));
#13053 = ( GEOMETRIC_REPRESENTATION_CONTEXT(2) 
PARAMETRIC_REPRESENTATION_CONTEXT() REPRESENTATION_CONTEXT('2D SPACE',''
  ) );
#13054 = ORIENTED_EDGE('',*,*,#12962,.F.);
#13055 = ORIENTED_EDGE('',*,*,#4938,.F.);
#13056 = ADVANCED_FACE('',(#13057),#4926,.T.);
#13057 = FACE_BOUND('',#13058,.T.);
#13058 = EDGE_LOOP('',(#13059,#13082,#13103,#13104));
#13059 = ORIENTED_EDGE('',*,*,#13060,.T.);
#13060 = EDGE_CURVE('',#4883,#13061,#13063,.T.);
#13061 = VERTEX_POINT('',#13062);
#13062 = CARTESIAN_POINT('',(13.27001953125,3.8154296875,6.45));
#13063 = SURFACE_CURVE('',#13064,(#13068,#13075),.PCURVE_S1.);
#13064 = LINE('',#13065,#13066);
#13065 = CARTESIAN_POINT('',(13.27001953125,3.8154296875,6.));
#13066 = VECTOR('',#13067,1.);
#13067 = DIRECTION('',(0.,0.,1.));
#13068 = PCURVE('',#4926,#13069);
#13069 = DEFINITIONAL_REPRESENTATION('',(#13070),#13074);
#13070 = LINE('',#13071,#13072);
#13071 = CARTESIAN_POINT('',(0.,0.));
#13072 = VECTOR('',#13073,1.);
#13073 = DIRECTION('',(0.,-1.));
#13074 = ( GEOMETRIC_REPRESENTATION_CONTEXT(2) 
PARAMETRIC_REPRESENTATION_CONTEXT() REPRESENTATION_CONTEXT('2D SPACE',''
  ) );
#13075 = PCURVE('',#4898,#13076);
#13076 = DEFINITIONAL_REPRESENTATION('',(#13077),#13081);
#13077 = LINE('',#13078,#13079);
#13078 = CARTESIAN_POINT('',(0.9501953125,0.));
#13079 = VECTOR('',#13080,1.);
#13080 = DIRECTION('',(0.,-1.));
#13081 = ( GEOMETRIC_REPRESENTATION_CONTEXT(2) 
PARAMETRIC_REPRESENTATION_CONTEXT() REPRESENTATION_CONTEXT('2D SPACE',''
  ) );
#13082 = ORIENTED_EDGE('',*,*,#13083,.T.);
#13083 = EDGE_CURVE('',#13061,#13012,#13084,.T.);
#13084 = SURFACE_CURVE('',#13085,(#13089,#13096),.PCURVE_S1.);
#13085 = LINE('',#13086,#13087);
#13086 = CARTESIAN_POINT('',(13.27001953125,3.8154296875,6.45));
#13087 = VECTOR('',#13088,1.);
#13088 = DIRECTION('',(1.,0.,0.));
#13089 = PCURVE('',#4926,#13090);
#13090 = DEFINITIONAL_REPRESENTATION('',(#13091),#13095);
#13091 = LINE('',#13092,#13093);
#13092 = CARTESIAN_POINT('',(0.,-0.45));
#13093 = VECTOR('',#13094,1.);
#13094 = DIRECTION('',(1.,0.));
#13095 = ( GEOMETRIC_REPRESENTATION_CONTEXT(2) 
PARAMETRIC_REPRESENTATION_CONTEXT() REPRESENTATION_CONTEXT('2D SPACE',''
  ) );
#13096 = PCURVE('',#12729,#13097);
#13097 = DEFINITIONAL_REPRESENTATION('',(#13098),#13102);
#13098 = LINE('',#13099,#13100);
#13099 = CARTESIAN_POINT('',(0.9521484375,0.5078125));
#13100 = VECTOR('',#13101,1.);
#13101 = DIRECTION('',(1.,0.));
#13102 = ( GEOMETRIC_REPRESENTATION_CONTEXT(2) 
PARAMETRIC_REPRESENTATION_CONTEXT() REPRESENTATION_CONTEXT('2D SPACE',''
  ) );
#13103 = ORIENTED_EDGE('',*,*,#13011,.F.);
#13104 = ORIENTED_EDGE('',*,*,#4910,.F.);
#13105 = ADVANCED_FACE('',(#13106),#4898,.T.);
#13106 = FACE_BOUND('',#13107,.T.);
#13107 = EDGE_LOOP('',(#13108,#13131,#13152,#13153));
#13108 = ORIENTED_EDGE('',*,*,#13109,.T.);
#13109 = EDGE_CURVE('',#4855,#13110,#13112,.T.);
#13110 = VERTEX_POINT('',#13111);
#13111 = CARTESIAN_POINT('',(13.27001953125,4.765625,6.45));
#13112 = SURFACE_CURVE('',#13113,(#13117,#13124),.PCURVE_S1.);
#13113 = LINE('',#13114,#13115);
#13114 = CARTESIAN_POINT('',(13.27001953125,4.765625,6.));
#13115 = VECTOR('',#13116,1.);
#13116 = DIRECTION('',(0.,0.,1.));
#13117 = PCURVE('',#4898,#13118);
#13118 = DEFINITIONAL_REPRESENTATION('',(#13119),#13123);
#13119 = LINE('',#13120,#13121);
#13120 = CARTESIAN_POINT('',(0.,0.));
#13121 = VECTOR('',#13122,1.);
#13122 = DIRECTION('',(0.,-1.));
#13123 = ( GEOMETRIC_REPRESENTATION_CONTEXT(2) 
PARAMETRIC_REPRESENTATION_CONTEXT() REPRESENTATION_CONTEXT('2D SPACE',''
  ) );
#13124 = PCURVE('',#4870,#13125);
#13125 = DEFINITIONAL_REPRESENTATION('',(#13126),#13130);
#13126 = LINE('',#13127,#13128);
#13127 = CARTESIAN_POINT('',(0.248046875,0.));
#13128 = VECTOR('',#13129,1.);
#13129 = DIRECTION('',(0.,-1.));
#13130 = ( GEOMETRIC_REPRESENTATION_CONTEXT(2) 
PARAMETRIC_REPRESENTATION_CONTEXT() REPRESENTATION_CONTEXT('2D SPACE',''
  ) );
#13131 = ORIENTED_EDGE('',*,*,#13132,.T.);
#13132 = EDGE_CURVE('',#13110,#13061,#13133,.T.);
#13133 = SURFACE_CURVE('',#13134,(#13138,#13145),.PCURVE_S1.);
#13134 = LINE('',#13135,#13136);
#13135 = CARTESIAN_POINT('',(13.27001953125,4.765625,6.45));
#13136 = VECTOR('',#13137,1.);
#13137 = DIRECTION('',(0.,-1.,0.));
#13138 = PCURVE('',#4898,#13139);
#13139 = DEFINITIONAL_REPRESENTATION('',(#13140),#13144);
#13140 = LINE('',#13141,#13142);
#13141 = CARTESIAN_POINT('',(0.,-0.45));
#13142 = VECTOR('',#13143,1.);
#13143 = DIRECTION('',(1.,0.));
#13144 = ( GEOMETRIC_REPRESENTATION_CONTEXT(2) 
PARAMETRIC_REPRESENTATION_CONTEXT() REPRESENTATION_CONTEXT('2D SPACE',''
  ) );
#13145 = PCURVE('',#12729,#13146);
#13146 = DEFINITIONAL_REPRESENTATION('',(#13147),#13151);
#13147 = LINE('',#13148,#13149);
#13148 = CARTESIAN_POINT('',(0.9521484375,1.4580078125));
#13149 = VECTOR('',#13150,1.);
#13150 = DIRECTION('',(0.,-1.));
#13151 = ( GEOMETRIC_REPRESENTATION_CONTEXT(2) 
PARAMETRIC_REPRESENTATION_CONTEXT() REPRESENTATION_CONTEXT('2D SPACE',''
  ) );
#13152 = ORIENTED_EDGE('',*,*,#13060,.F.);
#13153 = ORIENTED_EDGE('',*,*,#4882,.F.);
#13154 = ADVANCED_FACE('',(#13155),#4870,.T.);
#13155 = FACE_BOUND('',#13156,.T.);
#13156 = EDGE_LOOP('',(#13157,#13180,#13201,#13202));
#13157 = ORIENTED_EDGE('',*,*,#13158,.T.);
#13158 = EDGE_CURVE('',#4827,#13159,#13161,.T.);
#13159 = VERTEX_POINT('',#13160);
#13160 = CARTESIAN_POINT('',(13.02197265625,4.765625,6.45));
#13161 = SURFACE_CURVE('',#13162,(#13166,#13173),.PCURVE_S1.);
#13162 = LINE('',#13163,#13164);
#13163 = CARTESIAN_POINT('',(13.02197265625,4.765625,6.));
#13164 = VECTOR('',#13165,1.);
#13165 = DIRECTION('',(0.,0.,1.));
#13166 = PCURVE('',#4870,#13167);
#13167 = DEFINITIONAL_REPRESENTATION('',(#13168),#13172);
#13168 = LINE('',#13169,#13170);
#13169 = CARTESIAN_POINT('',(0.,0.));
#13170 = VECTOR('',#13171,1.);
#13171 = DIRECTION('',(0.,-1.));
#13172 = ( GEOMETRIC_REPRESENTATION_CONTEXT(2) 
PARAMETRIC_REPRESENTATION_CONTEXT() REPRESENTATION_CONTEXT('2D SPACE',''
  ) );
#13173 = PCURVE('',#4842,#13174);
#13174 = DEFINITIONAL_REPRESENTATION('',(#13175),#13179);
#13175 = LINE('',#13176,#13177);
#13176 = CARTESIAN_POINT('',(1.105094711595,0.));
#13177 = VECTOR('',#13178,1.);
#13178 = DIRECTION('',(0.,-1.));
#13179 = ( GEOMETRIC_REPRESENTATION_CONTEXT(2) 
PARAMETRIC_REPRESENTATION_CONTEXT() REPRESENTATION_CONTEXT('2D SPACE',''
  ) );
#13180 = ORIENTED_EDGE('',*,*,#13181,.T.);
#13181 = EDGE_CURVE('',#13159,#13110,#13182,.T.);
#13182 = SURFACE_CURVE('',#13183,(#13187,#13194),.PCURVE_S1.);
#13183 = LINE('',#13184,#13185);
#13184 = CARTESIAN_POINT('',(13.02197265625,4.765625,6.45));
#13185 = VECTOR('',#13186,1.);
#13186 = DIRECTION('',(1.,0.,0.));
#13187 = PCURVE('',#4870,#13188);
#13188 = DEFINITIONAL_REPRESENTATION('',(#13189),#13193);
#13189 = LINE('',#13190,#13191);
#13190 = CARTESIAN_POINT('',(0.,-0.45));
#13191 = VECTOR('',#13192,1.);
#13192 = DIRECTION('',(1.,0.));
#13193 = ( GEOMETRIC_REPRESENTATION_CONTEXT(2) 
PARAMETRIC_REPRESENTATION_CONTEXT() REPRESENTATION_CONTEXT('2D SPACE',''
  ) );
#13194 = PCURVE('',#12729,#13195);
#13195 = DEFINITIONAL_REPRESENTATION('',(#13196),#13200);
#13196 = LINE('',#13197,#13198);
#13197 = CARTESIAN_POINT('',(0.7041015625,1.4580078125));
#13198 = VECTOR('',#13199,1.);
#13199 = DIRECTION('',(1.,0.));
#13200 = ( GEOMETRIC_REPRESENTATION_CONTEXT(2) 
PARAMETRIC_REPRESENTATION_CONTEXT() REPRESENTATION_CONTEXT('2D SPACE',''
  ) );
#13201 = ORIENTED_EDGE('',*,*,#13109,.F.);
#13202 = ORIENTED_EDGE('',*,*,#4854,.F.);
#13203 = ADVANCED_FACE('',(#13204),#4842,.T.);
#13204 = FACE_BOUND('',#13205,.T.);
#13205 = EDGE_LOOP('',(#13206,#13207,#13228,#13229));
#13206 = ORIENTED_EDGE('',*,*,#12741,.T.);
#13207 = ORIENTED_EDGE('',*,*,#13208,.T.);
#13208 = EDGE_CURVE('',#12714,#13159,#13209,.T.);
#13209 = SURFACE_CURVE('',#13210,(#13214,#13221),.PCURVE_S1.);
#13210 = LINE('',#13211,#13212);
#13211 = CARTESIAN_POINT('',(12.41552734375,3.841796875,6.45));
#13212 = VECTOR('',#13213,1.);
#13213 = DIRECTION('',(0.548772251045,0.835971899338,0.));
#13214 = PCURVE('',#4842,#13215);
#13215 = DEFINITIONAL_REPRESENTATION('',(#13216),#13220);
#13216 = LINE('',#13217,#13218);
#13217 = CARTESIAN_POINT('',(0.,-0.45));
#13218 = VECTOR('',#13219,1.);
#13219 = DIRECTION('',(1.,0.));
#13220 = ( GEOMETRIC_REPRESENTATION_CONTEXT(2) 
PARAMETRIC_REPRESENTATION_CONTEXT() REPRESENTATION_CONTEXT('2D SPACE',''
  ) );
#13221 = PCURVE('',#12729,#13222);
#13222 = DEFINITIONAL_REPRESENTATION('',(#13223),#13227);
#13223 = LINE('',#13224,#13225);
#13224 = CARTESIAN_POINT('',(9.765625E-02,0.5341796875));
#13225 = VECTOR('',#13226,1.);
#13226 = DIRECTION('',(0.548772251045,0.835971899338));
#13227 = ( GEOMETRIC_REPRESENTATION_CONTEXT(2) 
PARAMETRIC_REPRESENTATION_CONTEXT() REPRESENTATION_CONTEXT('2D SPACE',''
  ) );
#13228 = ORIENTED_EDGE('',*,*,#13158,.F.);
#13229 = ORIENTED_EDGE('',*,*,#4826,.F.);
#13230 = ADVANCED_FACE('',(#13231),#5388,.T.);
#13231 = FACE_BOUND('',#13232,.F.);
#13232 = EDGE_LOOP('',(#13233,#13234,#13235,#13236));
#13233 = ORIENTED_EDGE('',*,*,#5475,.T.);
#13234 = ORIENTED_EDGE('',*,*,#5524,.T.);
#13235 = ORIENTED_EDGE('',*,*,#5448,.T.);
#13236 = ORIENTED_EDGE('',*,*,#5372,.T.);
#13237 = ADVANCED_FACE('',(#13238),#5589,.T.);
#13238 = FACE_BOUND('',#13239,.F.);
#13239 = EDGE_LOOP('',(#13240,#13241,#13242,#13243,#13244,#13245,#13246,
    #13247,#13248,#13249,#13250,#13251,#13252,#13253,#13254,#13255,
    #13256,#13257,#13258,#13259,#13260,#13261,#13262,#13263,#13264,
    #13265,#13266,#13267,#13268));
#13240 = ORIENTED_EDGE('',*,*,#5676,.T.);
#13241 = ORIENTED_EDGE('',*,*,#5774,.T.);
#13242 = ORIENTED_EDGE('',*,*,#5872,.T.);
#13243 = ORIENTED_EDGE('',*,*,#5970,.T.);
#13244 = ORIENTED_EDGE('',*,*,#6068,.T.);
#13245 = ORIENTED_EDGE('',*,*,#6166,.T.);
#13246 = ORIENTED_EDGE('',*,*,#6264,.T.);
#13247 = ORIENTED_EDGE('',*,*,#6362,.T.);
#13248 = ORIENTED_EDGE('',*,*,#6460,.T.);
#13249 = ORIENTED_EDGE('',*,*,#6558,.T.);
#13250 = ORIENTED_EDGE('',*,*,#6656,.T.);
#13251 = ORIENTED_EDGE('',*,*,#6754,.T.);
#13252 = ORIENTED_EDGE('',*,*,#6852,.T.);
#13253 = ORIENTED_EDGE('',*,*,#6950,.T.);
#13254 = ORIENTED_EDGE('',*,*,#6923,.T.);
#13255 = ORIENTED_EDGE('',*,*,#6825,.T.);
#13256 = ORIENTED_EDGE('',*,*,#6727,.T.);
#13257 = ORIENTED_EDGE('',*,*,#6629,.T.);
#13258 = ORIENTED_EDGE('',*,*,#6531,.T.);
#13259 = ORIENTED_EDGE('',*,*,#6433,.T.);
#13260 = ORIENTED_EDGE('',*,*,#6335,.T.);
#13261 = ORIENTED_EDGE('',*,*,#6237,.T.);
#13262 = ORIENTED_EDGE('',*,*,#6139,.T.);
#13263 = ORIENTED_EDGE('',*,*,#6041,.T.);
#13264 = ORIENTED_EDGE('',*,*,#5943,.T.);
#13265 = ORIENTED_EDGE('',*,*,#5845,.T.);
#13266 = ORIENTED_EDGE('',*,*,#5747,.T.);
#13267 = ORIENTED_EDGE('',*,*,#5649,.T.);
#13268 = ORIENTED_EDGE('',*,*,#5573,.T.);
#13269 = ADVANCED_FACE('',(#13270),#7015,.T.);
#13270 = FACE_BOUND('',#13271,.F.);
#13271 = EDGE_LOOP('',(#13272,#13273,#13274,#13275,#13276,#13277,#13278,
    #13279,#13280,#13281,#13282,#13283,#13284,#13285,#13286,#13287,
    #13288,#13289,#13290,#13291,#13292));
#13272 = ORIENTED_EDGE('',*,*,#7102,.T.);
#13273 = ORIENTED_EDGE('',*,*,#7200,.T.);
#13274 = ORIENTED_EDGE('',*,*,#7298,.T.);
#13275 = ORIENTED_EDGE('',*,*,#7396,.T.);
#13276 = ORIENTED_EDGE('',*,*,#7494,.T.);
#13277 = ORIENTED_EDGE('',*,*,#7592,.T.);
#13278 = ORIENTED_EDGE('',*,*,#7690,.T.);
#13279 = ORIENTED_EDGE('',*,*,#7788,.T.);
#13280 = ORIENTED_EDGE('',*,*,#7886,.T.);
#13281 = ORIENTED_EDGE('',*,*,#7984,.T.);
#13282 = ORIENTED_EDGE('',*,*,#7957,.T.);
#13283 = ORIENTED_EDGE('',*,*,#7859,.T.);
#13284 = ORIENTED_EDGE('',*,*,#7761,.T.);
#13285 = ORIENTED_EDGE('',*,*,#7663,.T.);
#13286 = ORIENTED_EDGE('',*,*,#7565,.T.);
#13287 = ORIENTED_EDGE('',*,*,#7467,.T.);
#13288 = ORIENTED_EDGE('',*,*,#7369,.T.);
#13289 = ORIENTED_EDGE('',*,*,#7271,.T.);
#13290 = ORIENTED_EDGE('',*,*,#7173,.T.);
#13291 = ORIENTED_EDGE('',*,*,#7075,.T.);
#13292 = ORIENTED_EDGE('',*,*,#6999,.T.);
#13293 = ADVANCED_FACE('',(#13294),#8049,.T.);
#13294 = FACE_BOUND('',#13295,.F.);
#13295 = EDGE_LOOP('',(#13296,#13297,#13298,#13299));
#13296 = ORIENTED_EDGE('',*,*,#8136,.T.);
#13297 = ORIENTED_EDGE('',*,*,#8185,.T.);
#13298 = ORIENTED_EDGE('',*,*,#8109,.T.);
#13299 = ORIENTED_EDGE('',*,*,#8033,.T.);
#13300 = ADVANCED_FACE('',(#13301),#8250,.T.);
#13301 = FACE_BOUND('',#13302,.F.);
#13302 = EDGE_LOOP('',(#13303,#13304,#13305,#13306,#13307,#13308,#13309,
    #13310,#13311,#13312,#13313,#13314,#13315,#13316,#13317,#13318,
    #13319,#13320,#13321,#13322,#13323,#13324,#13325,#13326,#13327,
    #13328,#13329,#13330,#13331));
#13303 = ORIENTED_EDGE('',*,*,#8337,.T.);
#13304 = ORIENTED_EDGE('',*,*,#8435,.T.);
#13305 = ORIENTED_EDGE('',*,*,#8533,.T.);
#13306 = ORIENTED_EDGE('',*,*,#8631,.T.);
#13307 = ORIENTED_EDGE('',*,*,#8729,.T.);
#13308 = ORIENTED_EDGE('',*,*,#8827,.T.);
#13309 = ORIENTED_EDGE('',*,*,#8925,.T.);
#13310 = ORIENTED_EDGE('',*,*,#9023,.T.);
#13311 = ORIENTED_EDGE('',*,*,#9121,.T.);
#13312 = ORIENTED_EDGE('',*,*,#9219,.T.);
#13313 = ORIENTED_EDGE('',*,*,#9317,.T.);
#13314 = ORIENTED_EDGE('',*,*,#9415,.T.);
#13315 = ORIENTED_EDGE('',*,*,#9513,.T.);
#13316 = ORIENTED_EDGE('',*,*,#9611,.T.);
#13317 = ORIENTED_EDGE('',*,*,#9584,.T.);
#13318 = ORIENTED_EDGE('',*,*,#9486,.T.);
#13319 = ORIENTED_EDGE('',*,*,#9388,.T.);
#13320 = ORIENTED_EDGE('',*,*,#9290,.T.);
#13321 = ORIENTED_EDGE('',*,*,#9192,.T.);
#13322 = ORIENTED_EDGE('',*,*,#9094,.T.);
#13323 = ORIENTED_EDGE('',*,*,#8996,.T.);
#13324 = ORIENTED_EDGE('',*,*,#8898,.T.);
#13325 = ORIENTED_EDGE('',*,*,#8800,.T.);
#13326 = ORIENTED_EDGE('',*,*,#8702,.T.);
#13327 = ORIENTED_EDGE('',*,*,#8604,.T.);
#13328 = ORIENTED_EDGE('',*,*,#8506,.T.);
#13329 = ORIENTED_EDGE('',*,*,#8408,.T.);
#13330 = ORIENTED_EDGE('',*,*,#8310,.T.);
#13331 = ORIENTED_EDGE('',*,*,#8234,.T.);
#13332 = ADVANCED_FACE('',(#13333),#9676,.T.);
#13333 = FACE_BOUND('',#13334,.F.);
#13334 = EDGE_LOOP('',(#13335,#13336,#13337,#13338,#13339,#13340,#13341,
    #13342,#13343,#13344,#13345,#13346,#13347,#13348,#13349,#13350,
    #13351,#13352,#13353,#13354,#13355,#13356,#13357,#13358,#13359,
    #13360,#13361,#13362,#13363));
#13335 = ORIENTED_EDGE('',*,*,#9763,.T.);
#13336 = ORIENTED_EDGE('',*,*,#9861,.T.);
#13337 = ORIENTED_EDGE('',*,*,#9959,.T.);
#13338 = ORIENTED_EDGE('',*,*,#10057,.T.);
#13339 = ORIENTED_EDGE('',*,*,#10155,.T.);
#13340 = ORIENTED_EDGE('',*,*,#10253,.T.);
#13341 = ORIENTED_EDGE('',*,*,#10351,.T.);
#13342 = ORIENTED_EDGE('',*,*,#10449,.T.);
#13343 = ORIENTED_EDGE('',*,*,#10547,.T.);
#13344 = ORIENTED_EDGE('',*,*,#10645,.T.);
#13345 = ORIENTED_EDGE('',*,*,#10743,.T.);
#13346 = ORIENTED_EDGE('',*,*,#10841,.T.);
#13347 = ORIENTED_EDGE('',*,*,#10939,.T.);
#13348 = ORIENTED_EDGE('',*,*,#11037,.T.);
#13349 = ORIENTED_EDGE('',*,*,#11010,.T.);
#13350 = ORIENTED_EDGE('',*,*,#10912,.T.);
#13351 = ORIENTED_EDGE('',*,*,#10814,.T.);
#13352 = ORIENTED_EDGE('',*,*,#10716,.T.);
#13353 = ORIENTED_EDGE('',*,*,#10618,.T.);
#13354 = ORIENTED_EDGE('',*,*,#10520,.T.);
#13355 = ORIENTED_EDGE('',*,*,#10422,.T.);
#13356 = ORIENTED_EDGE('',*,*,#10324,.T.);
#13357 = ORIENTED_EDGE('',*,*,#10226,.T.);
#13358 = ORIENTED_EDGE('',*,*,#10128,.T.);
#13359 = ORIENTED_EDGE('',*,*,#10030,.T.);
#13360 = ORIENTED_EDGE('',*,*,#9932,.T.);
#13361 = ORIENTED_EDGE('',*,*,#9834,.T.);
#13362 = ORIENTED_EDGE('',*,*,#9736,.T.);
#13363 = ORIENTED_EDGE('',*,*,#9660,.T.);
#13364 = ADVANCED_FACE('',(#13365),#11102,.T.);
#13365 = FACE_BOUND('',#13366,.F.);
#13366 = EDGE_LOOP('',(#13367,#13368,#13369,#13370));
#13367 = ORIENTED_EDGE('',*,*,#11238,.T.);
#13368 = ORIENTED_EDGE('',*,*,#11211,.T.);
#13369 = ORIENTED_EDGE('',*,*,#11162,.T.);
#13370 = ORIENTED_EDGE('',*,*,#11086,.T.);
#13371 = ADVANCED_FACE('',(#13372),#11303,.T.);
#13372 = FACE_BOUND('',#13373,.F.);
#13373 = EDGE_LOOP('',(#13374,#13375,#13376,#13377,#13378,#13379,#13380,
    #13381,#13382,#13383,#13384,#13385,#13386,#13387,#13388,#13389,
    #13390,#13391,#13392,#13393,#13394,#13395,#13396,#13397,#13398,
    #13399,#13400,#13401,#13402));
#13374 = ORIENTED_EDGE('',*,*,#12664,.T.);
#13375 = ORIENTED_EDGE('',*,*,#12637,.T.);
#13376 = ORIENTED_EDGE('',*,*,#12588,.T.);
#13377 = ORIENTED_EDGE('',*,*,#12539,.T.);
#13378 = ORIENTED_EDGE('',*,*,#12490,.T.);
#13379 = ORIENTED_EDGE('',*,*,#12441,.T.);
#13380 = ORIENTED_EDGE('',*,*,#12392,.T.);
#13381 = ORIENTED_EDGE('',*,*,#12343,.T.);
#13382 = ORIENTED_EDGE('',*,*,#12294,.T.);
#13383 = ORIENTED_EDGE('',*,*,#12245,.T.);
#13384 = ORIENTED_EDGE('',*,*,#12196,.T.);
#13385 = ORIENTED_EDGE('',*,*,#12147,.T.);
#13386 = ORIENTED_EDGE('',*,*,#12098,.T.);
#13387 = ORIENTED_EDGE('',*,*,#12049,.T.);
#13388 = ORIENTED_EDGE('',*,*,#12000,.T.);
#13389 = ORIENTED_EDGE('',*,*,#11951,.T.);
#13390 = ORIENTED_EDGE('',*,*,#11902,.T.);
#13391 = ORIENTED_EDGE('',*,*,#11853,.T.);
#13392 = ORIENTED_EDGE('',*,*,#11804,.T.);
#13393 = ORIENTED_EDGE('',*,*,#11755,.T.);
#13394 = ORIENTED_EDGE('',*,*,#11706,.T.);
#13395 = ORIENTED_EDGE('',*,*,#11657,.T.);
#13396 = ORIENTED_EDGE('',*,*,#11608,.T.);
#13397 = ORIENTED_EDGE('',*,*,#11559,.T.);
#13398 = ORIENTED_EDGE('',*,*,#11510,.T.);
#13399 = ORIENTED_EDGE('',*,*,#11461,.T.);
#13400 = ORIENTED_EDGE('',*,*,#11412,.T.);
#13401 = ORIENTED_EDGE('',*,*,#11363,.T.);
#13402 = ORIENTED_EDGE('',*,*,#11287,.T.);
#13403 = ADVANCED_FACE('',(#13404,#13417),#12729,.T.);
#13404 = FACE_BOUND('',#13405,.F.);
#13405 = EDGE_LOOP('',(#13406,#13407,#13408,#13409,#13410,#13411,#13412,
    #13413,#13414,#13415,#13416));
#13406 = ORIENTED_EDGE('',*,*,#13208,.T.);
#13407 = ORIENTED_EDGE('',*,*,#13181,.T.);
#13408 = ORIENTED_EDGE('',*,*,#13132,.T.);
#13409 = ORIENTED_EDGE('',*,*,#13083,.T.);
#13410 = ORIENTED_EDGE('',*,*,#13034,.T.);
#13411 = ORIENTED_EDGE('',*,*,#12985,.T.);
#13412 = ORIENTED_EDGE('',*,*,#12936,.T.);
#13413 = ORIENTED_EDGE('',*,*,#12887,.T.);
#13414 = ORIENTED_EDGE('',*,*,#12838,.T.);
#13415 = ORIENTED_EDGE('',*,*,#12789,.T.);
#13416 = ORIENTED_EDGE('',*,*,#12713,.T.);
#13417 = FACE_BOUND('',#13418,.F.);
#13418 = EDGE_LOOP('',(#13419,#13449,#13477));
#13419 = ORIENTED_EDGE('',*,*,#13420,.T.);
#13420 = EDGE_CURVE('',#13421,#13423,#13425,.T.);
#13421 = VERTEX_POINT('',#13422);
#13422 = CARTESIAN_POINT('',(13.07373046875,3.8154296875,6.45));
#13423 = VERTEX_POINT('',#13424);
#13424 = CARTESIAN_POINT('',(13.07373046875,4.59375,6.45));
#13425 = SURFACE_CURVE('',#13426,(#13430,#13437),.PCURVE_S1.);
#13426 = LINE('',#13427,#13428);
#13427 = CARTESIAN_POINT('',(13.07373046875,3.8154296875,6.45));
#13428 = VECTOR('',#13429,1.);
#13429 = DIRECTION('',(0.,1.,0.));
#13430 = PCURVE('',#12729,#13431);
#13431 = DEFINITIONAL_REPRESENTATION('',(#13432),#13436);
#13432 = LINE('',#13433,#13434);
#13433 = CARTESIAN_POINT('',(0.755859375,0.5078125));
#13434 = VECTOR('',#13435,1.);
#13435 = DIRECTION('',(0.,1.));
#13436 = ( GEOMETRIC_REPRESENTATION_CONTEXT(2) 
PARAMETRIC_REPRESENTATION_CONTEXT() REPRESENTATION_CONTEXT('2D SPACE',''
  ) );
#13437 = PCURVE('',#13438,#13443);
#13438 = PLANE('',#13439);
#13439 = AXIS2_PLACEMENT_3D('',#13440,#13441,#13442);
#13440 = CARTESIAN_POINT('',(13.07373046875,3.8154296875,6.));
#13441 = DIRECTION('',(-1.,0.,0.));
#13442 = DIRECTION('',(0.,1.,0.));
#13443 = DEFINITIONAL_REPRESENTATION('',(#13444),#13448);
#13444 = LINE('',#13445,#13446);
#13445 = CARTESIAN_POINT('',(0.,-0.45));
#13446 = VECTOR('',#13447,1.);
#13447 = DIRECTION('',(1.,0.));
#13448 = ( GEOMETRIC_REPRESENTATION_CONTEXT(2) 
PARAMETRIC_REPRESENTATION_CONTEXT() REPRESENTATION_CONTEXT('2D SPACE',''
  ) );
#13449 = ORIENTED_EDGE('',*,*,#13450,.T.);
#13450 = EDGE_CURVE('',#13423,#13451,#13453,.T.);
#13451 = VERTEX_POINT('',#13452);
#13452 = CARTESIAN_POINT('',(12.57568359375,3.8154296875,6.45));
#13453 = SURFACE_CURVE('',#13454,(#13458,#13465),.PCURVE_S1.);
#13454 = LINE('',#13455,#13456);
#13455 = CARTESIAN_POINT('',(13.07373046875,4.59375,6.45));
#13456 = VECTOR('',#13457,1.);
#13457 = DIRECTION('',(-0.538993714896,-0.842309785828,0.));
#13458 = PCURVE('',#12729,#13459);
#13459 = DEFINITIONAL_REPRESENTATION('',(#13460),#13464);
#13460 = LINE('',#13461,#13462);
#13461 = CARTESIAN_POINT('',(0.755859375,1.2861328125));
#13462 = VECTOR('',#13463,1.);
#13463 = DIRECTION('',(-0.538993714896,-0.842309785828));
#13464 = ( GEOMETRIC_REPRESENTATION_CONTEXT(2) 
PARAMETRIC_REPRESENTATION_CONTEXT() REPRESENTATION_CONTEXT('2D SPACE',''
  ) );
#13465 = PCURVE('',#13466,#13471);
#13466 = PLANE('',#13467);
#13467 = AXIS2_PLACEMENT_3D('',#13468,#13469,#13470);
#13468 = CARTESIAN_POINT('',(13.07373046875,4.59375,6.));
#13469 = DIRECTION('',(0.842309785828,-0.538993714896,0.));
#13470 = DIRECTION('',(-0.538993714896,-0.842309785828,0.));
#13471 = DEFINITIONAL_REPRESENTATION('',(#13472),#13476);
#13472 = LINE('',#13473,#13474);
#13473 = CARTESIAN_POINT('',(0.,-0.45));
#13474 = VECTOR('',#13475,1.);
#13475 = DIRECTION('',(1.,-0.));
#13476 = ( GEOMETRIC_REPRESENTATION_CONTEXT(2) 
PARAMETRIC_REPRESENTATION_CONTEXT() REPRESENTATION_CONTEXT('2D SPACE',''
  ) );
#13477 = ORIENTED_EDGE('',*,*,#13478,.T.);
#13478 = EDGE_CURVE('',#13451,#13421,#13479,.T.);
#13479 = SURFACE_CURVE('',#13480,(#13484,#13491),.PCURVE_S1.);
#13480 = LINE('',#13481,#13482);
#13481 = CARTESIAN_POINT('',(12.57568359375,3.8154296875,6.45));
#13482 = VECTOR('',#13483,1.);
#13483 = DIRECTION('',(1.,0.,0.));
#13484 = PCURVE('',#12729,#13485);
#13485 = DEFINITIONAL_REPRESENTATION('',(#13486),#13490);
#13486 = LINE('',#13487,#13488);
#13487 = CARTESIAN_POINT('',(0.2578125,0.5078125));
#13488 = VECTOR('',#13489,1.);
#13489 = DIRECTION('',(1.,0.));
#13490 = ( GEOMETRIC_REPRESENTATION_CONTEXT(2) 
PARAMETRIC_REPRESENTATION_CONTEXT() REPRESENTATION_CONTEXT('2D SPACE',''
  ) );
#13491 = PCURVE('',#13492,#13497);
#13492 = PLANE('',#13493);
#13493 = AXIS2_PLACEMENT_3D('',#13494,#13495,#13496);
#13494 = CARTESIAN_POINT('',(12.57568359375,3.8154296875,6.));
#13495 = DIRECTION('',(0.,1.,0.));
#13496 = DIRECTION('',(1.,0.,0.));
#13497 = DEFINITIONAL_REPRESENTATION('',(#13498),#13502);
#13498 = LINE('',#13499,#13500);
#13499 = CARTESIAN_POINT('',(0.,-0.45));
#13500 = VECTOR('',#13501,1.);
#13501 = DIRECTION('',(1.,0.));
#13502 = ( GEOMETRIC_REPRESENTATION_CONTEXT(2) 
PARAMETRIC_REPRESENTATION_CONTEXT() REPRESENTATION_CONTEXT('2D SPACE',''
  ) );
#13503 = ADVANCED_FACE('',(#13504),#13438,.T.);
#13504 = FACE_BOUND('',#13505,.T.);
#13505 = EDGE_LOOP('',(#13506,#13529,#13530,#13553));
#13506 = ORIENTED_EDGE('',*,*,#13507,.T.);
#13507 = EDGE_CURVE('',#13508,#13421,#13510,.T.);
#13508 = VERTEX_POINT('',#13509);
#13509 = CARTESIAN_POINT('',(13.07373046875,3.8154296875,6.));
#13510 = SURFACE_CURVE('',#13511,(#13515,#13522),.PCURVE_S1.);
#13511 = LINE('',#13512,#13513);
#13512 = CARTESIAN_POINT('',(13.07373046875,3.8154296875,6.));
#13513 = VECTOR('',#13514,1.);
#13514 = DIRECTION('',(0.,0.,1.));
#13515 = PCURVE('',#13438,#13516);
#13516 = DEFINITIONAL_REPRESENTATION('',(#13517),#13521);
#13517 = LINE('',#13518,#13519);
#13518 = CARTESIAN_POINT('',(0.,0.));
#13519 = VECTOR('',#13520,1.);
#13520 = DIRECTION('',(0.,-1.));
#13521 = ( GEOMETRIC_REPRESENTATION_CONTEXT(2) 
PARAMETRIC_REPRESENTATION_CONTEXT() REPRESENTATION_CONTEXT('2D SPACE',''
  ) );
#13522 = PCURVE('',#13492,#13523);
#13523 = DEFINITIONAL_REPRESENTATION('',(#13524),#13528);
#13524 = LINE('',#13525,#13526);
#13525 = CARTESIAN_POINT('',(0.498046875,0.));
#13526 = VECTOR('',#13527,1.);
#13527 = DIRECTION('',(0.,-1.));
#13528 = ( GEOMETRIC_REPRESENTATION_CONTEXT(2) 
PARAMETRIC_REPRESENTATION_CONTEXT() REPRESENTATION_CONTEXT('2D SPACE',''
  ) );
#13529 = ORIENTED_EDGE('',*,*,#13420,.T.);
#13530 = ORIENTED_EDGE('',*,*,#13531,.F.);
#13531 = EDGE_CURVE('',#13532,#13423,#13534,.T.);
#13532 = VERTEX_POINT('',#13533);
#13533 = CARTESIAN_POINT('',(13.07373046875,4.59375,6.));
#13534 = SURFACE_CURVE('',#13535,(#13539,#13546),.PCURVE_S1.);
#13535 = LINE('',#13536,#13537);
#13536 = CARTESIAN_POINT('',(13.07373046875,4.59375,6.));
#13537 = VECTOR('',#13538,1.);
#13538 = DIRECTION('',(0.,0.,1.));
#13539 = PCURVE('',#13438,#13540);
#13540 = DEFINITIONAL_REPRESENTATION('',(#13541),#13545);
#13541 = LINE('',#13542,#13543);
#13542 = CARTESIAN_POINT('',(0.7783203125,0.));
#13543 = VECTOR('',#13544,1.);
#13544 = DIRECTION('',(0.,-1.));
#13545 = ( GEOMETRIC_REPRESENTATION_CONTEXT(2) 
PARAMETRIC_REPRESENTATION_CONTEXT() REPRESENTATION_CONTEXT('2D SPACE',''
  ) );
#13546 = PCURVE('',#13466,#13547);
#13547 = DEFINITIONAL_REPRESENTATION('',(#13548),#13552);
#13548 = LINE('',#13549,#13550);
#13549 = CARTESIAN_POINT('',(0.,0.));
#13550 = VECTOR('',#13551,1.);
#13551 = DIRECTION('',(0.,-1.));
#13552 = ( GEOMETRIC_REPRESENTATION_CONTEXT(2) 
PARAMETRIC_REPRESENTATION_CONTEXT() REPRESENTATION_CONTEXT('2D SPACE',''
  ) );
#13553 = ORIENTED_EDGE('',*,*,#13554,.F.);
#13554 = EDGE_CURVE('',#13508,#13532,#13555,.T.);
#13555 = SURFACE_CURVE('',#13556,(#13560,#13567),.PCURVE_S1.);
#13556 = LINE('',#13557,#13558);
#13557 = CARTESIAN_POINT('',(13.07373046875,3.8154296875,6.));
#13558 = VECTOR('',#13559,1.);
#13559 = DIRECTION('',(0.,1.,0.));
#13560 = PCURVE('',#13438,#13561);
#13561 = DEFINITIONAL_REPRESENTATION('',(#13562),#13566);
#13562 = LINE('',#13563,#13564);
#13563 = CARTESIAN_POINT('',(0.,0.));
#13564 = VECTOR('',#13565,1.);
#13565 = DIRECTION('',(1.,0.));
#13566 = ( GEOMETRIC_REPRESENTATION_CONTEXT(2) 
PARAMETRIC_REPRESENTATION_CONTEXT() REPRESENTATION_CONTEXT('2D SPACE',''
  ) );
#13567 = PCURVE('',#13568,#13573);
#13568 = PLANE('',#13569);
#13569 = AXIS2_PLACEMENT_3D('',#13570,#13571,#13572);
#13570 = CARTESIAN_POINT('',(-20.,-7.5,6.));
#13571 = DIRECTION('',(0.,0.,1.));
#13572 = DIRECTION('',(1.,0.,0.));
#13573 = DEFINITIONAL_REPRESENTATION('',(#13574),#13578);
#13574 = LINE('',#13575,#13576);
#13575 = CARTESIAN_POINT('',(33.07373046875,11.3154296875));
#13576 = VECTOR('',#13577,1.);
#13577 = DIRECTION('',(0.,1.));
#13578 = ( GEOMETRIC_REPRESENTATION_CONTEXT(2) 
PARAMETRIC_REPRESENTATION_CONTEXT() REPRESENTATION_CONTEXT('2D SPACE',''
  ) );
#13579 = ADVANCED_FACE('',(#13580),#13466,.T.);
#13580 = FACE_BOUND('',#13581,.T.);
#13581 = EDGE_LOOP('',(#13582,#13583,#13584,#13607));
#13582 = ORIENTED_EDGE('',*,*,#13531,.T.);
#13583 = ORIENTED_EDGE('',*,*,#13450,.T.);
#13584 = ORIENTED_EDGE('',*,*,#13585,.F.);
#13585 = EDGE_CURVE('',#13586,#13451,#13588,.T.);
#13586 = VERTEX_POINT('',#13587);
#13587 = CARTESIAN_POINT('',(12.57568359375,3.8154296875,6.));
#13588 = SURFACE_CURVE('',#13589,(#13593,#13600),.PCURVE_S1.);
#13589 = LINE('',#13590,#13591);
#13590 = CARTESIAN_POINT('',(12.57568359375,3.8154296875,6.));
#13591 = VECTOR('',#13592,1.);
#13592 = DIRECTION('',(0.,0.,1.));
#13593 = PCURVE('',#13466,#13594);
#13594 = DEFINITIONAL_REPRESENTATION('',(#13595),#13599);
#13595 = LINE('',#13596,#13597);
#13596 = CARTESIAN_POINT('',(0.924030951077,-0.));
#13597 = VECTOR('',#13598,1.);
#13598 = DIRECTION('',(0.,-1.));
#13599 = ( GEOMETRIC_REPRESENTATION_CONTEXT(2) 
PARAMETRIC_REPRESENTATION_CONTEXT() REPRESENTATION_CONTEXT('2D SPACE',''
  ) );
#13600 = PCURVE('',#13492,#13601);
#13601 = DEFINITIONAL_REPRESENTATION('',(#13602),#13606);
#13602 = LINE('',#13603,#13604);
#13603 = CARTESIAN_POINT('',(0.,0.));
#13604 = VECTOR('',#13605,1.);
#13605 = DIRECTION('',(0.,-1.));
#13606 = ( GEOMETRIC_REPRESENTATION_CONTEXT(2) 
PARAMETRIC_REPRESENTATION_CONTEXT() REPRESENTATION_CONTEXT('2D SPACE',''
  ) );
#13607 = ORIENTED_EDGE('',*,*,#13608,.F.);
#13608 = EDGE_CURVE('',#13532,#13586,#13609,.T.);
#13609 = SURFACE_CURVE('',#13610,(#13614,#13621),.PCURVE_S1.);
#13610 = LINE('',#13611,#13612);
#13611 = CARTESIAN_POINT('',(13.07373046875,4.59375,6.));
#13612 = VECTOR('',#13613,1.);
#13613 = DIRECTION('',(-0.538993714896,-0.842309785828,0.));
#13614 = PCURVE('',#13466,#13615);
#13615 = DEFINITIONAL_REPRESENTATION('',(#13616),#13620);
#13616 = LINE('',#13617,#13618);
#13617 = CARTESIAN_POINT('',(0.,0.));
#13618 = VECTOR('',#13619,1.);
#13619 = DIRECTION('',(1.,-0.));
#13620 = ( GEOMETRIC_REPRESENTATION_CONTEXT(2) 
PARAMETRIC_REPRESENTATION_CONTEXT() REPRESENTATION_CONTEXT('2D SPACE',''
  ) );
#13621 = PCURVE('',#13568,#13622);
#13622 = DEFINITIONAL_REPRESENTATION('',(#13623),#13627);
#13623 = LINE('',#13624,#13625);
#13624 = CARTESIAN_POINT('',(33.07373046875,12.09375));
#13625 = VECTOR('',#13626,1.);
#13626 = DIRECTION('',(-0.538993714896,-0.842309785828));
#13627 = ( GEOMETRIC_REPRESENTATION_CONTEXT(2) 
PARAMETRIC_REPRESENTATION_CONTEXT() REPRESENTATION_CONTEXT('2D SPACE',''
  ) );
#13628 = ADVANCED_FACE('',(#13629),#13492,.T.);
#13629 = FACE_BOUND('',#13630,.T.);
#13630 = EDGE_LOOP('',(#13631,#13632,#13633,#13634));
#13631 = ORIENTED_EDGE('',*,*,#13585,.T.);
#13632 = ORIENTED_EDGE('',*,*,#13478,.T.);
#13633 = ORIENTED_EDGE('',*,*,#13507,.F.);
#13634 = ORIENTED_EDGE('',*,*,#13635,.F.);
#13635 = EDGE_CURVE('',#13586,#13508,#13636,.T.);
#13636 = SURFACE_CURVE('',#13637,(#13641,#13648),.PCURVE_S1.);
#13637 = LINE('',#13638,#13639);
#13638 = CARTESIAN_POINT('',(12.57568359375,3.8154296875,6.));
#13639 = VECTOR('',#13640,1.);
#13640 = DIRECTION('',(1.,0.,0.));
#13641 = PCURVE('',#13492,#13642);
#13642 = DEFINITIONAL_REPRESENTATION('',(#13643),#13647);
#13643 = LINE('',#13644,#13645);
#13644 = CARTESIAN_POINT('',(0.,0.));
#13645 = VECTOR('',#13646,1.);
#13646 = DIRECTION('',(1.,0.));
#13647 = ( GEOMETRIC_REPRESENTATION_CONTEXT(2) 
PARAMETRIC_REPRESENTATION_CONTEXT() REPRESENTATION_CONTEXT('2D SPACE',''
  ) );
#13648 = PCURVE('',#13568,#13649);
#13649 = DEFINITIONAL_REPRESENTATION('',(#13650),#13654);
#13650 = LINE('',#13651,#13652);
#13651 = CARTESIAN_POINT('',(32.57568359375,11.3154296875));
#13652 = VECTOR('',#13653,1.);
#13653 = DIRECTION('',(1.,0.));
#13654 = ( GEOMETRIC_REPRESENTATION_CONTEXT(2) 
PARAMETRIC_REPRESENTATION_CONTEXT() REPRESENTATION_CONTEXT('2D SPACE',''
  ) );
#13655 = ADVANCED_FACE('',(#13656),#13568,.T.);
#13656 = FACE_BOUND('',#13657,.T.);
#13657 = EDGE_LOOP('',(#13658,#13659,#13660));
#13658 = ORIENTED_EDGE('',*,*,#13635,.T.);
#13659 = ORIENTED_EDGE('',*,*,#13554,.T.);
#13660 = ORIENTED_EDGE('',*,*,#13608,.T.);
#13661 = ( GEOMETRIC_REPRESENTATION_CONTEXT(3) 
GLOBAL_UNCERTAINTY_ASSIGNED_CONTEXT((#13665)) 
GLOBAL_UNIT_ASSIGNED_CONTEXT((#13662,#13663,#13664)) 
REPRESENTATION_CONTEXT('Context #1',
  '3D Context with UNIT and UNCERTAINTY') );
#13662 = ( LENGTH_UNIT() NAMED_UNIT(*) SI_UNIT(.MILLI.,.METRE.) );
#13663 = ( NAMED_UNIT(*) PLANE_ANGLE_UNIT() SI_UNIT($,.RADIAN.) );
#13664 = ( NAMED_UNIT(*) SI_UNIT($,.STERADIAN.) SOLID_ANGLE_UNIT() );
#13665 = UNCERTAINTY_MEASURE_WITH_UNIT(LENGTH_MEASURE(1.E-07),#13662,
  'distance_accuracy_value','confusion accuracy');
#13666 = CONTEXT_DEPENDENT_SHAPE_REPRESENTATION(#13667,#13669);
#13667 = ( REPRESENTATION_RELATIONSHIP('','',#40,#10) 
REPRESENTATION_RELATIONSHIP_WITH_TRANSFORMATION(#13668) 
SHAPE_REPRESENTATION_RELATIONSHIP() );
#13668 = ITEM_DEFINED_TRANSFORMATION('','',#11,#15);
#13669 = PRODUCT_DEFINITION_SHAPE('Placement','Placement of an item',
  #13670);
#13670 = NEXT_ASSEMBLY_USAGE_OCCURRENCE('123','','',#5,#35,$);
#13671 = PRODUCT_RELATED_PRODUCT_CATEGORY('part',$,(#37));
#13672 = SHAPE_DEFINITION_REPRESENTATION(#13673,#13679);
#13673 = PRODUCT_DEFINITION_SHAPE('','',#13674);
#13674 = PRODUCT_DEFINITION('design','',#13675,#13678);
#13675 = PRODUCT_DEFINITION_FORMATION('','',#13676);
#13676 = PRODUCT('Open CASCADE STEP translator 7.8 2.2',
  'Open CASCADE STEP translator 7.8 2.2','',(#13677));
#13677 = PRODUCT_CONTEXT('',#2,'mechanical');
#13678 = PRODUCT_DEFINITION_CONTEXT('part definition',#2,'design');
#13679 = ADVANCED_BREP_SHAPE_REPRESENTATION('',(#11,#13680),#15806);
#13680 = MANIFOLD_SOLID_BREP('',#13681);
#13681 = CLOSED_SHELL('',(#13682,#13904,#13966,#14020,#14106,#14165,
    #14222,#14453,#14557,#14633,#14807,#14949,#15096,#15150,#15242,
    #15249,#15255,#15261,#15268,#15295,#15422,#15449,#15518,#15572,
    #15622,#15649,#15699,#15706,#15733,#15760,#15767,#15794));
#13682 = ADVANCED_FACE('',(#13683),#13697,.F.);
#13683 = FACE_BOUND('',#13684,.F.);
#13684 = EDGE_LOOP('',(#13685,#13720,#13748,#13776,#13804,#13827,#13855,
    #13883));
#13685 = ORIENTED_EDGE('',*,*,#13686,.F.);
#13686 = EDGE_CURVE('',#13687,#13689,#13691,.T.);
#13687 = VERTEX_POINT('',#13688);
#13688 = CARTESIAN_POINT('',(42.,-5.7,0.));
#13689 = VERTEX_POINT('',#13690);
#13690 = CARTESIAN_POINT('',(42.,-5.7,1.));
#13691 = SURFACE_CURVE('',#13692,(#13696,#13708),.PCURVE_S1.);
#13692 = LINE('',#13693,#13694);
#13693 = CARTESIAN_POINT('',(42.,-5.7,0.));
#13694 = VECTOR('',#13695,1.);
#13695 = DIRECTION('',(0.,0.,1.));
#13696 = PCURVE('',#13697,#13702);
#13697 = PLANE('',#13698);
#13698 = AXIS2_PLACEMENT_3D('',#13699,#13700,#13701);
#13699 = CARTESIAN_POINT('',(42.,-5.7,0.));
#13700 = DIRECTION('',(1.,0.,0.));
#13701 = DIRECTION('',(0.,0.,1.));
#13702 = DEFINITIONAL_REPRESENTATION('',(#13703),#13707);
#13703 = LINE('',#13704,#13705);
#13704 = CARTESIAN_POINT('',(0.,0.));
#13705 = VECTOR('',#13706,1.);
#13706 = DIRECTION('',(1.,0.));
#13707 = ( GEOMETRIC_REPRESENTATION_CONTEXT(2) 
PARAMETRIC_REPRESENTATION_CONTEXT() REPRESENTATION_CONTEXT('2D SPACE',''
  ) );
#13708 = PCURVE('',#13709,#13714);
#13709 = PLANE('',#13710);
#13710 = AXIS2_PLACEMENT_3D('',#13711,#13712,#13713);
#13711 = CARTESIAN_POINT('',(42.,-5.7,0.));
#13712 = DIRECTION('',(0.,1.,0.));
#13713 = DIRECTION('',(0.,0.,1.));
#13714 = DEFINITIONAL_REPRESENTATION('',(#13715),#13719);
#13715 = LINE('',#13716,#13717);
#13716 = CARTESIAN_POINT('',(0.,0.));
#13717 = VECTOR('',#13718,1.);
#13718 = DIRECTION('',(1.,0.));
#13719 = ( GEOMETRIC_REPRESENTATION_CONTEXT(2) 
PARAMETRIC_REPRESENTATION_CONTEXT() REPRESENTATION_CONTEXT('2D SPACE',''
  ) );
#13720 = ORIENTED_EDGE('',*,*,#13721,.T.);
#13721 = EDGE_CURVE('',#13687,#13722,#13724,.T.);
#13722 = VERTEX_POINT('',#13723);
#13723 = CARTESIAN_POINT('',(42.,5.7,0.));
#13724 = SURFACE_CURVE('',#13725,(#13729,#13736),.PCURVE_S1.);
#13725 = LINE('',#13726,#13727);
#13726 = CARTESIAN_POINT('',(42.,-5.7,0.));
#13727 = VECTOR('',#13728,1.);
#13728 = DIRECTION('',(0.,1.,0.));
#13729 = PCURVE('',#13697,#13730);
#13730 = DEFINITIONAL_REPRESENTATION('',(#13731),#13735);
#13731 = LINE('',#13732,#13733);
#13732 = CARTESIAN_POINT('',(0.,0.));
#13733 = VECTOR('',#13734,1.);
#13734 = DIRECTION('',(0.,-1.));
#13735 = ( GEOMETRIC_REPRESENTATION_CONTEXT(2) 
PARAMETRIC_REPRESENTATION_CONTEXT() REPRESENTATION_CONTEXT('2D SPACE',''
  ) );
#13736 = PCURVE('',#13737,#13742);
#13737 = PLANE('',#13738);
#13738 = AXIS2_PLACEMENT_3D('',#13739,#13740,#13741);
#13739 = CARTESIAN_POINT('',(42.,-5.7,0.));
#13740 = DIRECTION('',(0.,0.,1.));
#13741 = DIRECTION('',(1.,0.,0.));
#13742 = DEFINITIONAL_REPRESENTATION('',(#13743),#13747);
#13743 = LINE('',#13744,#13745);
#13744 = CARTESIAN_POINT('',(0.,0.));
#13745 = VECTOR('',#13746,1.);
#13746 = DIRECTION('',(0.,1.));
#13747 = ( GEOMETRIC_REPRESENTATION_CONTEXT(2) 
PARAMETRIC_REPRESENTATION_CONTEXT() REPRESENTATION_CONTEXT('2D SPACE',''
  ) );
#13748 = ORIENTED_EDGE('',*,*,#13749,.T.);
#13749 = EDGE_CURVE('',#13722,#13750,#13752,.T.);
#13750 = VERTEX_POINT('',#13751);
#13751 = CARTESIAN_POINT('',(42.,5.7,1.));
#13752 = SURFACE_CURVE('',#13753,(#13757,#13764),.PCURVE_S1.);
#13753 = LINE('',#13754,#13755);
#13754 = CARTESIAN_POINT('',(42.,5.7,0.));
#13755 = VECTOR('',#13756,1.);
#13756 = DIRECTION('',(0.,0.,1.));
#13757 = PCURVE('',#13697,#13758);
#13758 = DEFINITIONAL_REPRESENTATION('',(#13759),#13763);
#13759 = LINE('',#13760,#13761);
#13760 = CARTESIAN_POINT('',(0.,-11.4));
#13761 = VECTOR('',#13762,1.);
#13762 = DIRECTION('',(1.,0.));
#13763 = ( GEOMETRIC_REPRESENTATION_CONTEXT(2) 
PARAMETRIC_REPRESENTATION_CONTEXT() REPRESENTATION_CONTEXT('2D SPACE',''
  ) );
#13764 = PCURVE('',#13765,#13770);
#13765 = PLANE('',#13766);
#13766 = AXIS2_PLACEMENT_3D('',#13767,#13768,#13769);
#13767 = CARTESIAN_POINT('',(42.,5.7,0.));
#13768 = DIRECTION('',(0.,1.,0.));
#13769 = DIRECTION('',(0.,0.,1.));
#13770 = DEFINITIONAL_REPRESENTATION('',(#13771),#13775);
#13771 = LINE('',#13772,#13773);
#13772 = CARTESIAN_POINT('',(0.,0.));
#13773 = VECTOR('',#13774,1.);
#13774 = DIRECTION('',(1.,0.));
#13775 = ( GEOMETRIC_REPRESENTATION_CONTEXT(2) 
PARAMETRIC_REPRESENTATION_CONTEXT() REPRESENTATION_CONTEXT('2D SPACE',''
  ) );
#13776 = ORIENTED_EDGE('',*,*,#13777,.F.);
#13777 = EDGE_CURVE('',#13778,#13750,#13780,.T.);
#13778 = VERTEX_POINT('',#13779);
#13779 = CARTESIAN_POINT('',(42.,2.7,1.));
#13780 = SURFACE_CURVE('',#13781,(#13785,#13792),.PCURVE_S1.);
#13781 = LINE('',#13782,#13783);
#13782 = CARTESIAN_POINT('',(42.,2.7,1.));
#13783 = VECTOR('',#13784,1.);
#13784 = DIRECTION('',(0.,1.,0.));
#13785 = PCURVE('',#13697,#13786);
#13786 = DEFINITIONAL_REPRESENTATION('',(#13787),#13791);
#13787 = LINE('',#13788,#13789);
#13788 = CARTESIAN_POINT('',(1.,-8.4));
#13789 = VECTOR('',#13790,1.);
#13790 = DIRECTION('',(0.,-1.));
#13791 = ( GEOMETRIC_REPRESENTATION_CONTEXT(2) 
PARAMETRIC_REPRESENTATION_CONTEXT() REPRESENTATION_CONTEXT('2D SPACE',''
  ) );
#13792 = PCURVE('',#13793,#13798);
#13793 = PLANE('',#13794);
#13794 = AXIS2_PLACEMENT_3D('',#13795,#13796,#13797);
#13795 = CARTESIAN_POINT('',(42.,-5.7,0.));
#13796 = DIRECTION('',(1.,0.,0.));
#13797 = DIRECTION('',(0.,0.,1.));
#13798 = DEFINITIONAL_REPRESENTATION('',(#13799),#13803);
#13799 = LINE('',#13800,#13801);
#13800 = CARTESIAN_POINT('',(1.,-8.4));
#13801 = VECTOR('',#13802,1.);
#13802 = DIRECTION('',(0.,-1.));
#13803 = ( GEOMETRIC_REPRESENTATION_CONTEXT(2) 
PARAMETRIC_REPRESENTATION_CONTEXT() REPRESENTATION_CONTEXT('2D SPACE',''
  ) );
#13804 = ORIENTED_EDGE('',*,*,#13805,.T.);
#13805 = EDGE_CURVE('',#13778,#13806,#13808,.T.);
#13806 = VERTEX_POINT('',#13807);
#13807 = CARTESIAN_POINT('',(42.,2.7,3.));
#13808 = SURFACE_CURVE('',#13809,(#13813,#13820),.PCURVE_S1.);
#13809 = LINE('',#13810,#13811);
#13810 = CARTESIAN_POINT('',(42.,2.7,0.));
#13811 = VECTOR('',#13812,1.);
#13812 = DIRECTION('',(0.,0.,1.));
#13813 = PCURVE('',#13697,#13814);
#13814 = DEFINITIONAL_REPRESENTATION('',(#13815),#13819);
#13815 = LINE('',#13816,#13817);
#13816 = CARTESIAN_POINT('',(0.,-8.4));
#13817 = VECTOR('',#13818,1.);
#13818 = DIRECTION('',(1.,0.));
#13819 = ( GEOMETRIC_REPRESENTATION_CONTEXT(2) 
PARAMETRIC_REPRESENTATION_CONTEXT() REPRESENTATION_CONTEXT('2D SPACE',''
  ) );
#13820 = PCURVE('',#13793,#13821);
#13821 = DEFINITIONAL_REPRESENTATION('',(#13822),#13826);
#13822 = LINE('',#13823,#13824);
#13823 = CARTESIAN_POINT('',(0.,-8.4));
#13824 = VECTOR('',#13825,1.);
#13825 = DIRECTION('',(1.,0.));
#13826 = ( GEOMETRIC_REPRESENTATION_CONTEXT(2) 
PARAMETRIC_REPRESENTATION_CONTEXT() REPRESENTATION_CONTEXT('2D SPACE',''
  ) );
#13827 = ORIENTED_EDGE('',*,*,#13828,.F.);
#13828 = EDGE_CURVE('',#13829,#13806,#13831,.T.);
#13829 = VERTEX_POINT('',#13830);
#13830 = CARTESIAN_POINT('',(42.,-2.7,3.));
#13831 = SURFACE_CURVE('',#13832,(#13836,#13843),.PCURVE_S1.);
#13832 = LINE('',#13833,#13834);
#13833 = CARTESIAN_POINT('',(42.,-5.7,3.));
#13834 = VECTOR('',#13835,1.);
#13835 = DIRECTION('',(0.,1.,0.));
#13836 = PCURVE('',#13697,#13837);
#13837 = DEFINITIONAL_REPRESENTATION('',(#13838),#13842);
#13838 = LINE('',#13839,#13840);
#13839 = CARTESIAN_POINT('',(3.,0.));
#13840 = VECTOR('',#13841,1.);
#13841 = DIRECTION('',(0.,-1.));
#13842 = ( GEOMETRIC_REPRESENTATION_CONTEXT(2) 
PARAMETRIC_REPRESENTATION_CONTEXT() REPRESENTATION_CONTEXT('2D SPACE',''
  ) );
#13843 = PCURVE('',#13844,#13849);
#13844 = PLANE('',#13845);
#13845 = AXIS2_PLACEMENT_3D('',#13846,#13847,#13848);
#13846 = CARTESIAN_POINT('',(42.,-5.7,3.));
#13847 = DIRECTION('',(0.,0.,1.));
#13848 = DIRECTION('',(1.,0.,0.));
#13849 = DEFINITIONAL_REPRESENTATION('',(#13850),#13854);
#13850 = LINE('',#13851,#13852);
#13851 = CARTESIAN_POINT('',(0.,0.));
#13852 = VECTOR('',#13853,1.);
#13853 = DIRECTION('',(0.,1.));
#13854 = ( GEOMETRIC_REPRESENTATION_CONTEXT(2) 
PARAMETRIC_REPRESENTATION_CONTEXT() REPRESENTATION_CONTEXT('2D SPACE',''
  ) );
#13855 = ORIENTED_EDGE('',*,*,#13856,.F.);
#13856 = EDGE_CURVE('',#13857,#13829,#13859,.T.);
#13857 = VERTEX_POINT('',#13858);
#13858 = CARTESIAN_POINT('',(42.,-2.7,1.));
#13859 = SURFACE_CURVE('',#13860,(#13864,#13871),.PCURVE_S1.);
#13860 = LINE('',#13861,#13862);
#13861 = CARTESIAN_POINT('',(42.,-2.7,0.));
#13862 = VECTOR('',#13863,1.);
#13863 = DIRECTION('',(0.,0.,1.));
#13864 = PCURVE('',#13697,#13865);
#13865 = DEFINITIONAL_REPRESENTATION('',(#13866),#13870);
#13866 = LINE('',#13867,#13868);
#13867 = CARTESIAN_POINT('',(0.,-3.));
#13868 = VECTOR('',#13869,1.);
#13869 = DIRECTION('',(1.,0.));
#13870 = ( GEOMETRIC_REPRESENTATION_CONTEXT(2) 
PARAMETRIC_REPRESENTATION_CONTEXT() REPRESENTATION_CONTEXT('2D SPACE',''
  ) );
#13871 = PCURVE('',#13872,#13877);
#13872 = PLANE('',#13873);
#13873 = AXIS2_PLACEMENT_3D('',#13874,#13875,#13876);
#13874 = CARTESIAN_POINT('',(42.,-5.7,0.));
#13875 = DIRECTION('',(1.,0.,0.));
#13876 = DIRECTION('',(0.,0.,1.));
#13877 = DEFINITIONAL_REPRESENTATION('',(#13878),#13882);
#13878 = LINE('',#13879,#13880);
#13879 = CARTESIAN_POINT('',(0.,-3.));
#13880 = VECTOR('',#13881,1.);
#13881 = DIRECTION('',(1.,0.));
#13882 = ( GEOMETRIC_REPRESENTATION_CONTEXT(2) 
PARAMETRIC_REPRESENTATION_CONTEXT() REPRESENTATION_CONTEXT('2D SPACE',''
  ) );
#13883 = ORIENTED_EDGE('',*,*,#13884,.F.);
#13884 = EDGE_CURVE('',#13689,#13857,#13885,.T.);
#13885 = SURFACE_CURVE('',#13886,(#13890,#13897),.PCURVE_S1.);
#13886 = LINE('',#13887,#13888);
#13887 = CARTESIAN_POINT('',(42.,-5.7,1.));
#13888 = VECTOR('',#13889,1.);
#13889 = DIRECTION('',(0.,1.,0.));
#13890 = PCURVE('',#13697,#13891);
#13891 = DEFINITIONAL_REPRESENTATION('',(#13892),#13896);
#13892 = LINE('',#13893,#13894);
#13893 = CARTESIAN_POINT('',(1.,0.));
#13894 = VECTOR('',#13895,1.);
#13895 = DIRECTION('',(0.,-1.));
#13896 = ( GEOMETRIC_REPRESENTATION_CONTEXT(2) 
PARAMETRIC_REPRESENTATION_CONTEXT() REPRESENTATION_CONTEXT('2D SPACE',''
  ) );
#13897 = PCURVE('',#13872,#13898);
#13898 = DEFINITIONAL_REPRESENTATION('',(#13899),#13903);
#13899 = LINE('',#13900,#13901);
#13900 = CARTESIAN_POINT('',(1.,0.));
#13901 = VECTOR('',#13902,1.);
#13902 = DIRECTION('',(0.,-1.));
#13903 = ( GEOMETRIC_REPRESENTATION_CONTEXT(2) 
PARAMETRIC_REPRESENTATION_CONTEXT() REPRESENTATION_CONTEXT('2D SPACE',''
  ) );
#13904 = ADVANCED_FACE('',(#13905),#13709,.F.);
#13905 = FACE_BOUND('',#13906,.F.);
#13906 = EDGE_LOOP('',(#13907,#13930,#13931));
#13907 = ORIENTED_EDGE('',*,*,#13908,.F.);
#13908 = EDGE_CURVE('',#13687,#13909,#13911,.T.);
#13909 = VERTEX_POINT('',#13910);
#13910 = CARTESIAN_POINT('',(43.,-5.7,-2.22044604925E-16));
#13911 = SURFACE_CURVE('',#13912,(#13916,#13923),.PCURVE_S1.);
#13912 = LINE('',#13913,#13914);
#13913 = CARTESIAN_POINT('',(42.,-5.7,0.));
#13914 = VECTOR('',#13915,1.);
#13915 = DIRECTION('',(1.,0.,0.));
#13916 = PCURVE('',#13709,#13917);
#13917 = DEFINITIONAL_REPRESENTATION('',(#13918),#13922);
#13918 = LINE('',#13919,#13920);
#13919 = CARTESIAN_POINT('',(0.,0.));
#13920 = VECTOR('',#13921,1.);
#13921 = DIRECTION('',(0.,1.));
#13922 = ( GEOMETRIC_REPRESENTATION_CONTEXT(2) 
PARAMETRIC_REPRESENTATION_CONTEXT() REPRESENTATION_CONTEXT('2D SPACE',''
  ) );
#13923 = PCURVE('',#13737,#13924);
#13924 = DEFINITIONAL_REPRESENTATION('',(#13925),#13929);
#13925 = LINE('',#13926,#13927);
#13926 = CARTESIAN_POINT('',(0.,0.));
#13927 = VECTOR('',#13928,1.);
#13928 = DIRECTION('',(1.,0.));
#13929 = ( GEOMETRIC_REPRESENTATION_CONTEXT(2) 
PARAMETRIC_REPRESENTATION_CONTEXT() REPRESENTATION_CONTEXT('2D SPACE',''
  ) );
#13930 = ORIENTED_EDGE('',*,*,#13686,.T.);
#13931 = ORIENTED_EDGE('',*,*,#13932,.T.);
#13932 = EDGE_CURVE('',#13689,#13909,#13933,.T.);
#13933 = SURFACE_CURVE('',#13934,(#13939,#13950),.PCURVE_S1.);
#13934 = CIRCLE('',#13935,1.);
#13935 = AXIS2_PLACEMENT_3D('',#13936,#13937,#13938);
#13936 = CARTESIAN_POINT('',(43.,-5.7,1.));
#13937 = DIRECTION('',(-0.,-1.,0.));
#13938 = DIRECTION('',(0.,-0.,1.));
#13939 = PCURVE('',#13709,#13940);
#13940 = DEFINITIONAL_REPRESENTATION('',(#13941),#13949);
#13941 = ( BOUNDED_CURVE() B_SPLINE_CURVE(2,(#13942,#13943,#13944,#13945
    ,#13946,#13947,#13948),.UNSPECIFIED.,.T.,.F.) 
B_SPLINE_CURVE_WITH_KNOTS((1,2,2,2,2,1),(-2.094395102393,0.,
    2.094395102393,4.188790204786,6.28318530718,8.377580409573),
.UNSPECIFIED.) CURVE() GEOMETRIC_REPRESENTATION_ITEM() 
RATIONAL_B_SPLINE_CURVE((1.,0.5,1.,0.5,1.,0.5,1.)) REPRESENTATION_ITEM(
  '') );
#13942 = CARTESIAN_POINT('',(2.,1.));
#13943 = CARTESIAN_POINT('',(2.,-0.732050807569));
#13944 = CARTESIAN_POINT('',(0.5,0.133974596216));
#13945 = CARTESIAN_POINT('',(-1.,1.));
#13946 = CARTESIAN_POINT('',(0.5,1.866025403784));
#13947 = CARTESIAN_POINT('',(2.,2.732050807569));
#13948 = CARTESIAN_POINT('',(2.,1.));
#13949 = ( GEOMETRIC_REPRESENTATION_CONTEXT(2) 
PARAMETRIC_REPRESENTATION_CONTEXT() REPRESENTATION_CONTEXT('2D SPACE',''
  ) );
#13950 = PCURVE('',#13951,#13956);
#13951 = PLANE('',#13952);
#13952 = AXIS2_PLACEMENT_3D('',#13953,#13954,#13955);
#13953 = CARTESIAN_POINT('',(42.,-5.7,0.));
#13954 = DIRECTION('',(0.,1.,0.));
#13955 = DIRECTION('',(0.,0.,1.));
#13956 = DEFINITIONAL_REPRESENTATION('',(#13957),#13965);
#13957 = ( BOUNDED_CURVE() B_SPLINE_CURVE(2,(#13958,#13959,#13960,#13961
    ,#13962,#13963,#13964),.UNSPECIFIED.,.T.,.F.) 
B_SPLINE_CURVE_WITH_KNOTS((1,2,2,2,2,1),(-2.094395102393,0.,
    2.094395102393,4.188790204786,6.28318530718,8.377580409573),
.UNSPECIFIED.) CURVE() GEOMETRIC_REPRESENTATION_ITEM() 
RATIONAL_B_SPLINE_CURVE((1.,0.5,1.,0.5,1.,0.5,1.)) REPRESENTATION_ITEM(
  '') );
#13958 = CARTESIAN_POINT('',(2.,1.));
#13959 = CARTESIAN_POINT('',(2.,-0.732050807569));
#13960 = CARTESIAN_POINT('',(0.5,0.133974596216));
#13961 = CARTESIAN_POINT('',(-1.,1.));
#13962 = CARTESIAN_POINT('',(0.5,1.866025403784));
#13963 = CARTESIAN_POINT('',(2.,2.732050807569));
#13964 = CARTESIAN_POINT('',(2.,1.));
#13965 = ( GEOMETRIC_REPRESENTATION_CONTEXT(2) 
PARAMETRIC_REPRESENTATION_CONTEXT() REPRESENTATION_CONTEXT('2D SPACE',''
  ) );
#13966 = ADVANCED_FACE('',(#13967),#13872,.F.);
#13967 = FACE_BOUND('',#13968,.F.);
#13968 = EDGE_LOOP('',(#13969,#13992,#13993,#13994));
#13969 = ORIENTED_EDGE('',*,*,#13970,.F.);
#13970 = EDGE_CURVE('',#13689,#13971,#13973,.T.);
#13971 = VERTEX_POINT('',#13972);
#13972 = CARTESIAN_POINT('',(42.,-5.7,3.));
#13973 = SURFACE_CURVE('',#13974,(#13978,#13985),.PCURVE_S1.);
#13974 = LINE('',#13975,#13976);
#13975 = CARTESIAN_POINT('',(42.,-5.7,0.));
#13976 = VECTOR('',#13977,1.);
#13977 = DIRECTION('',(0.,0.,1.));
#13978 = PCURVE('',#13872,#13979);
#13979 = DEFINITIONAL_REPRESENTATION('',(#13980),#13984);
#13980 = LINE('',#13981,#13982);
#13981 = CARTESIAN_POINT('',(0.,0.));
#13982 = VECTOR('',#13983,1.);
#13983 = DIRECTION('',(1.,0.));
#13984 = ( GEOMETRIC_REPRESENTATION_CONTEXT(2) 
PARAMETRIC_REPRESENTATION_CONTEXT() REPRESENTATION_CONTEXT('2D SPACE',''
  ) );
#13985 = PCURVE('',#13951,#13986);
#13986 = DEFINITIONAL_REPRESENTATION('',(#13987),#13991);
#13987 = LINE('',#13988,#13989);
#13988 = CARTESIAN_POINT('',(0.,0.));
#13989 = VECTOR('',#13990,1.);
#13990 = DIRECTION('',(1.,0.));
#13991 = ( GEOMETRIC_REPRESENTATION_CONTEXT(2) 
PARAMETRIC_REPRESENTATION_CONTEXT() REPRESENTATION_CONTEXT('2D SPACE',''
  ) );
#13992 = ORIENTED_EDGE('',*,*,#13884,.T.);
#13993 = ORIENTED_EDGE('',*,*,#13856,.T.);
#13994 = ORIENTED_EDGE('',*,*,#13995,.F.);
#13995 = EDGE_CURVE('',#13971,#13829,#13996,.T.);
#13996 = SURFACE_CURVE('',#13997,(#14001,#14008),.PCURVE_S1.);
#13997 = LINE('',#13998,#13999);
#13998 = CARTESIAN_POINT('',(42.,-5.7,3.));
#13999 = VECTOR('',#14000,1.);
#14000 = DIRECTION('',(0.,1.,0.));
#14001 = PCURVE('',#13872,#14002);
#14002 = DEFINITIONAL_REPRESENTATION('',(#14003),#14007);
#14003 = LINE('',#14004,#14005);
#14004 = CARTESIAN_POINT('',(3.,0.));
#14005 = VECTOR('',#14006,1.);
#14006 = DIRECTION('',(0.,-1.));
#14007 = ( GEOMETRIC_REPRESENTATION_CONTEXT(2) 
PARAMETRIC_REPRESENTATION_CONTEXT() REPRESENTATION_CONTEXT('2D SPACE',''
  ) );
#14008 = PCURVE('',#14009,#14014);
#14009 = PLANE('',#14010);
#14010 = AXIS2_PLACEMENT_3D('',#14011,#14012,#14013);
#14011 = CARTESIAN_POINT('',(42.,-5.7,0.));
#14012 = DIRECTION('',(1.,0.,0.));
#14013 = DIRECTION('',(0.,0.,1.));
#14014 = DEFINITIONAL_REPRESENTATION('',(#14015),#14019);
#14015 = LINE('',#14016,#14017);
#14016 = CARTESIAN_POINT('',(3.,0.));
#14017 = VECTOR('',#14018,1.);
#14018 = DIRECTION('',(0.,-1.));
#14019 = ( GEOMETRIC_REPRESENTATION_CONTEXT(2) 
PARAMETRIC_REPRESENTATION_CONTEXT() REPRESENTATION_CONTEXT('2D SPACE',''
  ) );
#14020 = ADVANCED_FACE('',(#14021),#13844,.T.);
#14021 = FACE_BOUND('',#14022,.T.);
#14022 = EDGE_LOOP('',(#14023,#14024,#14052,#14080));
#14023 = ORIENTED_EDGE('',*,*,#13828,.F.);
#14024 = ORIENTED_EDGE('',*,*,#14025,.F.);
#14025 = EDGE_CURVE('',#14026,#13829,#14028,.T.);
#14026 = VERTEX_POINT('',#14027);
#14027 = CARTESIAN_POINT('',(58.,-2.7,3.));
#14028 = SURFACE_CURVE('',#14029,(#14033,#14040),.PCURVE_S1.);
#14029 = LINE('',#14030,#14031);
#14030 = CARTESIAN_POINT('',(42.,-2.7,3.));
#14031 = VECTOR('',#14032,1.);
#14032 = DIRECTION('',(-1.,0.,0.));
#14033 = PCURVE('',#13844,#14034);
#14034 = DEFINITIONAL_REPRESENTATION('',(#14035),#14039);
#14035 = LINE('',#14036,#14037);
#14036 = CARTESIAN_POINT('',(0.,3.));
#14037 = VECTOR('',#14038,1.);
#14038 = DIRECTION('',(-1.,0.));
#14039 = ( GEOMETRIC_REPRESENTATION_CONTEXT(2) 
PARAMETRIC_REPRESENTATION_CONTEXT() REPRESENTATION_CONTEXT('2D SPACE',''
  ) );
#14040 = PCURVE('',#14041,#14046);
#14041 = PLANE('',#14042);
#14042 = AXIS2_PLACEMENT_3D('',#14043,#14044,#14045);
#14043 = CARTESIAN_POINT('',(42.,-2.7,0.));
#14044 = DIRECTION('',(0.,1.,0.));
#14045 = DIRECTION('',(0.,0.,1.));
#14046 = DEFINITIONAL_REPRESENTATION('',(#14047),#14051);
#14047 = LINE('',#14048,#14049);
#14048 = CARTESIAN_POINT('',(3.,0.));
#14049 = VECTOR('',#14050,1.);
#14050 = DIRECTION('',(0.,-1.));
#14051 = ( GEOMETRIC_REPRESENTATION_CONTEXT(2) 
PARAMETRIC_REPRESENTATION_CONTEXT() REPRESENTATION_CONTEXT('2D SPACE',''
  ) );
#14052 = ORIENTED_EDGE('',*,*,#14053,.T.);
#14053 = EDGE_CURVE('',#14026,#14054,#14056,.T.);
#14054 = VERTEX_POINT('',#14055);
#14055 = CARTESIAN_POINT('',(58.,2.7,3.));
#14056 = SURFACE_CURVE('',#14057,(#14061,#14068),.PCURVE_S1.);
#14057 = LINE('',#14058,#14059);
#14058 = CARTESIAN_POINT('',(58.,-5.7,3.));
#14059 = VECTOR('',#14060,1.);
#14060 = DIRECTION('',(0.,1.,0.));
#14061 = PCURVE('',#13844,#14062);
#14062 = DEFINITIONAL_REPRESENTATION('',(#14063),#14067);
#14063 = LINE('',#14064,#14065);
#14064 = CARTESIAN_POINT('',(16.,0.));
#14065 = VECTOR('',#14066,1.);
#14066 = DIRECTION('',(0.,1.));
#14067 = ( GEOMETRIC_REPRESENTATION_CONTEXT(2) 
PARAMETRIC_REPRESENTATION_CONTEXT() REPRESENTATION_CONTEXT('2D SPACE',''
  ) );
#14068 = PCURVE('',#14069,#14074);
#14069 = PLANE('',#14070);
#14070 = AXIS2_PLACEMENT_3D('',#14071,#14072,#14073);
#14071 = CARTESIAN_POINT('',(58.,-5.7,0.));
#14072 = DIRECTION('',(1.,0.,0.));
#14073 = DIRECTION('',(0.,0.,1.));
#14074 = DEFINITIONAL_REPRESENTATION('',(#14075),#14079);
#14075 = LINE('',#14076,#14077);
#14076 = CARTESIAN_POINT('',(3.,0.));
#14077 = VECTOR('',#14078,1.);
#14078 = DIRECTION('',(0.,-1.));
#14079 = ( GEOMETRIC_REPRESENTATION_CONTEXT(2) 
PARAMETRIC_REPRESENTATION_CONTEXT() REPRESENTATION_CONTEXT('2D SPACE',''
  ) );
#14080 = ORIENTED_EDGE('',*,*,#14081,.T.);
#14081 = EDGE_CURVE('',#14054,#13806,#14082,.T.);
#14082 = SURFACE_CURVE('',#14083,(#14087,#14094),.PCURVE_S1.);
#14083 = LINE('',#14084,#14085);
#14084 = CARTESIAN_POINT('',(42.,2.7,3.));
#14085 = VECTOR('',#14086,1.);
#14086 = DIRECTION('',(-1.,0.,0.));
#14087 = PCURVE('',#13844,#14088);
#14088 = DEFINITIONAL_REPRESENTATION('',(#14089),#14093);
#14089 = LINE('',#14090,#14091);
#14090 = CARTESIAN_POINT('',(0.,8.4));
#14091 = VECTOR('',#14092,1.);
#14092 = DIRECTION('',(-1.,0.));
#14093 = ( GEOMETRIC_REPRESENTATION_CONTEXT(2) 
PARAMETRIC_REPRESENTATION_CONTEXT() REPRESENTATION_CONTEXT('2D SPACE',''
  ) );
#14094 = PCURVE('',#14095,#14100);
#14095 = PLANE('',#14096);
#14096 = AXIS2_PLACEMENT_3D('',#14097,#14098,#14099);
#14097 = CARTESIAN_POINT('',(42.,2.7,0.));
#14098 = DIRECTION('',(0.,1.,0.));
#14099 = DIRECTION('',(0.,0.,1.));
#14100 = DEFINITIONAL_REPRESENTATION('',(#14101),#14105);
#14101 = LINE('',#14102,#14103);
#14102 = CARTESIAN_POINT('',(3.,0.));
#14103 = VECTOR('',#14104,1.);
#14104 = DIRECTION('',(0.,-1.));
#14105 = ( GEOMETRIC_REPRESENTATION_CONTEXT(2) 
PARAMETRIC_REPRESENTATION_CONTEXT() REPRESENTATION_CONTEXT('2D SPACE',''
  ) );
#14106 = ADVANCED_FACE('',(#14107),#13793,.F.);
#14107 = FACE_BOUND('',#14108,.F.);
#14108 = EDGE_LOOP('',(#14109,#14110,#14138,#14164));
#14109 = ORIENTED_EDGE('',*,*,#13777,.T.);
#14110 = ORIENTED_EDGE('',*,*,#14111,.T.);
#14111 = EDGE_CURVE('',#13750,#14112,#14114,.T.);
#14112 = VERTEX_POINT('',#14113);
#14113 = CARTESIAN_POINT('',(42.,5.7,3.));
#14114 = SURFACE_CURVE('',#14115,(#14119,#14126),.PCURVE_S1.);
#14115 = LINE('',#14116,#14117);
#14116 = CARTESIAN_POINT('',(42.,5.7,0.));
#14117 = VECTOR('',#14118,1.);
#14118 = DIRECTION('',(0.,0.,1.));
#14119 = PCURVE('',#13793,#14120);
#14120 = DEFINITIONAL_REPRESENTATION('',(#14121),#14125);
#14121 = LINE('',#14122,#14123);
#14122 = CARTESIAN_POINT('',(0.,-11.4));
#14123 = VECTOR('',#14124,1.);
#14124 = DIRECTION('',(1.,0.));
#14125 = ( GEOMETRIC_REPRESENTATION_CONTEXT(2) 
PARAMETRIC_REPRESENTATION_CONTEXT() REPRESENTATION_CONTEXT('2D SPACE',''
  ) );
#14126 = PCURVE('',#14127,#14132);
#14127 = PLANE('',#14128);
#14128 = AXIS2_PLACEMENT_3D('',#14129,#14130,#14131);
#14129 = CARTESIAN_POINT('',(42.,5.7,0.));
#14130 = DIRECTION('',(0.,1.,0.));
#14131 = DIRECTION('',(0.,0.,1.));
#14132 = DEFINITIONAL_REPRESENTATION('',(#14133),#14137);
#14133 = LINE('',#14134,#14135);
#14134 = CARTESIAN_POINT('',(0.,0.));
#14135 = VECTOR('',#14136,1.);
#14136 = DIRECTION('',(1.,0.));
#14137 = ( GEOMETRIC_REPRESENTATION_CONTEXT(2) 
PARAMETRIC_REPRESENTATION_CONTEXT() REPRESENTATION_CONTEXT('2D SPACE',''
  ) );
#14138 = ORIENTED_EDGE('',*,*,#14139,.F.);
#14139 = EDGE_CURVE('',#13806,#14112,#14140,.T.);
#14140 = SURFACE_CURVE('',#14141,(#14145,#14152),.PCURVE_S1.);
#14141 = LINE('',#14142,#14143);
#14142 = CARTESIAN_POINT('',(42.,-5.7,3.));
#14143 = VECTOR('',#14144,1.);
#14144 = DIRECTION('',(0.,1.,0.));
#14145 = PCURVE('',#13793,#14146);
#14146 = DEFINITIONAL_REPRESENTATION('',(#14147),#14151);
#14147 = LINE('',#14148,#14149);
#14148 = CARTESIAN_POINT('',(3.,0.));
#14149 = VECTOR('',#14150,1.);
#14150 = DIRECTION('',(0.,-1.));
#14151 = ( GEOMETRIC_REPRESENTATION_CONTEXT(2) 
PARAMETRIC_REPRESENTATION_CONTEXT() REPRESENTATION_CONTEXT('2D SPACE',''
  ) );
#14152 = PCURVE('',#14153,#14158);
#14153 = PLANE('',#14154);
#14154 = AXIS2_PLACEMENT_3D('',#14155,#14156,#14157);
#14155 = CARTESIAN_POINT('',(42.,2.7,0.));
#14156 = DIRECTION('',(1.,0.,0.));
#14157 = DIRECTION('',(0.,0.,1.));
#14158 = DEFINITIONAL_REPRESENTATION('',(#14159),#14163);
#14159 = LINE('',#14160,#14161);
#14160 = CARTESIAN_POINT('',(3.,8.4));
#14161 = VECTOR('',#14162,1.);
#14162 = DIRECTION('',(0.,-1.));
#14163 = ( GEOMETRIC_REPRESENTATION_CONTEXT(2) 
PARAMETRIC_REPRESENTATION_CONTEXT() REPRESENTATION_CONTEXT('2D SPACE',''
  ) );
#14164 = ORIENTED_EDGE('',*,*,#13805,.F.);
#14165 = ADVANCED_FACE('',(#14166),#13765,.T.);
#14166 = FACE_BOUND('',#14167,.T.);
#14167 = EDGE_LOOP('',(#14168,#14191,#14192));
#14168 = ORIENTED_EDGE('',*,*,#14169,.F.);
#14169 = EDGE_CURVE('',#13722,#14170,#14172,.T.);
#14170 = VERTEX_POINT('',#14171);
#14171 = CARTESIAN_POINT('',(43.,5.7,-2.22044604925E-16));
#14172 = SURFACE_CURVE('',#14173,(#14177,#14184),.PCURVE_S1.);
#14173 = LINE('',#14174,#14175);
#14174 = CARTESIAN_POINT('',(42.,5.7,0.));
#14175 = VECTOR('',#14176,1.);
#14176 = DIRECTION('',(1.,0.,0.));
#14177 = PCURVE('',#13765,#14178);
#14178 = DEFINITIONAL_REPRESENTATION('',(#14179),#14183);
#14179 = LINE('',#14180,#14181);
#14180 = CARTESIAN_POINT('',(0.,0.));
#14181 = VECTOR('',#14182,1.);
#14182 = DIRECTION('',(0.,1.));
#14183 = ( GEOMETRIC_REPRESENTATION_CONTEXT(2) 
PARAMETRIC_REPRESENTATION_CONTEXT() REPRESENTATION_CONTEXT('2D SPACE',''
  ) );
#14184 = PCURVE('',#13737,#14185);
#14185 = DEFINITIONAL_REPRESENTATION('',(#14186),#14190);
#14186 = LINE('',#14187,#14188);
#14187 = CARTESIAN_POINT('',(0.,11.4));
#14188 = VECTOR('',#14189,1.);
#14189 = DIRECTION('',(1.,0.));
#14190 = ( GEOMETRIC_REPRESENTATION_CONTEXT(2) 
PARAMETRIC_REPRESENTATION_CONTEXT() REPRESENTATION_CONTEXT('2D SPACE',''
  ) );
#14191 = ORIENTED_EDGE('',*,*,#13749,.T.);
#14192 = ORIENTED_EDGE('',*,*,#14193,.T.);
#14193 = EDGE_CURVE('',#13750,#14170,#14194,.T.);
#14194 = SURFACE_CURVE('',#14195,(#14200,#14211),.PCURVE_S1.);
#14195 = CIRCLE('',#14196,1.);
#14196 = AXIS2_PLACEMENT_3D('',#14197,#14198,#14199);
#14197 = CARTESIAN_POINT('',(43.,5.7,1.));
#14198 = DIRECTION('',(-0.,-1.,0.));
#14199 = DIRECTION('',(0.,-0.,1.));
#14200 = PCURVE('',#13765,#14201);
#14201 = DEFINITIONAL_REPRESENTATION('',(#14202),#14210);
#14202 = ( BOUNDED_CURVE() B_SPLINE_CURVE(2,(#14203,#14204,#14205,#14206
    ,#14207,#14208,#14209),.UNSPECIFIED.,.T.,.F.) 
B_SPLINE_CURVE_WITH_KNOTS((1,2,2,2,2,1),(-2.094395102393,0.,
    2.094395102393,4.188790204786,6.28318530718,8.377580409573),
.UNSPECIFIED.) CURVE() GEOMETRIC_REPRESENTATION_ITEM() 
RATIONAL_B_SPLINE_CURVE((1.,0.5,1.,0.5,1.,0.5,1.)) REPRESENTATION_ITEM(
  '') );
#14203 = CARTESIAN_POINT('',(2.,1.));
#14204 = CARTESIAN_POINT('',(2.,-0.732050807569));
#14205 = CARTESIAN_POINT('',(0.5,0.133974596216));
#14206 = CARTESIAN_POINT('',(-1.,1.));
#14207 = CARTESIAN_POINT('',(0.5,1.866025403784));
#14208 = CARTESIAN_POINT('',(2.,2.732050807569));
#14209 = CARTESIAN_POINT('',(2.,1.));
#14210 = ( GEOMETRIC_REPRESENTATION_CONTEXT(2) 
PARAMETRIC_REPRESENTATION_CONTEXT() REPRESENTATION_CONTEXT('2D SPACE',''
  ) );
#14211 = PCURVE('',#14127,#14212);
#14212 = DEFINITIONAL_REPRESENTATION('',(#14213),#14221);
#14213 = ( BOUNDED_CURVE() B_SPLINE_CURVE(2,(#14214,#14215,#14216,#14217
    ,#14218,#14219,#14220),.UNSPECIFIED.,.T.,.F.) 
B_SPLINE_CURVE_WITH_KNOTS((1,2,2,2,2,1),(-2.094395102393,0.,
    2.094395102393,4.188790204786,6.28318530718,8.377580409573),
.UNSPECIFIED.) CURVE() GEOMETRIC_REPRESENTATION_ITEM() 
RATIONAL_B_SPLINE_CURVE((1.,0.5,1.,0.5,1.,0.5,1.)) REPRESENTATION_ITEM(
  '') );
#14214 = CARTESIAN_POINT('',(2.,1.));
#14215 = CARTESIAN_POINT('',(2.,-0.732050807569));
#14216 = CARTESIAN_POINT('',(0.5,0.133974596216));
#14217 = CARTESIAN_POINT('',(-1.,1.));
#14218 = CARTESIAN_POINT('',(0.5,1.866025403784));
#14219 = CARTESIAN_POINT('',(2.,2.732050807569));
#14220 = CARTESIAN_POINT('',(2.,1.));
#14221 = ( GEOMETRIC_REPRESENTATION_CONTEXT(2) 
PARAMETRIC_REPRESENTATION_CONTEXT() REPRESENTATION_CONTEXT('2D SPACE',''
  ) );
#14222 = ADVANCED_FACE('',(#14223),#13737,.F.);
#14223 = FACE_BOUND('',#14224,.F.);
#14224 = EDGE_LOOP('',(#14225,#14226,#14227,#14228,#14256,#14279,#14302,
    #14330,#14353,#14381,#14409,#14432));
#14225 = ORIENTED_EDGE('',*,*,#14169,.F.);
#14226 = ORIENTED_EDGE('',*,*,#13721,.F.);
#14227 = ORIENTED_EDGE('',*,*,#13908,.T.);
#14228 = ORIENTED_EDGE('',*,*,#14229,.T.);
#14229 = EDGE_CURVE('',#13909,#14230,#14232,.T.);
#14230 = VERTEX_POINT('',#14231);
#14231 = CARTESIAN_POINT('',(43.,-2.7,-2.22044604925E-16));
#14232 = SURFACE_CURVE('',#14233,(#14237,#14244),.PCURVE_S1.);
#14233 = LINE('',#14234,#14235);
#14234 = CARTESIAN_POINT('',(43.,-5.7,-2.22044604925E-16));
#14235 = VECTOR('',#14236,1.);
#14236 = DIRECTION('',(0.,1.,0.));
#14237 = PCURVE('',#13737,#14238);
#14238 = DEFINITIONAL_REPRESENTATION('',(#14239),#14243);
#14239 = LINE('',#14240,#14241);
#14240 = CARTESIAN_POINT('',(1.,0.));
#14241 = VECTOR('',#14242,1.);
#14242 = DIRECTION('',(0.,1.));
#14243 = ( GEOMETRIC_REPRESENTATION_CONTEXT(2) 
PARAMETRIC_REPRESENTATION_CONTEXT() REPRESENTATION_CONTEXT('2D SPACE',''
  ) );
#14244 = PCURVE('',#14245,#14250);
#14245 = PLANE('',#14246);
#14246 = AXIS2_PLACEMENT_3D('',#14247,#14248,#14249);
#14247 = CARTESIAN_POINT('',(42.,-5.7,0.));
#14248 = DIRECTION('',(0.,0.,1.));
#14249 = DIRECTION('',(1.,0.,0.));
#14250 = DEFINITIONAL_REPRESENTATION('',(#14251),#14255);
#14251 = LINE('',#14252,#14253);
#14252 = CARTESIAN_POINT('',(1.,0.));
#14253 = VECTOR('',#14254,1.);
#14254 = DIRECTION('',(0.,1.));
#14255 = ( GEOMETRIC_REPRESENTATION_CONTEXT(2) 
PARAMETRIC_REPRESENTATION_CONTEXT() REPRESENTATION_CONTEXT('2D SPACE',''
  ) );
#14256 = ORIENTED_EDGE('',*,*,#14257,.T.);
#14257 = EDGE_CURVE('',#14230,#14258,#14260,.T.);
#14258 = VERTEX_POINT('',#14259);
#14259 = CARTESIAN_POINT('',(57.,-2.7,-2.22044604925E-16));
#14260 = SURFACE_CURVE('',#14261,(#14265,#14272),.PCURVE_S1.);
#14261 = LINE('',#14262,#14263);
#14262 = CARTESIAN_POINT('',(42.,-2.7,0.));
#14263 = VECTOR('',#14264,1.);
#14264 = DIRECTION('',(1.,0.,0.));
#14265 = PCURVE('',#13737,#14266);
#14266 = DEFINITIONAL_REPRESENTATION('',(#14267),#14271);
#14267 = LINE('',#14268,#14269);
#14268 = CARTESIAN_POINT('',(0.,3.));
#14269 = VECTOR('',#14270,1.);
#14270 = DIRECTION('',(1.,0.));
#14271 = ( GEOMETRIC_REPRESENTATION_CONTEXT(2) 
PARAMETRIC_REPRESENTATION_CONTEXT() REPRESENTATION_CONTEXT('2D SPACE',''
  ) );
#14272 = PCURVE('',#14245,#14273);
#14273 = DEFINITIONAL_REPRESENTATION('',(#14274),#14278);
#14274 = LINE('',#14275,#14276);
#14275 = CARTESIAN_POINT('',(0.,3.));
#14276 = VECTOR('',#14277,1.);
#14277 = DIRECTION('',(1.,0.));
#14278 = ( GEOMETRIC_REPRESENTATION_CONTEXT(2) 
PARAMETRIC_REPRESENTATION_CONTEXT() REPRESENTATION_CONTEXT('2D SPACE',''
  ) );
#14279 = ORIENTED_EDGE('',*,*,#14280,.F.);
#14280 = EDGE_CURVE('',#14281,#14258,#14283,.T.);
#14281 = VERTEX_POINT('',#14282);
#14282 = CARTESIAN_POINT('',(57.,-5.7,-2.22044604925E-16));
#14283 = SURFACE_CURVE('',#14284,(#14288,#14295),.PCURVE_S1.);
#14284 = LINE('',#14285,#14286);
#14285 = CARTESIAN_POINT('',(57.,-5.7,-2.22044604925E-16));
#14286 = VECTOR('',#14287,1.);
#14287 = DIRECTION('',(0.,1.,0.));
#14288 = PCURVE('',#13737,#14289);
#14289 = DEFINITIONAL_REPRESENTATION('',(#14290),#14294);
#14290 = LINE('',#14291,#14292);
#14291 = CARTESIAN_POINT('',(15.,0.));
#14292 = VECTOR('',#14293,1.);
#14293 = DIRECTION('',(0.,1.));
#14294 = ( GEOMETRIC_REPRESENTATION_CONTEXT(2) 
PARAMETRIC_REPRESENTATION_CONTEXT() REPRESENTATION_CONTEXT('2D SPACE',''
  ) );
#14295 = PCURVE('',#14245,#14296);
#14296 = DEFINITIONAL_REPRESENTATION('',(#14297),#14301);
#14297 = LINE('',#14298,#14299);
#14298 = CARTESIAN_POINT('',(15.,0.));
#14299 = VECTOR('',#14300,1.);
#14300 = DIRECTION('',(0.,1.));
#14301 = ( GEOMETRIC_REPRESENTATION_CONTEXT(2) 
PARAMETRIC_REPRESENTATION_CONTEXT() REPRESENTATION_CONTEXT('2D SPACE',''
  ) );
#14302 = ORIENTED_EDGE('',*,*,#14303,.T.);
#14303 = EDGE_CURVE('',#14281,#14304,#14306,.T.);
#14304 = VERTEX_POINT('',#14305);
#14305 = CARTESIAN_POINT('',(58.,-5.7,0.));
#14306 = SURFACE_CURVE('',#14307,(#14311,#14318),.PCURVE_S1.);
#14307 = LINE('',#14308,#14309);
#14308 = CARTESIAN_POINT('',(42.,-5.7,0.));
#14309 = VECTOR('',#14310,1.);
#14310 = DIRECTION('',(1.,0.,0.));
#14311 = PCURVE('',#13737,#14312);
#14312 = DEFINITIONAL_REPRESENTATION('',(#14313),#14317);
#14313 = LINE('',#14314,#14315);
#14314 = CARTESIAN_POINT('',(0.,0.));
#14315 = VECTOR('',#14316,1.);
#14316 = DIRECTION('',(1.,0.));
#14317 = ( GEOMETRIC_REPRESENTATION_CONTEXT(2) 
PARAMETRIC_REPRESENTATION_CONTEXT() REPRESENTATION_CONTEXT('2D SPACE',''
  ) );
#14318 = PCURVE('',#14319,#14324);
#14319 = PLANE('',#14320);
#14320 = AXIS2_PLACEMENT_3D('',#14321,#14322,#14323);
#14321 = CARTESIAN_POINT('',(42.,-5.7,0.));
#14322 = DIRECTION('',(0.,1.,0.));
#14323 = DIRECTION('',(0.,0.,1.));
#14324 = DEFINITIONAL_REPRESENTATION('',(#14325),#14329);
#14325 = LINE('',#14326,#14327);
#14326 = CARTESIAN_POINT('',(0.,0.));
#14327 = VECTOR('',#14328,1.);
#14328 = DIRECTION('',(0.,1.));
#14329 = ( GEOMETRIC_REPRESENTATION_CONTEXT(2) 
PARAMETRIC_REPRESENTATION_CONTEXT() REPRESENTATION_CONTEXT('2D SPACE',''
  ) );
#14330 = ORIENTED_EDGE('',*,*,#14331,.T.);
#14331 = EDGE_CURVE('',#14304,#14332,#14334,.T.);
#14332 = VERTEX_POINT('',#14333);
#14333 = CARTESIAN_POINT('',(58.,5.7,0.));
#14334 = SURFACE_CURVE('',#14335,(#14339,#14346),.PCURVE_S1.);
#14335 = LINE('',#14336,#14337);
#14336 = CARTESIAN_POINT('',(58.,-5.7,0.));
#14337 = VECTOR('',#14338,1.);
#14338 = DIRECTION('',(0.,1.,0.));
#14339 = PCURVE('',#13737,#14340);
#14340 = DEFINITIONAL_REPRESENTATION('',(#14341),#14345);
#14341 = LINE('',#14342,#14343);
#14342 = CARTESIAN_POINT('',(16.,0.));
#14343 = VECTOR('',#14344,1.);
#14344 = DIRECTION('',(0.,1.));
#14345 = ( GEOMETRIC_REPRESENTATION_CONTEXT(2) 
PARAMETRIC_REPRESENTATION_CONTEXT() REPRESENTATION_CONTEXT('2D SPACE',''
  ) );
#14346 = PCURVE('',#14069,#14347);
#14347 = DEFINITIONAL_REPRESENTATION('',(#14348),#14352);
#14348 = LINE('',#14349,#14350);
#14349 = CARTESIAN_POINT('',(0.,0.));
#14350 = VECTOR('',#14351,1.);
#14351 = DIRECTION('',(0.,-1.));
#14352 = ( GEOMETRIC_REPRESENTATION_CONTEXT(2) 
PARAMETRIC_REPRESENTATION_CONTEXT() REPRESENTATION_CONTEXT('2D SPACE',''
  ) );
#14353 = ORIENTED_EDGE('',*,*,#14354,.F.);
#14354 = EDGE_CURVE('',#14355,#14332,#14357,.T.);
#14355 = VERTEX_POINT('',#14356);
#14356 = CARTESIAN_POINT('',(57.,5.7,-2.22044604925E-16));
#14357 = SURFACE_CURVE('',#14358,(#14362,#14369),.PCURVE_S1.);
#14358 = LINE('',#14359,#14360);
#14359 = CARTESIAN_POINT('',(42.,5.7,0.));
#14360 = VECTOR('',#14361,1.);
#14361 = DIRECTION('',(1.,0.,0.));
#14362 = PCURVE('',#13737,#14363);
#14363 = DEFINITIONAL_REPRESENTATION('',(#14364),#14368);
#14364 = LINE('',#14365,#14366);
#14365 = CARTESIAN_POINT('',(0.,11.4));
#14366 = VECTOR('',#14367,1.);
#14367 = DIRECTION('',(1.,0.));
#14368 = ( GEOMETRIC_REPRESENTATION_CONTEXT(2) 
PARAMETRIC_REPRESENTATION_CONTEXT() REPRESENTATION_CONTEXT('2D SPACE',''
  ) );
#14369 = PCURVE('',#14370,#14375);
#14370 = PLANE('',#14371);
#14371 = AXIS2_PLACEMENT_3D('',#14372,#14373,#14374);
#14372 = CARTESIAN_POINT('',(42.,5.7,0.));
#14373 = DIRECTION('',(0.,1.,0.));
#14374 = DIRECTION('',(0.,0.,1.));
#14375 = DEFINITIONAL_REPRESENTATION('',(#14376),#14380);
#14376 = LINE('',#14377,#14378);
#14377 = CARTESIAN_POINT('',(0.,0.));
#14378 = VECTOR('',#14379,1.);
#14379 = DIRECTION('',(0.,1.));
#14380 = ( GEOMETRIC_REPRESENTATION_CONTEXT(2) 
PARAMETRIC_REPRESENTATION_CONTEXT() REPRESENTATION_CONTEXT('2D SPACE',''
  ) );
#14381 = ORIENTED_EDGE('',*,*,#14382,.F.);
#14382 = EDGE_CURVE('',#14383,#14355,#14385,.T.);
#14383 = VERTEX_POINT('',#14384);
#14384 = CARTESIAN_POINT('',(57.,2.7,-2.22044604925E-16));
#14385 = SURFACE_CURVE('',#14386,(#14390,#14397),.PCURVE_S1.);
#14386 = LINE('',#14387,#14388);
#14387 = CARTESIAN_POINT('',(57.,2.7,-2.22044604925E-16));
#14388 = VECTOR('',#14389,1.);
#14389 = DIRECTION('',(0.,1.,0.));
#14390 = PCURVE('',#13737,#14391);
#14391 = DEFINITIONAL_REPRESENTATION('',(#14392),#14396);
#14392 = LINE('',#14393,#14394);
#14393 = CARTESIAN_POINT('',(15.,8.4));
#14394 = VECTOR('',#14395,1.);
#14395 = DIRECTION('',(0.,1.));
#14396 = ( GEOMETRIC_REPRESENTATION_CONTEXT(2) 
PARAMETRIC_REPRESENTATION_CONTEXT() REPRESENTATION_CONTEXT('2D SPACE',''
  ) );
#14397 = PCURVE('',#14398,#14403);
#14398 = PLANE('',#14399);
#14399 = AXIS2_PLACEMENT_3D('',#14400,#14401,#14402);
#14400 = CARTESIAN_POINT('',(42.,2.7,0.));
#14401 = DIRECTION('',(0.,0.,1.));
#14402 = DIRECTION('',(1.,0.,0.));
#14403 = DEFINITIONAL_REPRESENTATION('',(#14404),#14408);
#14404 = LINE('',#14405,#14406);
#14405 = CARTESIAN_POINT('',(15.,0.));
#14406 = VECTOR('',#14407,1.);
#14407 = DIRECTION('',(0.,1.));
#14408 = ( GEOMETRIC_REPRESENTATION_CONTEXT(2) 
PARAMETRIC_REPRESENTATION_CONTEXT() REPRESENTATION_CONTEXT('2D SPACE',''
  ) );
#14409 = ORIENTED_EDGE('',*,*,#14410,.F.);
#14410 = EDGE_CURVE('',#14411,#14383,#14413,.T.);
#14411 = VERTEX_POINT('',#14412);
#14412 = CARTESIAN_POINT('',(43.,2.7,-2.22044604925E-16));
#14413 = SURFACE_CURVE('',#14414,(#14418,#14425),.PCURVE_S1.);
#14414 = LINE('',#14415,#14416);
#14415 = CARTESIAN_POINT('',(42.,2.7,0.));
#14416 = VECTOR('',#14417,1.);
#14417 = DIRECTION('',(1.,0.,0.));
#14418 = PCURVE('',#13737,#14419);
#14419 = DEFINITIONAL_REPRESENTATION('',(#14420),#14424);
#14420 = LINE('',#14421,#14422);
#14421 = CARTESIAN_POINT('',(0.,8.4));
#14422 = VECTOR('',#14423,1.);
#14423 = DIRECTION('',(1.,0.));
#14424 = ( GEOMETRIC_REPRESENTATION_CONTEXT(2) 
PARAMETRIC_REPRESENTATION_CONTEXT() REPRESENTATION_CONTEXT('2D SPACE',''
  ) );
#14425 = PCURVE('',#14398,#14426);
#14426 = DEFINITIONAL_REPRESENTATION('',(#14427),#14431);
#14427 = LINE('',#14428,#14429);
#14428 = CARTESIAN_POINT('',(0.,0.));
#14429 = VECTOR('',#14430,1.);
#14430 = DIRECTION('',(1.,0.));
#14431 = ( GEOMETRIC_REPRESENTATION_CONTEXT(2) 
PARAMETRIC_REPRESENTATION_CONTEXT() REPRESENTATION_CONTEXT('2D SPACE',''
  ) );
#14432 = ORIENTED_EDGE('',*,*,#14433,.T.);
#14433 = EDGE_CURVE('',#14411,#14170,#14434,.T.);
#14434 = SURFACE_CURVE('',#14435,(#14439,#14446),.PCURVE_S1.);
#14435 = LINE('',#14436,#14437);
#14436 = CARTESIAN_POINT('',(43.,2.7,-2.22044604925E-16));
#14437 = VECTOR('',#14438,1.);
#14438 = DIRECTION('',(0.,1.,0.));
#14439 = PCURVE('',#13737,#14440);
#14440 = DEFINITIONAL_REPRESENTATION('',(#14441),#14445);
#14441 = LINE('',#14442,#14443);
#14442 = CARTESIAN_POINT('',(1.,8.4));
#14443 = VECTOR('',#14444,1.);
#14444 = DIRECTION('',(0.,1.));
#14445 = ( GEOMETRIC_REPRESENTATION_CONTEXT(2) 
PARAMETRIC_REPRESENTATION_CONTEXT() REPRESENTATION_CONTEXT('2D SPACE',''
  ) );
#14446 = PCURVE('',#14398,#14447);
#14447 = DEFINITIONAL_REPRESENTATION('',(#14448),#14452);
#14448 = LINE('',#14449,#14450);
#14449 = CARTESIAN_POINT('',(1.,0.));
#14450 = VECTOR('',#14451,1.);
#14451 = DIRECTION('',(0.,1.));
#14452 = ( GEOMETRIC_REPRESENTATION_CONTEXT(2) 
PARAMETRIC_REPRESENTATION_CONTEXT() REPRESENTATION_CONTEXT('2D SPACE',''
  ) );
#14453 = ADVANCED_FACE('',(#14454),#13951,.F.);
#14454 = FACE_BOUND('',#14455,.F.);
#14455 = EDGE_LOOP('',(#14456,#14477,#14478,#14479,#14507,#14535));
#14456 = ORIENTED_EDGE('',*,*,#14457,.F.);
#14457 = EDGE_CURVE('',#13909,#14281,#14458,.T.);
#14458 = SURFACE_CURVE('',#14459,(#14463,#14470),.PCURVE_S1.);
#14459 = LINE('',#14460,#14461);
#14460 = CARTESIAN_POINT('',(42.,-5.7,0.));
#14461 = VECTOR('',#14462,1.);
#14462 = DIRECTION('',(1.,0.,0.));
#14463 = PCURVE('',#13951,#14464);
#14464 = DEFINITIONAL_REPRESENTATION('',(#14465),#14469);
#14465 = LINE('',#14466,#14467);
#14466 = CARTESIAN_POINT('',(0.,0.));
#14467 = VECTOR('',#14468,1.);
#14468 = DIRECTION('',(0.,1.));
#14469 = ( GEOMETRIC_REPRESENTATION_CONTEXT(2) 
PARAMETRIC_REPRESENTATION_CONTEXT() REPRESENTATION_CONTEXT('2D SPACE',''
  ) );
#14470 = PCURVE('',#14245,#14471);
#14471 = DEFINITIONAL_REPRESENTATION('',(#14472),#14476);
#14472 = LINE('',#14473,#14474);
#14473 = CARTESIAN_POINT('',(0.,0.));
#14474 = VECTOR('',#14475,1.);
#14475 = DIRECTION('',(1.,0.));
#14476 = ( GEOMETRIC_REPRESENTATION_CONTEXT(2) 
PARAMETRIC_REPRESENTATION_CONTEXT() REPRESENTATION_CONTEXT('2D SPACE',''
  ) );
#14477 = ORIENTED_EDGE('',*,*,#13932,.F.);
#14478 = ORIENTED_EDGE('',*,*,#13970,.T.);
#14479 = ORIENTED_EDGE('',*,*,#14480,.T.);
#14480 = EDGE_CURVE('',#13971,#14481,#14483,.T.);
#14481 = VERTEX_POINT('',#14482);
#14482 = CARTESIAN_POINT('',(58.,-5.7,3.));
#14483 = SURFACE_CURVE('',#14484,(#14488,#14495),.PCURVE_S1.);
#14484 = LINE('',#14485,#14486);
#14485 = CARTESIAN_POINT('',(42.,-5.7,3.));
#14486 = VECTOR('',#14487,1.);
#14487 = DIRECTION('',(1.,0.,0.));
#14488 = PCURVE('',#13951,#14489);
#14489 = DEFINITIONAL_REPRESENTATION('',(#14490),#14494);
#14490 = LINE('',#14491,#14492);
#14491 = CARTESIAN_POINT('',(3.,0.));
#14492 = VECTOR('',#14493,1.);
#14493 = DIRECTION('',(0.,1.));
#14494 = ( GEOMETRIC_REPRESENTATION_CONTEXT(2) 
PARAMETRIC_REPRESENTATION_CONTEXT() REPRESENTATION_CONTEXT('2D SPACE',''
  ) );
#14495 = PCURVE('',#14496,#14501);
#14496 = PLANE('',#14497);
#14497 = AXIS2_PLACEMENT_3D('',#14498,#14499,#14500);
#14498 = CARTESIAN_POINT('',(42.,-5.7,0.));
#14499 = DIRECTION('',(0.,1.,0.));
#14500 = DIRECTION('',(0.,0.,1.));
#14501 = DEFINITIONAL_REPRESENTATION('',(#14502),#14506);
#14502 = LINE('',#14503,#14504);
#14503 = CARTESIAN_POINT('',(3.,0.));
#14504 = VECTOR('',#14505,1.);
#14505 = DIRECTION('',(0.,1.));
#14506 = ( GEOMETRIC_REPRESENTATION_CONTEXT(2) 
PARAMETRIC_REPRESENTATION_CONTEXT() REPRESENTATION_CONTEXT('2D SPACE',''
  ) );
#14507 = ORIENTED_EDGE('',*,*,#14508,.F.);
#14508 = EDGE_CURVE('',#14509,#14481,#14511,.T.);
#14509 = VERTEX_POINT('',#14510);
#14510 = CARTESIAN_POINT('',(58.,-5.7,1.));
#14511 = SURFACE_CURVE('',#14512,(#14516,#14523),.PCURVE_S1.);
#14512 = LINE('',#14513,#14514);
#14513 = CARTESIAN_POINT('',(58.,-5.7,0.));
#14514 = VECTOR('',#14515,1.);
#14515 = DIRECTION('',(0.,0.,1.));
#14516 = PCURVE('',#13951,#14517);
#14517 = DEFINITIONAL_REPRESENTATION('',(#14518),#14522);
#14518 = LINE('',#14519,#14520);
#14519 = CARTESIAN_POINT('',(0.,16.));
#14520 = VECTOR('',#14521,1.);
#14521 = DIRECTION('',(1.,0.));
#14522 = ( GEOMETRIC_REPRESENTATION_CONTEXT(2) 
PARAMETRIC_REPRESENTATION_CONTEXT() REPRESENTATION_CONTEXT('2D SPACE',''
  ) );
#14523 = PCURVE('',#14524,#14529);
#14524 = PLANE('',#14525);
#14525 = AXIS2_PLACEMENT_3D('',#14526,#14527,#14528);
#14526 = CARTESIAN_POINT('',(58.,-5.7,0.));
#14527 = DIRECTION('',(1.,0.,0.));
#14528 = DIRECTION('',(0.,0.,1.));
#14529 = DEFINITIONAL_REPRESENTATION('',(#14530),#14534);
#14530 = LINE('',#14531,#14532);
#14531 = CARTESIAN_POINT('',(0.,0.));
#14532 = VECTOR('',#14533,1.);
#14533 = DIRECTION('',(1.,0.));
#14534 = ( GEOMETRIC_REPRESENTATION_CONTEXT(2) 
PARAMETRIC_REPRESENTATION_CONTEXT() REPRESENTATION_CONTEXT('2D SPACE',''
  ) );
#14535 = ORIENTED_EDGE('',*,*,#14536,.T.);
#14536 = EDGE_CURVE('',#14509,#14281,#14537,.T.);
#14537 = SURFACE_CURVE('',#14538,(#14543,#14550),.PCURVE_S1.);
#14538 = CIRCLE('',#14539,1.);
#14539 = AXIS2_PLACEMENT_3D('',#14540,#14541,#14542);
#14540 = CARTESIAN_POINT('',(57.,-5.7,1.));
#14541 = DIRECTION('',(0.,1.,0.));
#14542 = DIRECTION('',(0.,-0.,1.));
#14543 = PCURVE('',#13951,#14544);
#14544 = DEFINITIONAL_REPRESENTATION('',(#14545),#14549);
#14545 = CIRCLE('',#14546,1.);
#14546 = AXIS2_PLACEMENT_2D('',#14547,#14548);
#14547 = CARTESIAN_POINT('',(1.,15.));
#14548 = DIRECTION('',(1.,0.));
#14549 = ( GEOMETRIC_REPRESENTATION_CONTEXT(2) 
PARAMETRIC_REPRESENTATION_CONTEXT() REPRESENTATION_CONTEXT('2D SPACE',''
  ) );
#14550 = PCURVE('',#14319,#14551);
#14551 = DEFINITIONAL_REPRESENTATION('',(#14552),#14556);
#14552 = CIRCLE('',#14553,1.);
#14553 = AXIS2_PLACEMENT_2D('',#14554,#14555);
#14554 = CARTESIAN_POINT('',(1.,15.));
#14555 = DIRECTION('',(1.,0.));
#14556 = ( GEOMETRIC_REPRESENTATION_CONTEXT(2) 
PARAMETRIC_REPRESENTATION_CONTEXT() REPRESENTATION_CONTEXT('2D SPACE',''
  ) );
#14557 = ADVANCED_FACE('',(#14558),#14009,.F.);
#14558 = FACE_BOUND('',#14559,.F.);
#14559 = EDGE_LOOP('',(#14560,#14583,#14584,#14607));
#14560 = ORIENTED_EDGE('',*,*,#14561,.F.);
#14561 = EDGE_CURVE('',#13971,#14562,#14564,.T.);
#14562 = VERTEX_POINT('',#14563);
#14563 = CARTESIAN_POINT('',(42.,-5.7,13.));
#14564 = SURFACE_CURVE('',#14565,(#14569,#14576),.PCURVE_S1.);
#14565 = LINE('',#14566,#14567);
#14566 = CARTESIAN_POINT('',(42.,-5.7,0.));
#14567 = VECTOR('',#14568,1.);
#14568 = DIRECTION('',(0.,0.,1.));
#14569 = PCURVE('',#14009,#14570);
#14570 = DEFINITIONAL_REPRESENTATION('',(#14571),#14575);
#14571 = LINE('',#14572,#14573);
#14572 = CARTESIAN_POINT('',(0.,0.));
#14573 = VECTOR('',#14574,1.);
#14574 = DIRECTION('',(1.,0.));
#14575 = ( GEOMETRIC_REPRESENTATION_CONTEXT(2) 
PARAMETRIC_REPRESENTATION_CONTEXT() REPRESENTATION_CONTEXT('2D SPACE',''
  ) );
#14576 = PCURVE('',#14496,#14577);
#14577 = DEFINITIONAL_REPRESENTATION('',(#14578),#14582);
#14578 = LINE('',#14579,#14580);
#14579 = CARTESIAN_POINT('',(0.,0.));
#14580 = VECTOR('',#14581,1.);
#14581 = DIRECTION('',(1.,0.));
#14582 = ( GEOMETRIC_REPRESENTATION_CONTEXT(2) 
PARAMETRIC_REPRESENTATION_CONTEXT() REPRESENTATION_CONTEXT('2D SPACE',''
  ) );
#14583 = ORIENTED_EDGE('',*,*,#13995,.T.);
#14584 = ORIENTED_EDGE('',*,*,#14585,.T.);
#14585 = EDGE_CURVE('',#13829,#14586,#14588,.T.);
#14586 = VERTEX_POINT('',#14587);
#14587 = CARTESIAN_POINT('',(42.,-2.7,13.));
#14588 = SURFACE_CURVE('',#14589,(#14593,#14600),.PCURVE_S1.);
#14589 = LINE('',#14590,#14591);
#14590 = CARTESIAN_POINT('',(42.,-2.7,0.));
#14591 = VECTOR('',#14592,1.);
#14592 = DIRECTION('',(0.,0.,1.));
#14593 = PCURVE('',#14009,#14594);
#14594 = DEFINITIONAL_REPRESENTATION('',(#14595),#14599);
#14595 = LINE('',#14596,#14597);
#14596 = CARTESIAN_POINT('',(0.,-3.));
#14597 = VECTOR('',#14598,1.);
#14598 = DIRECTION('',(1.,0.));
#14599 = ( GEOMETRIC_REPRESENTATION_CONTEXT(2) 
PARAMETRIC_REPRESENTATION_CONTEXT() REPRESENTATION_CONTEXT('2D SPACE',''
  ) );
#14600 = PCURVE('',#14041,#14601);
#14601 = DEFINITIONAL_REPRESENTATION('',(#14602),#14606);
#14602 = LINE('',#14603,#14604);
#14603 = CARTESIAN_POINT('',(0.,0.));
#14604 = VECTOR('',#14605,1.);
#14605 = DIRECTION('',(1.,0.));
#14606 = ( GEOMETRIC_REPRESENTATION_CONTEXT(2) 
PARAMETRIC_REPRESENTATION_CONTEXT() REPRESENTATION_CONTEXT('2D SPACE',''
  ) );
#14607 = ORIENTED_EDGE('',*,*,#14608,.F.);
#14608 = EDGE_CURVE('',#14562,#14586,#14609,.T.);
#14609 = SURFACE_CURVE('',#14610,(#14614,#14621),.PCURVE_S1.);
#14610 = LINE('',#14611,#14612);
#14611 = CARTESIAN_POINT('',(42.,-5.7,13.));
#14612 = VECTOR('',#14613,1.);
#14613 = DIRECTION('',(0.,1.,0.));
#14614 = PCURVE('',#14009,#14615);
#14615 = DEFINITIONAL_REPRESENTATION('',(#14616),#14620);
#14616 = LINE('',#14617,#14618);
#14617 = CARTESIAN_POINT('',(13.,0.));
#14618 = VECTOR('',#14619,1.);
#14619 = DIRECTION('',(0.,-1.));
#14620 = ( GEOMETRIC_REPRESENTATION_CONTEXT(2) 
PARAMETRIC_REPRESENTATION_CONTEXT() REPRESENTATION_CONTEXT('2D SPACE',''
  ) );
#14621 = PCURVE('',#14622,#14627);
#14622 = CYLINDRICAL_SURFACE('',#14623,1.);
#14623 = AXIS2_PLACEMENT_3D('',#14624,#14625,#14626);
#14624 = CARTESIAN_POINT('',(43.,-5.7,13.));
#14625 = DIRECTION('',(0.,1.,0.));
#14626 = DIRECTION('',(-1.,0.,0.));
#14627 = DEFINITIONAL_REPRESENTATION('',(#14628),#14632);
#14628 = LINE('',#14629,#14630);
#14629 = CARTESIAN_POINT('',(0.,0.));
#14630 = VECTOR('',#14631,1.);
#14631 = DIRECTION('',(0.,1.));
#14632 = ( GEOMETRIC_REPRESENTATION_CONTEXT(2) 
PARAMETRIC_REPRESENTATION_CONTEXT() REPRESENTATION_CONTEXT('2D SPACE',''
  ) );
#14633 = ADVANCED_FACE('',(#14634,#14776),#14095,.F.);
#14634 = FACE_BOUND('',#14635,.F.);
#14635 = EDGE_LOOP('',(#14636,#14637,#14660,#14689,#14717,#14750));
#14636 = ORIENTED_EDGE('',*,*,#14081,.T.);
#14637 = ORIENTED_EDGE('',*,*,#14638,.T.);
#14638 = EDGE_CURVE('',#13806,#14639,#14641,.T.);
#14639 = VERTEX_POINT('',#14640);
#14640 = CARTESIAN_POINT('',(42.,2.7,13.));
#14641 = SURFACE_CURVE('',#14642,(#14646,#14653),.PCURVE_S1.);
#14642 = LINE('',#14643,#14644);
#14643 = CARTESIAN_POINT('',(42.,2.7,0.));
#14644 = VECTOR('',#14645,1.);
#14645 = DIRECTION('',(0.,0.,1.));
#14646 = PCURVE('',#14095,#14647);
#14647 = DEFINITIONAL_REPRESENTATION('',(#14648),#14652);
#14648 = LINE('',#14649,#14650);
#14649 = CARTESIAN_POINT('',(0.,0.));
#14650 = VECTOR('',#14651,1.);
#14651 = DIRECTION('',(1.,0.));
#14652 = ( GEOMETRIC_REPRESENTATION_CONTEXT(2) 
PARAMETRIC_REPRESENTATION_CONTEXT() REPRESENTATION_CONTEXT('2D SPACE',''
  ) );
#14653 = PCURVE('',#14153,#14654);
#14654 = DEFINITIONAL_REPRESENTATION('',(#14655),#14659);
#14655 = LINE('',#14656,#14657);
#14656 = CARTESIAN_POINT('',(0.,0.));
#14657 = VECTOR('',#14658,1.);
#14658 = DIRECTION('',(1.,0.));
#14659 = ( GEOMETRIC_REPRESENTATION_CONTEXT(2) 
PARAMETRIC_REPRESENTATION_CONTEXT() REPRESENTATION_CONTEXT('2D SPACE',''
  ) );
#14660 = ORIENTED_EDGE('',*,*,#14661,.T.);
#14661 = EDGE_CURVE('',#14639,#14662,#14664,.T.);
#14662 = VERTEX_POINT('',#14663);
#14663 = CARTESIAN_POINT('',(43.,2.7,14.));
#14664 = SURFACE_CURVE('',#14665,(#14670,#14677),.PCURVE_S1.);
#14665 = CIRCLE('',#14666,1.);
#14666 = AXIS2_PLACEMENT_3D('',#14667,#14668,#14669);
#14667 = CARTESIAN_POINT('',(43.,2.7,13.));
#14668 = DIRECTION('',(0.,1.,0.));
#14669 = DIRECTION('',(0.,-0.,1.));
#14670 = PCURVE('',#14095,#14671);
#14671 = DEFINITIONAL_REPRESENTATION('',(#14672),#14676);
#14672 = CIRCLE('',#14673,1.);
#14673 = AXIS2_PLACEMENT_2D('',#14674,#14675);
#14674 = CARTESIAN_POINT('',(13.,1.));
#14675 = DIRECTION('',(1.,0.));
#14676 = ( GEOMETRIC_REPRESENTATION_CONTEXT(2) 
PARAMETRIC_REPRESENTATION_CONTEXT() REPRESENTATION_CONTEXT('2D SPACE',''
  ) );
#14677 = PCURVE('',#14678,#14683);
#14678 = CYLINDRICAL_SURFACE('',#14679,1.);
#14679 = AXIS2_PLACEMENT_3D('',#14680,#14681,#14682);
#14680 = CARTESIAN_POINT('',(43.,2.7,13.));
#14681 = DIRECTION('',(0.,1.,0.));
#14682 = DIRECTION('',(-1.,0.,0.));
#14683 = DEFINITIONAL_REPRESENTATION('',(#14684),#14688);
#14684 = LINE('',#14685,#14686);
#14685 = CARTESIAN_POINT('',(-4.712388980385,0.));
#14686 = VECTOR('',#14687,1.);
#14687 = DIRECTION('',(1.,0.));
#14688 = ( GEOMETRIC_REPRESENTATION_CONTEXT(2) 
PARAMETRIC_REPRESENTATION_CONTEXT() REPRESENTATION_CONTEXT('2D SPACE',''
  ) );
#14689 = ORIENTED_EDGE('',*,*,#14690,.T.);
#14690 = EDGE_CURVE('',#14662,#14691,#14693,.T.);
#14691 = VERTEX_POINT('',#14692);
#14692 = CARTESIAN_POINT('',(57.,2.7,14.));
#14693 = SURFACE_CURVE('',#14694,(#14698,#14705),.PCURVE_S1.);
#14694 = LINE('',#14695,#14696);
#14695 = CARTESIAN_POINT('',(42.,2.7,14.));
#14696 = VECTOR('',#14697,1.);
#14697 = DIRECTION('',(1.,0.,0.));
#14698 = PCURVE('',#14095,#14699);
#14699 = DEFINITIONAL_REPRESENTATION('',(#14700),#14704);
#14700 = LINE('',#14701,#14702);
#14701 = CARTESIAN_POINT('',(14.,0.));
#14702 = VECTOR('',#14703,1.);
#14703 = DIRECTION('',(0.,1.));
#14704 = ( GEOMETRIC_REPRESENTATION_CONTEXT(2) 
PARAMETRIC_REPRESENTATION_CONTEXT() REPRESENTATION_CONTEXT('2D SPACE',''
  ) );
#14705 = PCURVE('',#14706,#14711);
#14706 = PLANE('',#14707);
#14707 = AXIS2_PLACEMENT_3D('',#14708,#14709,#14710);
#14708 = CARTESIAN_POINT('',(42.,2.7,14.));
#14709 = DIRECTION('',(0.,0.,1.));
#14710 = DIRECTION('',(1.,0.,0.));
#14711 = DEFINITIONAL_REPRESENTATION('',(#14712),#14716);
#14712 = LINE('',#14713,#14714);
#14713 = CARTESIAN_POINT('',(0.,0.));
#14714 = VECTOR('',#14715,1.);
#14715 = DIRECTION('',(1.,0.));
#14716 = ( GEOMETRIC_REPRESENTATION_CONTEXT(2) 
PARAMETRIC_REPRESENTATION_CONTEXT() REPRESENTATION_CONTEXT('2D SPACE',''
  ) );
#14717 = ORIENTED_EDGE('',*,*,#14718,.F.);
#14718 = EDGE_CURVE('',#14719,#14691,#14721,.T.);
#14719 = VERTEX_POINT('',#14720);
#14720 = CARTESIAN_POINT('',(58.,2.7,13.));
#14721 = SURFACE_CURVE('',#14722,(#14727,#14738),.PCURVE_S1.);
#14722 = CIRCLE('',#14723,1.);
#14723 = AXIS2_PLACEMENT_3D('',#14724,#14725,#14726);
#14724 = CARTESIAN_POINT('',(57.,2.7,13.));
#14725 = DIRECTION('',(-0.,-1.,0.));
#14726 = DIRECTION('',(0.,-0.,1.));
#14727 = PCURVE('',#14095,#14728);
#14728 = DEFINITIONAL_REPRESENTATION('',(#14729),#14737);
#14729 = ( BOUNDED_CURVE() B_SPLINE_CURVE(2,(#14730,#14731,#14732,#14733
    ,#14734,#14735,#14736),.UNSPECIFIED.,.T.,.F.) 
B_SPLINE_CURVE_WITH_KNOTS((1,2,2,2,2,1),(-2.094395102393,0.,
    2.094395102393,4.188790204786,6.28318530718,8.377580409573),
.UNSPECIFIED.) CURVE() GEOMETRIC_REPRESENTATION_ITEM() 
RATIONAL_B_SPLINE_CURVE((1.,0.5,1.,0.5,1.,0.5,1.)) REPRESENTATION_ITEM(
  '') );
#14730 = CARTESIAN_POINT('',(14.,15.));
#14731 = CARTESIAN_POINT('',(14.,13.267949192431));
#14732 = CARTESIAN_POINT('',(12.5,14.133974596216));
#14733 = CARTESIAN_POINT('',(11.,15.));
#14734 = CARTESIAN_POINT('',(12.5,15.866025403784));
#14735 = CARTESIAN_POINT('',(14.,16.732050807569));
#14736 = CARTESIAN_POINT('',(14.,15.));
#14737 = ( GEOMETRIC_REPRESENTATION_CONTEXT(2) 
PARAMETRIC_REPRESENTATION_CONTEXT() REPRESENTATION_CONTEXT('2D SPACE',''
  ) );
#14738 = PCURVE('',#14739,#14744);
#14739 = CYLINDRICAL_SURFACE('',#14740,1.);
#14740 = AXIS2_PLACEMENT_3D('',#14741,#14742,#14743);
#14741 = CARTESIAN_POINT('',(57.,2.7,13.));
#14742 = DIRECTION('',(0.,1.,0.));
#14743 = DIRECTION('',(1.,0.,-0.));
#14744 = DEFINITIONAL_REPRESENTATION('',(#14745),#14749);
#14745 = LINE('',#14746,#14747);
#14746 = CARTESIAN_POINT('',(4.712388980385,-0.));
#14747 = VECTOR('',#14748,1.);
#14748 = DIRECTION('',(-1.,0.));
#14749 = ( GEOMETRIC_REPRESENTATION_CONTEXT(2) 
PARAMETRIC_REPRESENTATION_CONTEXT() REPRESENTATION_CONTEXT('2D SPACE',''
  ) );
#14750 = ORIENTED_EDGE('',*,*,#14751,.F.);
#14751 = EDGE_CURVE('',#14054,#14719,#14752,.T.);
#14752 = SURFACE_CURVE('',#14753,(#14757,#14764),.PCURVE_S1.);
#14753 = LINE('',#14754,#14755);
#14754 = CARTESIAN_POINT('',(58.,2.7,0.));
#14755 = VECTOR('',#14756,1.);
#14756 = DIRECTION('',(0.,0.,1.));
#14757 = PCURVE('',#14095,#14758);
#14758 = DEFINITIONAL_REPRESENTATION('',(#14759),#14763);
#14759 = LINE('',#14760,#14761);
#14760 = CARTESIAN_POINT('',(0.,16.));
#14761 = VECTOR('',#14762,1.);
#14762 = DIRECTION('',(1.,0.));
#14763 = ( GEOMETRIC_REPRESENTATION_CONTEXT(2) 
PARAMETRIC_REPRESENTATION_CONTEXT() REPRESENTATION_CONTEXT('2D SPACE',''
  ) );
#14764 = PCURVE('',#14765,#14770);
#14765 = PLANE('',#14766);
#14766 = AXIS2_PLACEMENT_3D('',#14767,#14768,#14769);
#14767 = CARTESIAN_POINT('',(58.,2.7,0.));
#14768 = DIRECTION('',(1.,0.,0.));
#14769 = DIRECTION('',(0.,0.,1.));
#14770 = DEFINITIONAL_REPRESENTATION('',(#14771),#14775);
#14771 = LINE('',#14772,#14773);
#14772 = CARTESIAN_POINT('',(0.,0.));
#14773 = VECTOR('',#14774,1.);
#14774 = DIRECTION('',(1.,0.));
#14775 = ( GEOMETRIC_REPRESENTATION_CONTEXT(2) 
PARAMETRIC_REPRESENTATION_CONTEXT() REPRESENTATION_CONTEXT('2D SPACE',''
  ) );
#14776 = FACE_BOUND('',#14777,.F.);
#14777 = EDGE_LOOP('',(#14778));
#14778 = ORIENTED_EDGE('',*,*,#14779,.F.);
#14779 = EDGE_CURVE('',#14780,#14780,#14782,.T.);
#14780 = VERTEX_POINT('',#14781);
#14781 = CARTESIAN_POINT('',(50.,2.7,10.65));
#14782 = SURFACE_CURVE('',#14783,(#14788,#14795),.PCURVE_S1.);
#14783 = CIRCLE('',#14784,1.65);
#14784 = AXIS2_PLACEMENT_3D('',#14785,#14786,#14787);
#14785 = CARTESIAN_POINT('',(50.,2.7,9.));
#14786 = DIRECTION('',(0.,1.,0.));
#14787 = DIRECTION('',(0.,-0.,1.));
#14788 = PCURVE('',#14095,#14789);
#14789 = DEFINITIONAL_REPRESENTATION('',(#14790),#14794);
#14790 = CIRCLE('',#14791,1.65);
#14791 = AXIS2_PLACEMENT_2D('',#14792,#14793);
#14792 = CARTESIAN_POINT('',(9.,8.));
#14793 = DIRECTION('',(1.,0.));
#14794 = ( GEOMETRIC_REPRESENTATION_CONTEXT(2) 
PARAMETRIC_REPRESENTATION_CONTEXT() REPRESENTATION_CONTEXT('2D SPACE',''
  ) );
#14795 = PCURVE('',#14796,#14801);
#14796 = CYLINDRICAL_SURFACE('',#14797,1.65);
#14797 = AXIS2_PLACEMENT_3D('',#14798,#14799,#14800);
#14798 = CARTESIAN_POINT('',(50.,-10.,9.));
#14799 = DIRECTION('',(0.,1.,0.));
#14800 = DIRECTION('',(0.,-0.,1.));
#14801 = DEFINITIONAL_REPRESENTATION('',(#14802),#14806);
#14802 = LINE('',#14803,#14804);
#14803 = CARTESIAN_POINT('',(0.,12.7));
#14804 = VECTOR('',#14805,1.);
#14805 = DIRECTION('',(1.,0.));
#14806 = ( GEOMETRIC_REPRESENTATION_CONTEXT(2) 
PARAMETRIC_REPRESENTATION_CONTEXT() REPRESENTATION_CONTEXT('2D SPACE',''
  ) );
#14807 = ADVANCED_FACE('',(#14808),#14069,.T.);
#14808 = FACE_BOUND('',#14809,.T.);
#14809 = EDGE_LOOP('',(#14810,#14831,#14832,#14855,#14883,#14904,#14905,
    #14928));
#14810 = ORIENTED_EDGE('',*,*,#14811,.F.);
#14811 = EDGE_CURVE('',#14304,#14509,#14812,.T.);
#14812 = SURFACE_CURVE('',#14813,(#14817,#14824),.PCURVE_S1.);
#14813 = LINE('',#14814,#14815);
#14814 = CARTESIAN_POINT('',(58.,-5.7,0.));
#14815 = VECTOR('',#14816,1.);
#14816 = DIRECTION('',(0.,0.,1.));
#14817 = PCURVE('',#14069,#14818);
#14818 = DEFINITIONAL_REPRESENTATION('',(#14819),#14823);
#14819 = LINE('',#14820,#14821);
#14820 = CARTESIAN_POINT('',(0.,0.));
#14821 = VECTOR('',#14822,1.);
#14822 = DIRECTION('',(1.,0.));
#14823 = ( GEOMETRIC_REPRESENTATION_CONTEXT(2) 
PARAMETRIC_REPRESENTATION_CONTEXT() REPRESENTATION_CONTEXT('2D SPACE',''
  ) );
#14824 = PCURVE('',#14319,#14825);
#14825 = DEFINITIONAL_REPRESENTATION('',(#14826),#14830);
#14826 = LINE('',#14827,#14828);
#14827 = CARTESIAN_POINT('',(0.,16.));
#14828 = VECTOR('',#14829,1.);
#14829 = DIRECTION('',(1.,0.));
#14830 = ( GEOMETRIC_REPRESENTATION_CONTEXT(2) 
PARAMETRIC_REPRESENTATION_CONTEXT() REPRESENTATION_CONTEXT('2D SPACE',''
  ) );
#14831 = ORIENTED_EDGE('',*,*,#14331,.T.);
#14832 = ORIENTED_EDGE('',*,*,#14833,.T.);
#14833 = EDGE_CURVE('',#14332,#14834,#14836,.T.);
#14834 = VERTEX_POINT('',#14835);
#14835 = CARTESIAN_POINT('',(58.,5.7,1.));
#14836 = SURFACE_CURVE('',#14837,(#14841,#14848),.PCURVE_S1.);
#14837 = LINE('',#14838,#14839);
#14838 = CARTESIAN_POINT('',(58.,5.7,0.));
#14839 = VECTOR('',#14840,1.);
#14840 = DIRECTION('',(0.,0.,1.));
#14841 = PCURVE('',#14069,#14842);
#14842 = DEFINITIONAL_REPRESENTATION('',(#14843),#14847);
#14843 = LINE('',#14844,#14845);
#14844 = CARTESIAN_POINT('',(0.,-11.4));
#14845 = VECTOR('',#14846,1.);
#14846 = DIRECTION('',(1.,0.));
#14847 = ( GEOMETRIC_REPRESENTATION_CONTEXT(2) 
PARAMETRIC_REPRESENTATION_CONTEXT() REPRESENTATION_CONTEXT('2D SPACE',''
  ) );
#14848 = PCURVE('',#14370,#14849);
#14849 = DEFINITIONAL_REPRESENTATION('',(#14850),#14854);
#14850 = LINE('',#14851,#14852);
#14851 = CARTESIAN_POINT('',(0.,16.));
#14852 = VECTOR('',#14853,1.);
#14853 = DIRECTION('',(1.,0.));
#14854 = ( GEOMETRIC_REPRESENTATION_CONTEXT(2) 
PARAMETRIC_REPRESENTATION_CONTEXT() REPRESENTATION_CONTEXT('2D SPACE',''
  ) );
#14855 = ORIENTED_EDGE('',*,*,#14856,.F.);
#14856 = EDGE_CURVE('',#14857,#14834,#14859,.T.);
#14857 = VERTEX_POINT('',#14858);
#14858 = CARTESIAN_POINT('',(58.,2.7,1.));
#14859 = SURFACE_CURVE('',#14860,(#14864,#14871),.PCURVE_S1.);
#14860 = LINE('',#14861,#14862);
#14861 = CARTESIAN_POINT('',(58.,2.7,1.));
#14862 = VECTOR('',#14863,1.);
#14863 = DIRECTION('',(0.,1.,0.));
#14864 = PCURVE('',#14069,#14865);
#14865 = DEFINITIONAL_REPRESENTATION('',(#14866),#14870);
#14866 = LINE('',#14867,#14868);
#14867 = CARTESIAN_POINT('',(1.,-8.4));
#14868 = VECTOR('',#14869,1.);
#14869 = DIRECTION('',(0.,-1.));
#14870 = ( GEOMETRIC_REPRESENTATION_CONTEXT(2) 
PARAMETRIC_REPRESENTATION_CONTEXT() REPRESENTATION_CONTEXT('2D SPACE',''
  ) );
#14871 = PCURVE('',#14872,#14877);
#14872 = PLANE('',#14873);
#14873 = AXIS2_PLACEMENT_3D('',#14874,#14875,#14876);
#14874 = CARTESIAN_POINT('',(58.,-5.7,0.));
#14875 = DIRECTION('',(1.,0.,0.));
#14876 = DIRECTION('',(0.,0.,1.));
#14877 = DEFINITIONAL_REPRESENTATION('',(#14878),#14882);
#14878 = LINE('',#14879,#14880);
#14879 = CARTESIAN_POINT('',(1.,-8.4));
#14880 = VECTOR('',#14881,1.);
#14881 = DIRECTION('',(0.,-1.));
#14882 = ( GEOMETRIC_REPRESENTATION_CONTEXT(2) 
PARAMETRIC_REPRESENTATION_CONTEXT() REPRESENTATION_CONTEXT('2D SPACE',''
  ) );
#14883 = ORIENTED_EDGE('',*,*,#14884,.T.);
#14884 = EDGE_CURVE('',#14857,#14054,#14885,.T.);
#14885 = SURFACE_CURVE('',#14886,(#14890,#14897),.PCURVE_S1.);
#14886 = LINE('',#14887,#14888);
#14887 = CARTESIAN_POINT('',(58.,2.7,0.));
#14888 = VECTOR('',#14889,1.);
#14889 = DIRECTION('',(0.,0.,1.));
#14890 = PCURVE('',#14069,#14891);
#14891 = DEFINITIONAL_REPRESENTATION('',(#14892),#14896);
#14892 = LINE('',#14893,#14894);
#14893 = CARTESIAN_POINT('',(0.,-8.4));
#14894 = VECTOR('',#14895,1.);
#14895 = DIRECTION('',(1.,0.));
#14896 = ( GEOMETRIC_REPRESENTATION_CONTEXT(2) 
PARAMETRIC_REPRESENTATION_CONTEXT() REPRESENTATION_CONTEXT('2D SPACE',''
  ) );
#14897 = PCURVE('',#14872,#14898);
#14898 = DEFINITIONAL_REPRESENTATION('',(#14899),#14903);
#14899 = LINE('',#14900,#14901);
#14900 = CARTESIAN_POINT('',(0.,-8.4));
#14901 = VECTOR('',#14902,1.);
#14902 = DIRECTION('',(1.,0.));
#14903 = ( GEOMETRIC_REPRESENTATION_CONTEXT(2) 
PARAMETRIC_REPRESENTATION_CONTEXT() REPRESENTATION_CONTEXT('2D SPACE',''
  ) );
#14904 = ORIENTED_EDGE('',*,*,#14053,.F.);
#14905 = ORIENTED_EDGE('',*,*,#14906,.F.);
#14906 = EDGE_CURVE('',#14907,#14026,#14909,.T.);
#14907 = VERTEX_POINT('',#14908);
#14908 = CARTESIAN_POINT('',(58.,-2.7,1.));
#14909 = SURFACE_CURVE('',#14910,(#14914,#14921),.PCURVE_S1.);
#14910 = LINE('',#14911,#14912);
#14911 = CARTESIAN_POINT('',(58.,-2.7,0.));
#14912 = VECTOR('',#14913,1.);
#14913 = DIRECTION('',(0.,0.,1.));
#14914 = PCURVE('',#14069,#14915);
#14915 = DEFINITIONAL_REPRESENTATION('',(#14916),#14920);
#14916 = LINE('',#14917,#14918);
#14917 = CARTESIAN_POINT('',(0.,-3.));
#14918 = VECTOR('',#14919,1.);
#14919 = DIRECTION('',(1.,0.));
#14920 = ( GEOMETRIC_REPRESENTATION_CONTEXT(2) 
PARAMETRIC_REPRESENTATION_CONTEXT() REPRESENTATION_CONTEXT('2D SPACE',''
  ) );
#14921 = PCURVE('',#14524,#14922);
#14922 = DEFINITIONAL_REPRESENTATION('',(#14923),#14927);
#14923 = LINE('',#14924,#14925);
#14924 = CARTESIAN_POINT('',(0.,-3.));
#14925 = VECTOR('',#14926,1.);
#14926 = DIRECTION('',(1.,0.));
#14927 = ( GEOMETRIC_REPRESENTATION_CONTEXT(2) 
PARAMETRIC_REPRESENTATION_CONTEXT() REPRESENTATION_CONTEXT('2D SPACE',''
  ) );
#14928 = ORIENTED_EDGE('',*,*,#14929,.F.);
#14929 = EDGE_CURVE('',#14509,#14907,#14930,.T.);
#14930 = SURFACE_CURVE('',#14931,(#14935,#14942),.PCURVE_S1.);
#14931 = LINE('',#14932,#14933);
#14932 = CARTESIAN_POINT('',(58.,-5.7,1.));
#14933 = VECTOR('',#14934,1.);
#14934 = DIRECTION('',(0.,1.,0.));
#14935 = PCURVE('',#14069,#14936);
#14936 = DEFINITIONAL_REPRESENTATION('',(#14937),#14941);
#14937 = LINE('',#14938,#14939);
#14938 = CARTESIAN_POINT('',(1.,0.));
#14939 = VECTOR('',#14940,1.);
#14940 = DIRECTION('',(0.,-1.));
#14941 = ( GEOMETRIC_REPRESENTATION_CONTEXT(2) 
PARAMETRIC_REPRESENTATION_CONTEXT() REPRESENTATION_CONTEXT('2D SPACE',''
  ) );
#14942 = PCURVE('',#14524,#14943);
#14943 = DEFINITIONAL_REPRESENTATION('',(#14944),#14948);
#14944 = LINE('',#14945,#14946);
#14945 = CARTESIAN_POINT('',(1.,0.));
#14946 = VECTOR('',#14947,1.);
#14947 = DIRECTION('',(0.,-1.));
#14948 = ( GEOMETRIC_REPRESENTATION_CONTEXT(2) 
PARAMETRIC_REPRESENTATION_CONTEXT() REPRESENTATION_CONTEXT('2D SPACE',''
  ) );
#14949 = ADVANCED_FACE('',(#14950,#15065),#14041,.T.);
#14950 = FACE_BOUND('',#14951,.T.);
#14951 = EDGE_LOOP('',(#14952,#14953,#14954,#14978,#15006,#15039));
#14952 = ORIENTED_EDGE('',*,*,#14025,.T.);
#14953 = ORIENTED_EDGE('',*,*,#14585,.T.);
#14954 = ORIENTED_EDGE('',*,*,#14955,.T.);
#14955 = EDGE_CURVE('',#14586,#14956,#14958,.T.);
#14956 = VERTEX_POINT('',#14957);
#14957 = CARTESIAN_POINT('',(43.,-2.7,14.));
#14958 = SURFACE_CURVE('',#14959,(#14964,#14971),.PCURVE_S1.);
#14959 = CIRCLE('',#14960,1.);
#14960 = AXIS2_PLACEMENT_3D('',#14961,#14962,#14963);
#14961 = CARTESIAN_POINT('',(43.,-2.7,13.));
#14962 = DIRECTION('',(0.,1.,0.));
#14963 = DIRECTION('',(0.,-0.,1.));
#14964 = PCURVE('',#14041,#14965);
#14965 = DEFINITIONAL_REPRESENTATION('',(#14966),#14970);
#14966 = CIRCLE('',#14967,1.);
#14967 = AXIS2_PLACEMENT_2D('',#14968,#14969);
#14968 = CARTESIAN_POINT('',(13.,1.));
#14969 = DIRECTION('',(1.,0.));
#14970 = ( GEOMETRIC_REPRESENTATION_CONTEXT(2) 
PARAMETRIC_REPRESENTATION_CONTEXT() REPRESENTATION_CONTEXT('2D SPACE',''
  ) );
#14971 = PCURVE('',#14622,#14972);
#14972 = DEFINITIONAL_REPRESENTATION('',(#14973),#14977);
#14973 = LINE('',#14974,#14975);
#14974 = CARTESIAN_POINT('',(-4.712388980385,3.));
#14975 = VECTOR('',#14976,1.);
#14976 = DIRECTION('',(1.,0.));
#14977 = ( GEOMETRIC_REPRESENTATION_CONTEXT(2) 
PARAMETRIC_REPRESENTATION_CONTEXT() REPRESENTATION_CONTEXT('2D SPACE',''
  ) );
#14978 = ORIENTED_EDGE('',*,*,#14979,.T.);
#14979 = EDGE_CURVE('',#14956,#14980,#14982,.T.);
#14980 = VERTEX_POINT('',#14981);
#14981 = CARTESIAN_POINT('',(57.,-2.7,14.));
#14982 = SURFACE_CURVE('',#14983,(#14987,#14994),.PCURVE_S1.);
#14983 = LINE('',#14984,#14985);
#14984 = CARTESIAN_POINT('',(42.,-2.7,14.));
#14985 = VECTOR('',#14986,1.);
#14986 = DIRECTION('',(1.,0.,0.));
#14987 = PCURVE('',#14041,#14988);
#14988 = DEFINITIONAL_REPRESENTATION('',(#14989),#14993);
#14989 = LINE('',#14990,#14991);
#14990 = CARTESIAN_POINT('',(14.,0.));
#14991 = VECTOR('',#14992,1.);
#14992 = DIRECTION('',(0.,1.));
#14993 = ( GEOMETRIC_REPRESENTATION_CONTEXT(2) 
PARAMETRIC_REPRESENTATION_CONTEXT() REPRESENTATION_CONTEXT('2D SPACE',''
  ) );
#14994 = PCURVE('',#14995,#15000);
#14995 = PLANE('',#14996);
#14996 = AXIS2_PLACEMENT_3D('',#14997,#14998,#14999);
#14997 = CARTESIAN_POINT('',(42.,-5.7,14.));
#14998 = DIRECTION('',(0.,0.,1.));
#14999 = DIRECTION('',(1.,0.,0.));
#15000 = DEFINITIONAL_REPRESENTATION('',(#15001),#15005);
#15001 = LINE('',#15002,#15003);
#15002 = CARTESIAN_POINT('',(0.,3.));
#15003 = VECTOR('',#15004,1.);
#15004 = DIRECTION('',(1.,0.));
#15005 = ( GEOMETRIC_REPRESENTATION_CONTEXT(2) 
PARAMETRIC_REPRESENTATION_CONTEXT() REPRESENTATION_CONTEXT('2D SPACE',''
  ) );
#15006 = ORIENTED_EDGE('',*,*,#15007,.F.);
#15007 = EDGE_CURVE('',#15008,#14980,#15010,.T.);
#15008 = VERTEX_POINT('',#15009);
#15009 = CARTESIAN_POINT('',(58.,-2.7,13.));
#15010 = SURFACE_CURVE('',#15011,(#15016,#15027),.PCURVE_S1.);
#15011 = CIRCLE('',#15012,1.);
#15012 = AXIS2_PLACEMENT_3D('',#15013,#15014,#15015);
#15013 = CARTESIAN_POINT('',(57.,-2.7,13.));
#15014 = DIRECTION('',(-0.,-1.,0.));
#15015 = DIRECTION('',(0.,-0.,1.));
#15016 = PCURVE('',#14041,#15017);
#15017 = DEFINITIONAL_REPRESENTATION('',(#15018),#15026);
#15018 = ( BOUNDED_CURVE() B_SPLINE_CURVE(2,(#15019,#15020,#15021,#15022
    ,#15023,#15024,#15025),.UNSPECIFIED.,.T.,.F.) 
B_SPLINE_CURVE_WITH_KNOTS((1,2,2,2,2,1),(-2.094395102393,0.,
    2.094395102393,4.188790204786,6.28318530718,8.377580409573),
.UNSPECIFIED.) CURVE() GEOMETRIC_REPRESENTATION_ITEM() 
RATIONAL_B_SPLINE_CURVE((1.,0.5,1.,0.5,1.,0.5,1.)) REPRESENTATION_ITEM(
  '') );
#15019 = CARTESIAN_POINT('',(14.,15.));
#15020 = CARTESIAN_POINT('',(14.,13.267949192431));
#15021 = CARTESIAN_POINT('',(12.5,14.133974596216));
#15022 = CARTESIAN_POINT('',(11.,15.));
#15023 = CARTESIAN_POINT('',(12.5,15.866025403784));
#15024 = CARTESIAN_POINT('',(14.,16.732050807569));
#15025 = CARTESIAN_POINT('',(14.,15.));
#15026 = ( GEOMETRIC_REPRESENTATION_CONTEXT(2) 
PARAMETRIC_REPRESENTATION_CONTEXT() REPRESENTATION_CONTEXT('2D SPACE',''
  ) );
#15027 = PCURVE('',#15028,#15033);
#15028 = CYLINDRICAL_SURFACE('',#15029,1.);
#15029 = AXIS2_PLACEMENT_3D('',#15030,#15031,#15032);
#15030 = CARTESIAN_POINT('',(57.,-5.7,13.));
#15031 = DIRECTION('',(0.,1.,0.));
#15032 = DIRECTION('',(1.,0.,-0.));
#15033 = DEFINITIONAL_REPRESENTATION('',(#15034),#15038);
#15034 = LINE('',#15035,#15036);
#15035 = CARTESIAN_POINT('',(4.712388980385,3.));
#15036 = VECTOR('',#15037,1.);
#15037 = DIRECTION('',(-1.,0.));
#15038 = ( GEOMETRIC_REPRESENTATION_CONTEXT(2) 
PARAMETRIC_REPRESENTATION_CONTEXT() REPRESENTATION_CONTEXT('2D SPACE',''
  ) );
#15039 = ORIENTED_EDGE('',*,*,#15040,.F.);
#15040 = EDGE_CURVE('',#14026,#15008,#15041,.T.);
#15041 = SURFACE_CURVE('',#15042,(#15046,#15053),.PCURVE_S1.);
#15042 = LINE('',#15043,#15044);
#15043 = CARTESIAN_POINT('',(58.,-2.7,0.));
#15044 = VECTOR('',#15045,1.);
#15045 = DIRECTION('',(0.,0.,1.));
#15046 = PCURVE('',#14041,#15047);
#15047 = DEFINITIONAL_REPRESENTATION('',(#15048),#15052);
#15048 = LINE('',#15049,#15050);
#15049 = CARTESIAN_POINT('',(0.,16.));
#15050 = VECTOR('',#15051,1.);
#15051 = DIRECTION('',(1.,0.));
#15052 = ( GEOMETRIC_REPRESENTATION_CONTEXT(2) 
PARAMETRIC_REPRESENTATION_CONTEXT() REPRESENTATION_CONTEXT('2D SPACE',''
  ) );
#15053 = PCURVE('',#15054,#15059);
#15054 = PLANE('',#15055);
#15055 = AXIS2_PLACEMENT_3D('',#15056,#15057,#15058);
#15056 = CARTESIAN_POINT('',(58.,-5.7,0.));
#15057 = DIRECTION('',(1.,0.,0.));
#15058 = DIRECTION('',(0.,0.,1.));
#15059 = DEFINITIONAL_REPRESENTATION('',(#15060),#15064);
#15060 = LINE('',#15061,#15062);
#15061 = CARTESIAN_POINT('',(0.,-3.));
#15062 = VECTOR('',#15063,1.);
#15063 = DIRECTION('',(1.,0.));
#15064 = ( GEOMETRIC_REPRESENTATION_CONTEXT(2) 
PARAMETRIC_REPRESENTATION_CONTEXT() REPRESENTATION_CONTEXT('2D SPACE',''
  ) );
#15065 = FACE_BOUND('',#15066,.T.);
#15066 = EDGE_LOOP('',(#15067));
#15067 = ORIENTED_EDGE('',*,*,#15068,.F.);
#15068 = EDGE_CURVE('',#15069,#15069,#15071,.T.);
#15069 = VERTEX_POINT('',#15070);
#15070 = CARTESIAN_POINT('',(50.,-2.7,10.65));
#15071 = SURFACE_CURVE('',#15072,(#15077,#15084),.PCURVE_S1.);
#15072 = CIRCLE('',#15073,1.65);
#15073 = AXIS2_PLACEMENT_3D('',#15074,#15075,#15076);
#15074 = CARTESIAN_POINT('',(50.,-2.7,9.));
#15075 = DIRECTION('',(0.,1.,0.));
#15076 = DIRECTION('',(0.,-0.,1.));
#15077 = PCURVE('',#14041,#15078);
#15078 = DEFINITIONAL_REPRESENTATION('',(#15079),#15083);
#15079 = CIRCLE('',#15080,1.65);
#15080 = AXIS2_PLACEMENT_2D('',#15081,#15082);
#15081 = CARTESIAN_POINT('',(9.,8.));
#15082 = DIRECTION('',(1.,0.));
#15083 = ( GEOMETRIC_REPRESENTATION_CONTEXT(2) 
PARAMETRIC_REPRESENTATION_CONTEXT() REPRESENTATION_CONTEXT('2D SPACE',''
  ) );
#15084 = PCURVE('',#15085,#15090);
#15085 = CYLINDRICAL_SURFACE('',#15086,1.65);
#15086 = AXIS2_PLACEMENT_3D('',#15087,#15088,#15089);
#15087 = CARTESIAN_POINT('',(50.,-10.,9.));
#15088 = DIRECTION('',(0.,1.,0.));
#15089 = DIRECTION('',(0.,-0.,1.));
#15090 = DEFINITIONAL_REPRESENTATION('',(#15091),#15095);
#15091 = LINE('',#15092,#15093);
#15092 = CARTESIAN_POINT('',(0.,7.3));
#15093 = VECTOR('',#15094,1.);
#15094 = DIRECTION('',(1.,0.));
#15095 = ( GEOMETRIC_REPRESENTATION_CONTEXT(2) 
PARAMETRIC_REPRESENTATION_CONTEXT() REPRESENTATION_CONTEXT('2D SPACE',''
  ) );
#15096 = ADVANCED_FACE('',(#15097),#14153,.F.);
#15097 = FACE_BOUND('',#15098,.F.);
#15098 = EDGE_LOOP('',(#15099,#15100,#15101,#15129));
#15099 = ORIENTED_EDGE('',*,*,#14638,.F.);
#15100 = ORIENTED_EDGE('',*,*,#14139,.T.);
#15101 = ORIENTED_EDGE('',*,*,#15102,.T.);
#15102 = EDGE_CURVE('',#14112,#15103,#15105,.T.);
#15103 = VERTEX_POINT('',#15104);
#15104 = CARTESIAN_POINT('',(42.,5.7,13.));
#15105 = SURFACE_CURVE('',#15106,(#15110,#15117),.PCURVE_S1.);
#15106 = LINE('',#15107,#15108);
#15107 = CARTESIAN_POINT('',(42.,5.7,0.));
#15108 = VECTOR('',#15109,1.);
#15109 = DIRECTION('',(0.,0.,1.));
#15110 = PCURVE('',#14153,#15111);
#15111 = DEFINITIONAL_REPRESENTATION('',(#15112),#15116);
#15112 = LINE('',#15113,#15114);
#15113 = CARTESIAN_POINT('',(0.,-3.));
#15114 = VECTOR('',#15115,1.);
#15115 = DIRECTION('',(1.,0.));
#15116 = ( GEOMETRIC_REPRESENTATION_CONTEXT(2) 
PARAMETRIC_REPRESENTATION_CONTEXT() REPRESENTATION_CONTEXT('2D SPACE',''
  ) );
#15117 = PCURVE('',#15118,#15123);
#15118 = PLANE('',#15119);
#15119 = AXIS2_PLACEMENT_3D('',#15120,#15121,#15122);
#15120 = CARTESIAN_POINT('',(42.,5.7,0.));
#15121 = DIRECTION('',(0.,1.,0.));
#15122 = DIRECTION('',(0.,0.,1.));
#15123 = DEFINITIONAL_REPRESENTATION('',(#15124),#15128);
#15124 = LINE('',#15125,#15126);
#15125 = CARTESIAN_POINT('',(0.,0.));
#15126 = VECTOR('',#15127,1.);
#15127 = DIRECTION('',(1.,0.));
#15128 = ( GEOMETRIC_REPRESENTATION_CONTEXT(2) 
PARAMETRIC_REPRESENTATION_CONTEXT() REPRESENTATION_CONTEXT('2D SPACE',''
  ) );
#15129 = ORIENTED_EDGE('',*,*,#15130,.F.);
#15130 = EDGE_CURVE('',#14639,#15103,#15131,.T.);
#15131 = SURFACE_CURVE('',#15132,(#15136,#15143),.PCURVE_S1.);
#15132 = LINE('',#15133,#15134);
#15133 = CARTESIAN_POINT('',(42.,2.7,13.));
#15134 = VECTOR('',#15135,1.);
#15135 = DIRECTION('',(0.,1.,0.));
#15136 = PCURVE('',#14153,#15137);
#15137 = DEFINITIONAL_REPRESENTATION('',(#15138),#15142);
#15138 = LINE('',#15139,#15140);
#15139 = CARTESIAN_POINT('',(13.,0.));
#15140 = VECTOR('',#15141,1.);
#15141 = DIRECTION('',(0.,-1.));
#15142 = ( GEOMETRIC_REPRESENTATION_CONTEXT(2) 
PARAMETRIC_REPRESENTATION_CONTEXT() REPRESENTATION_CONTEXT('2D SPACE',''
  ) );
#15143 = PCURVE('',#14678,#15144);
#15144 = DEFINITIONAL_REPRESENTATION('',(#15145),#15149);
#15145 = LINE('',#15146,#15147);
#15146 = CARTESIAN_POINT('',(0.,0.));
#15147 = VECTOR('',#15148,1.);
#15148 = DIRECTION('',(0.,1.));
#15149 = ( GEOMETRIC_REPRESENTATION_CONTEXT(2) 
PARAMETRIC_REPRESENTATION_CONTEXT() REPRESENTATION_CONTEXT('2D SPACE',''
  ) );
#15150 = ADVANCED_FACE('',(#15151),#14127,.T.);
#15151 = FACE_BOUND('',#15152,.T.);
#15152 = EDGE_LOOP('',(#15153,#15174,#15175,#15176,#15199,#15220));
#15153 = ORIENTED_EDGE('',*,*,#15154,.F.);
#15154 = EDGE_CURVE('',#14170,#14355,#15155,.T.);
#15155 = SURFACE_CURVE('',#15156,(#15160,#15167),.PCURVE_S1.);
#15156 = LINE('',#15157,#15158);
#15157 = CARTESIAN_POINT('',(42.,5.7,0.));
#15158 = VECTOR('',#15159,1.);
#15159 = DIRECTION('',(1.,0.,0.));
#15160 = PCURVE('',#14127,#15161);
#15161 = DEFINITIONAL_REPRESENTATION('',(#15162),#15166);
#15162 = LINE('',#15163,#15164);
#15163 = CARTESIAN_POINT('',(0.,0.));
#15164 = VECTOR('',#15165,1.);
#15165 = DIRECTION('',(0.,1.));
#15166 = ( GEOMETRIC_REPRESENTATION_CONTEXT(2) 
PARAMETRIC_REPRESENTATION_CONTEXT() REPRESENTATION_CONTEXT('2D SPACE',''
  ) );
#15167 = PCURVE('',#14398,#15168);
#15168 = DEFINITIONAL_REPRESENTATION('',(#15169),#15173);
#15169 = LINE('',#15170,#15171);
#15170 = CARTESIAN_POINT('',(0.,3.));
#15171 = VECTOR('',#15172,1.);
#15172 = DIRECTION('',(1.,0.));
#15173 = ( GEOMETRIC_REPRESENTATION_CONTEXT(2) 
PARAMETRIC_REPRESENTATION_CONTEXT() REPRESENTATION_CONTEXT('2D SPACE',''
  ) );
#15174 = ORIENTED_EDGE('',*,*,#14193,.F.);
#15175 = ORIENTED_EDGE('',*,*,#14111,.T.);
#15176 = ORIENTED_EDGE('',*,*,#15177,.T.);
#15177 = EDGE_CURVE('',#14112,#15178,#15180,.T.);
#15178 = VERTEX_POINT('',#15179);
#15179 = CARTESIAN_POINT('',(58.,5.7,3.));
#15180 = SURFACE_CURVE('',#15181,(#15185,#15192),.PCURVE_S1.);
#15181 = LINE('',#15182,#15183);
#15182 = CARTESIAN_POINT('',(42.,5.7,3.));
#15183 = VECTOR('',#15184,1.);
#15184 = DIRECTION('',(1.,0.,0.));
#15185 = PCURVE('',#14127,#15186);
#15186 = DEFINITIONAL_REPRESENTATION('',(#15187),#15191);
#15187 = LINE('',#15188,#15189);
#15188 = CARTESIAN_POINT('',(3.,0.));
#15189 = VECTOR('',#15190,1.);
#15190 = DIRECTION('',(0.,1.));
#15191 = ( GEOMETRIC_REPRESENTATION_CONTEXT(2) 
PARAMETRIC_REPRESENTATION_CONTEXT() REPRESENTATION_CONTEXT('2D SPACE',''
  ) );
#15192 = PCURVE('',#15118,#15193);
#15193 = DEFINITIONAL_REPRESENTATION('',(#15194),#15198);
#15194 = LINE('',#15195,#15196);
#15195 = CARTESIAN_POINT('',(3.,0.));
#15196 = VECTOR('',#15197,1.);
#15197 = DIRECTION('',(0.,1.));
#15198 = ( GEOMETRIC_REPRESENTATION_CONTEXT(2) 
PARAMETRIC_REPRESENTATION_CONTEXT() REPRESENTATION_CONTEXT('2D SPACE',''
  ) );
#15199 = ORIENTED_EDGE('',*,*,#15200,.F.);
#15200 = EDGE_CURVE('',#14834,#15178,#15201,.T.);
#15201 = SURFACE_CURVE('',#15202,(#15206,#15213),.PCURVE_S1.);
#15202 = LINE('',#15203,#15204);
#15203 = CARTESIAN_POINT('',(58.,5.7,0.));
#15204 = VECTOR('',#15205,1.);
#15205 = DIRECTION('',(0.,0.,1.));
#15206 = PCURVE('',#14127,#15207);
#15207 = DEFINITIONAL_REPRESENTATION('',(#15208),#15212);
#15208 = LINE('',#15209,#15210);
#15209 = CARTESIAN_POINT('',(0.,16.));
#15210 = VECTOR('',#15211,1.);
#15211 = DIRECTION('',(1.,0.));
#15212 = ( GEOMETRIC_REPRESENTATION_CONTEXT(2) 
PARAMETRIC_REPRESENTATION_CONTEXT() REPRESENTATION_CONTEXT('2D SPACE',''
  ) );
#15213 = PCURVE('',#14872,#15214);
#15214 = DEFINITIONAL_REPRESENTATION('',(#15215),#15219);
#15215 = LINE('',#15216,#15217);
#15216 = CARTESIAN_POINT('',(0.,-11.4));
#15217 = VECTOR('',#15218,1.);
#15218 = DIRECTION('',(1.,0.));
#15219 = ( GEOMETRIC_REPRESENTATION_CONTEXT(2) 
PARAMETRIC_REPRESENTATION_CONTEXT() REPRESENTATION_CONTEXT('2D SPACE',''
  ) );
#15220 = ORIENTED_EDGE('',*,*,#15221,.T.);
#15221 = EDGE_CURVE('',#14834,#14355,#15222,.T.);
#15222 = SURFACE_CURVE('',#15223,(#15228,#15235),.PCURVE_S1.);
#15223 = CIRCLE('',#15224,1.);
#15224 = AXIS2_PLACEMENT_3D('',#15225,#15226,#15227);
#15225 = CARTESIAN_POINT('',(57.,5.7,1.));
#15226 = DIRECTION('',(0.,1.,0.));
#15227 = DIRECTION('',(0.,-0.,1.));
#15228 = PCURVE('',#14127,#15229);
#15229 = DEFINITIONAL_REPRESENTATION('',(#15230),#15234);
#15230 = CIRCLE('',#15231,1.);
#15231 = AXIS2_PLACEMENT_2D('',#15232,#15233);
#15232 = CARTESIAN_POINT('',(1.,15.));
#15233 = DIRECTION('',(1.,0.));
#15234 = ( GEOMETRIC_REPRESENTATION_CONTEXT(2) 
PARAMETRIC_REPRESENTATION_CONTEXT() REPRESENTATION_CONTEXT('2D SPACE',''
  ) );
#15235 = PCURVE('',#14370,#15236);
#15236 = DEFINITIONAL_REPRESENTATION('',(#15237),#15241);
#15237 = CIRCLE('',#15238,1.);
#15238 = AXIS2_PLACEMENT_2D('',#15239,#15240);
#15239 = CARTESIAN_POINT('',(1.,15.));
#15240 = DIRECTION('',(1.,0.));
#15241 = ( GEOMETRIC_REPRESENTATION_CONTEXT(2) 
PARAMETRIC_REPRESENTATION_CONTEXT() REPRESENTATION_CONTEXT('2D SPACE',''
  ) );
#15242 = ADVANCED_FACE('',(#15243),#14398,.F.);
#15243 = FACE_BOUND('',#15244,.F.);
#15244 = EDGE_LOOP('',(#15245,#15246,#15247,#15248));
#15245 = ORIENTED_EDGE('',*,*,#15154,.F.);
#15246 = ORIENTED_EDGE('',*,*,#14433,.F.);
#15247 = ORIENTED_EDGE('',*,*,#14410,.T.);
#15248 = ORIENTED_EDGE('',*,*,#14382,.T.);
#15249 = ADVANCED_FACE('',(#15250),#14370,.T.);
#15250 = FACE_BOUND('',#15251,.T.);
#15251 = EDGE_LOOP('',(#15252,#15253,#15254));
#15252 = ORIENTED_EDGE('',*,*,#14354,.F.);
#15253 = ORIENTED_EDGE('',*,*,#15221,.F.);
#15254 = ORIENTED_EDGE('',*,*,#14833,.F.);
#15255 = ADVANCED_FACE('',(#15256),#14319,.F.);
#15256 = FACE_BOUND('',#15257,.F.);
#15257 = EDGE_LOOP('',(#15258,#15259,#15260));
#15258 = ORIENTED_EDGE('',*,*,#14303,.F.);
#15259 = ORIENTED_EDGE('',*,*,#14536,.F.);
#15260 = ORIENTED_EDGE('',*,*,#14811,.F.);
#15261 = ADVANCED_FACE('',(#15262),#14245,.F.);
#15262 = FACE_BOUND('',#15263,.F.);
#15263 = EDGE_LOOP('',(#15264,#15265,#15266,#15267));
#15264 = ORIENTED_EDGE('',*,*,#14257,.F.);
#15265 = ORIENTED_EDGE('',*,*,#14229,.F.);
#15266 = ORIENTED_EDGE('',*,*,#14457,.T.);
#15267 = ORIENTED_EDGE('',*,*,#14280,.T.);
#15268 = ADVANCED_FACE('',(#15269),#14524,.T.);
#15269 = FACE_BOUND('',#15270,.T.);
#15270 = EDGE_LOOP('',(#15271,#15272,#15273,#15274));
#15271 = ORIENTED_EDGE('',*,*,#14508,.F.);
#15272 = ORIENTED_EDGE('',*,*,#14929,.T.);
#15273 = ORIENTED_EDGE('',*,*,#14906,.T.);
#15274 = ORIENTED_EDGE('',*,*,#15275,.F.);
#15275 = EDGE_CURVE('',#14481,#14026,#15276,.T.);
#15276 = SURFACE_CURVE('',#15277,(#15281,#15288),.PCURVE_S1.);
#15277 = LINE('',#15278,#15279);
#15278 = CARTESIAN_POINT('',(58.,-5.7,3.));
#15279 = VECTOR('',#15280,1.);
#15280 = DIRECTION('',(0.,1.,0.));
#15281 = PCURVE('',#14524,#15282);
#15282 = DEFINITIONAL_REPRESENTATION('',(#15283),#15287);
#15283 = LINE('',#15284,#15285);
#15284 = CARTESIAN_POINT('',(3.,0.));
#15285 = VECTOR('',#15286,1.);
#15286 = DIRECTION('',(0.,-1.));
#15287 = ( GEOMETRIC_REPRESENTATION_CONTEXT(2) 
PARAMETRIC_REPRESENTATION_CONTEXT() REPRESENTATION_CONTEXT('2D SPACE',''
  ) );
#15288 = PCURVE('',#15054,#15289);
#15289 = DEFINITIONAL_REPRESENTATION('',(#15290),#15294);
#15290 = LINE('',#15291,#15292);
#15291 = CARTESIAN_POINT('',(3.,0.));
#15292 = VECTOR('',#15293,1.);
#15293 = DIRECTION('',(0.,-1.));
#15294 = ( GEOMETRIC_REPRESENTATION_CONTEXT(2) 
PARAMETRIC_REPRESENTATION_CONTEXT() REPRESENTATION_CONTEXT('2D SPACE',''
  ) );
#15295 = ADVANCED_FACE('',(#15296,#15396),#14496,.F.);
#15296 = FACE_BOUND('',#15297,.F.);
#15297 = EDGE_LOOP('',(#15298,#15299,#15300,#15324,#15347,#15375));
#15298 = ORIENTED_EDGE('',*,*,#14480,.F.);
#15299 = ORIENTED_EDGE('',*,*,#14561,.T.);
#15300 = ORIENTED_EDGE('',*,*,#15301,.T.);
#15301 = EDGE_CURVE('',#14562,#15302,#15304,.T.);
#15302 = VERTEX_POINT('',#15303);
#15303 = CARTESIAN_POINT('',(43.,-5.7,14.));
#15304 = SURFACE_CURVE('',#15305,(#15310,#15317),.PCURVE_S1.);
#15305 = CIRCLE('',#15306,1.);
#15306 = AXIS2_PLACEMENT_3D('',#15307,#15308,#15309);
#15307 = CARTESIAN_POINT('',(43.,-5.7,13.));
#15308 = DIRECTION('',(0.,1.,0.));
#15309 = DIRECTION('',(0.,-0.,1.));
#15310 = PCURVE('',#14496,#15311);
#15311 = DEFINITIONAL_REPRESENTATION('',(#15312),#15316);
#15312 = CIRCLE('',#15313,1.);
#15313 = AXIS2_PLACEMENT_2D('',#15314,#15315);
#15314 = CARTESIAN_POINT('',(13.,1.));
#15315 = DIRECTION('',(1.,0.));
#15316 = ( GEOMETRIC_REPRESENTATION_CONTEXT(2) 
PARAMETRIC_REPRESENTATION_CONTEXT() REPRESENTATION_CONTEXT('2D SPACE',''
  ) );
#15317 = PCURVE('',#14622,#15318);
#15318 = DEFINITIONAL_REPRESENTATION('',(#15319),#15323);
#15319 = LINE('',#15320,#15321);
#15320 = CARTESIAN_POINT('',(-4.712388980385,0.));
#15321 = VECTOR('',#15322,1.);
#15322 = DIRECTION('',(1.,0.));
#15323 = ( GEOMETRIC_REPRESENTATION_CONTEXT(2) 
PARAMETRIC_REPRESENTATION_CONTEXT() REPRESENTATION_CONTEXT('2D SPACE',''
  ) );
#15324 = ORIENTED_EDGE('',*,*,#15325,.T.);
#15325 = EDGE_CURVE('',#15302,#15326,#15328,.T.);
#15326 = VERTEX_POINT('',#15327);
#15327 = CARTESIAN_POINT('',(57.,-5.7,14.));
#15328 = SURFACE_CURVE('',#15329,(#15333,#15340),.PCURVE_S1.);
#15329 = LINE('',#15330,#15331);
#15330 = CARTESIAN_POINT('',(42.,-5.7,14.));
#15331 = VECTOR('',#15332,1.);
#15332 = DIRECTION('',(1.,0.,0.));
#15333 = PCURVE('',#14496,#15334);
#15334 = DEFINITIONAL_REPRESENTATION('',(#15335),#15339);
#15335 = LINE('',#15336,#15337);
#15336 = CARTESIAN_POINT('',(14.,0.));
#15337 = VECTOR('',#15338,1.);
#15338 = DIRECTION('',(0.,1.));
#15339 = ( GEOMETRIC_REPRESENTATION_CONTEXT(2) 
PARAMETRIC_REPRESENTATION_CONTEXT() REPRESENTATION_CONTEXT('2D SPACE',''
  ) );
#15340 = PCURVE('',#14995,#15341);
#15341 = DEFINITIONAL_REPRESENTATION('',(#15342),#15346);
#15342 = LINE('',#15343,#15344);
#15343 = CARTESIAN_POINT('',(0.,0.));
#15344 = VECTOR('',#15345,1.);
#15345 = DIRECTION('',(1.,0.));
#15346 = ( GEOMETRIC_REPRESENTATION_CONTEXT(2) 
PARAMETRIC_REPRESENTATION_CONTEXT() REPRESENTATION_CONTEXT('2D SPACE',''
  ) );
#15347 = ORIENTED_EDGE('',*,*,#15348,.F.);
#15348 = EDGE_CURVE('',#15349,#15326,#15351,.T.);
#15349 = VERTEX_POINT('',#15350);
#15350 = CARTESIAN_POINT('',(58.,-5.7,13.));
#15351 = SURFACE_CURVE('',#15352,(#15357,#15368),.PCURVE_S1.);
#15352 = CIRCLE('',#15353,1.);
#15353 = AXIS2_PLACEMENT_3D('',#15354,#15355,#15356);
#15354 = CARTESIAN_POINT('',(57.,-5.7,13.));
#15355 = DIRECTION('',(-0.,-1.,0.));
#15356 = DIRECTION('',(0.,-0.,1.));
#15357 = PCURVE('',#14496,#15358);
#15358 = DEFINITIONAL_REPRESENTATION('',(#15359),#15367);
#15359 = ( BOUNDED_CURVE() B_SPLINE_CURVE(2,(#15360,#15361,#15362,#15363
    ,#15364,#15365,#15366),.UNSPECIFIED.,.T.,.F.) 
B_SPLINE_CURVE_WITH_KNOTS((1,2,2,2,2,1),(-2.094395102393,0.,
    2.094395102393,4.188790204786,6.28318530718,8.377580409573),
.UNSPECIFIED.) CURVE() GEOMETRIC_REPRESENTATION_ITEM() 
RATIONAL_B_SPLINE_CURVE((1.,0.5,1.,0.5,1.,0.5,1.)) REPRESENTATION_ITEM(
  '') );
#15360 = CARTESIAN_POINT('',(14.,15.));
#15361 = CARTESIAN_POINT('',(14.,13.267949192431));
#15362 = CARTESIAN_POINT('',(12.5,14.133974596216));
#15363 = CARTESIAN_POINT('',(11.,15.));
#15364 = CARTESIAN_POINT('',(12.5,15.866025403784));
#15365 = CARTESIAN_POINT('',(14.,16.732050807569));
#15366 = CARTESIAN_POINT('',(14.,15.));
#15367 = ( GEOMETRIC_REPRESENTATION_CONTEXT(2) 
PARAMETRIC_REPRESENTATION_CONTEXT() REPRESENTATION_CONTEXT('2D SPACE',''
  ) );
#15368 = PCURVE('',#15028,#15369);
#15369 = DEFINITIONAL_REPRESENTATION('',(#15370),#15374);
#15370 = LINE('',#15371,#15372);
#15371 = CARTESIAN_POINT('',(4.712388980385,-0.));
#15372 = VECTOR('',#15373,1.);
#15373 = DIRECTION('',(-1.,0.));
#15374 = ( GEOMETRIC_REPRESENTATION_CONTEXT(2) 
PARAMETRIC_REPRESENTATION_CONTEXT() REPRESENTATION_CONTEXT('2D SPACE',''
  ) );
#15375 = ORIENTED_EDGE('',*,*,#15376,.F.);
#15376 = EDGE_CURVE('',#14481,#15349,#15377,.T.);
#15377 = SURFACE_CURVE('',#15378,(#15382,#15389),.PCURVE_S1.);
#15378 = LINE('',#15379,#15380);
#15379 = CARTESIAN_POINT('',(58.,-5.7,0.));
#15380 = VECTOR('',#15381,1.);
#15381 = DIRECTION('',(0.,0.,1.));
#15382 = PCURVE('',#14496,#15383);
#15383 = DEFINITIONAL_REPRESENTATION('',(#15384),#15388);
#15384 = LINE('',#15385,#15386);
#15385 = CARTESIAN_POINT('',(0.,16.));
#15386 = VECTOR('',#15387,1.);
#15387 = DIRECTION('',(1.,0.));
#15388 = ( GEOMETRIC_REPRESENTATION_CONTEXT(2) 
PARAMETRIC_REPRESENTATION_CONTEXT() REPRESENTATION_CONTEXT('2D SPACE',''
  ) );
#15389 = PCURVE('',#15054,#15390);
#15390 = DEFINITIONAL_REPRESENTATION('',(#15391),#15395);
#15391 = LINE('',#15392,#15393);
#15392 = CARTESIAN_POINT('',(0.,0.));
#15393 = VECTOR('',#15394,1.);
#15394 = DIRECTION('',(1.,0.));
#15395 = ( GEOMETRIC_REPRESENTATION_CONTEXT(2) 
PARAMETRIC_REPRESENTATION_CONTEXT() REPRESENTATION_CONTEXT('2D SPACE',''
  ) );
#15396 = FACE_BOUND('',#15397,.F.);
#15397 = EDGE_LOOP('',(#15398));
#15398 = ORIENTED_EDGE('',*,*,#15399,.F.);
#15399 = EDGE_CURVE('',#15400,#15400,#15402,.T.);
#15400 = VERTEX_POINT('',#15401);
#15401 = CARTESIAN_POINT('',(50.,-5.7,10.65));
#15402 = SURFACE_CURVE('',#15403,(#15408,#15415),.PCURVE_S1.);
#15403 = CIRCLE('',#15404,1.65);
#15404 = AXIS2_PLACEMENT_3D('',#15405,#15406,#15407);
#15405 = CARTESIAN_POINT('',(50.,-5.7,9.));
#15406 = DIRECTION('',(0.,1.,0.));
#15407 = DIRECTION('',(0.,-0.,1.));
#15408 = PCURVE('',#14496,#15409);
#15409 = DEFINITIONAL_REPRESENTATION('',(#15410),#15414);
#15410 = CIRCLE('',#15411,1.65);
#15411 = AXIS2_PLACEMENT_2D('',#15412,#15413);
#15412 = CARTESIAN_POINT('',(9.,8.));
#15413 = DIRECTION('',(1.,0.));
#15414 = ( GEOMETRIC_REPRESENTATION_CONTEXT(2) 
PARAMETRIC_REPRESENTATION_CONTEXT() REPRESENTATION_CONTEXT('2D SPACE',''
  ) );
#15415 = PCURVE('',#15085,#15416);
#15416 = DEFINITIONAL_REPRESENTATION('',(#15417),#15421);
#15417 = LINE('',#15418,#15419);
#15418 = CARTESIAN_POINT('',(0.,4.3));
#15419 = VECTOR('',#15420,1.);
#15420 = DIRECTION('',(1.,0.));
#15421 = ( GEOMETRIC_REPRESENTATION_CONTEXT(2) 
PARAMETRIC_REPRESENTATION_CONTEXT() REPRESENTATION_CONTEXT('2D SPACE',''
  ) );
#15422 = ADVANCED_FACE('',(#15423),#14622,.T.);
#15423 = FACE_BOUND('',#15424,.T.);
#15424 = EDGE_LOOP('',(#15425,#15426,#15447,#15448));
#15425 = ORIENTED_EDGE('',*,*,#15301,.T.);
#15426 = ORIENTED_EDGE('',*,*,#15427,.T.);
#15427 = EDGE_CURVE('',#15302,#14956,#15428,.T.);
#15428 = SURFACE_CURVE('',#15429,(#15433,#15440),.PCURVE_S1.);
#15429 = LINE('',#15430,#15431);
#15430 = CARTESIAN_POINT('',(43.,-5.7,14.));
#15431 = VECTOR('',#15432,1.);
#15432 = DIRECTION('',(0.,1.,0.));
#15433 = PCURVE('',#14622,#15434);
#15434 = DEFINITIONAL_REPRESENTATION('',(#15435),#15439);
#15435 = LINE('',#15436,#15437);
#15436 = CARTESIAN_POINT('',(1.570796326795,0.));
#15437 = VECTOR('',#15438,1.);
#15438 = DIRECTION('',(0.,1.));
#15439 = ( GEOMETRIC_REPRESENTATION_CONTEXT(2) 
PARAMETRIC_REPRESENTATION_CONTEXT() REPRESENTATION_CONTEXT('2D SPACE',''
  ) );
#15440 = PCURVE('',#14995,#15441);
#15441 = DEFINITIONAL_REPRESENTATION('',(#15442),#15446);
#15442 = LINE('',#15443,#15444);
#15443 = CARTESIAN_POINT('',(1.,0.));
#15444 = VECTOR('',#15445,1.);
#15445 = DIRECTION('',(0.,1.));
#15446 = ( GEOMETRIC_REPRESENTATION_CONTEXT(2) 
PARAMETRIC_REPRESENTATION_CONTEXT() REPRESENTATION_CONTEXT('2D SPACE',''
  ) );
#15447 = ORIENTED_EDGE('',*,*,#14955,.F.);
#15448 = ORIENTED_EDGE('',*,*,#14608,.F.);
#15449 = ADVANCED_FACE('',(#15450),#14765,.T.);
#15450 = FACE_BOUND('',#15451,.T.);
#15451 = EDGE_LOOP('',(#15452,#15453,#15474,#15497));
#15452 = ORIENTED_EDGE('',*,*,#14751,.F.);
#15453 = ORIENTED_EDGE('',*,*,#15454,.T.);
#15454 = EDGE_CURVE('',#14054,#15178,#15455,.T.);
#15455 = SURFACE_CURVE('',#15456,(#15460,#15467),.PCURVE_S1.);
#15456 = LINE('',#15457,#15458);
#15457 = CARTESIAN_POINT('',(58.,-5.7,3.));
#15458 = VECTOR('',#15459,1.);
#15459 = DIRECTION('',(0.,1.,0.));
#15460 = PCURVE('',#14765,#15461);
#15461 = DEFINITIONAL_REPRESENTATION('',(#15462),#15466);
#15462 = LINE('',#15463,#15464);
#15463 = CARTESIAN_POINT('',(3.,8.4));
#15464 = VECTOR('',#15465,1.);
#15465 = DIRECTION('',(0.,-1.));
#15466 = ( GEOMETRIC_REPRESENTATION_CONTEXT(2) 
PARAMETRIC_REPRESENTATION_CONTEXT() REPRESENTATION_CONTEXT('2D SPACE',''
  ) );
#15467 = PCURVE('',#14872,#15468);
#15468 = DEFINITIONAL_REPRESENTATION('',(#15469),#15473);
#15469 = LINE('',#15470,#15471);
#15470 = CARTESIAN_POINT('',(3.,0.));
#15471 = VECTOR('',#15472,1.);
#15472 = DIRECTION('',(0.,-1.));
#15473 = ( GEOMETRIC_REPRESENTATION_CONTEXT(2) 
PARAMETRIC_REPRESENTATION_CONTEXT() REPRESENTATION_CONTEXT('2D SPACE',''
  ) );
#15474 = ORIENTED_EDGE('',*,*,#15475,.T.);
#15475 = EDGE_CURVE('',#15178,#15476,#15478,.T.);
#15476 = VERTEX_POINT('',#15477);
#15477 = CARTESIAN_POINT('',(58.,5.7,13.));
#15478 = SURFACE_CURVE('',#15479,(#15483,#15490),.PCURVE_S1.);
#15479 = LINE('',#15480,#15481);
#15480 = CARTESIAN_POINT('',(58.,5.7,0.));
#15481 = VECTOR('',#15482,1.);
#15482 = DIRECTION('',(0.,0.,1.));
#15483 = PCURVE('',#14765,#15484);
#15484 = DEFINITIONAL_REPRESENTATION('',(#15485),#15489);
#15485 = LINE('',#15486,#15487);
#15486 = CARTESIAN_POINT('',(0.,-3.));
#15487 = VECTOR('',#15488,1.);
#15488 = DIRECTION('',(1.,0.));
#15489 = ( GEOMETRIC_REPRESENTATION_CONTEXT(2) 
PARAMETRIC_REPRESENTATION_CONTEXT() REPRESENTATION_CONTEXT('2D SPACE',''
  ) );
#15490 = PCURVE('',#15118,#15491);
#15491 = DEFINITIONAL_REPRESENTATION('',(#15492),#15496);
#15492 = LINE('',#15493,#15494);
#15493 = CARTESIAN_POINT('',(0.,16.));
#15494 = VECTOR('',#15495,1.);
#15495 = DIRECTION('',(1.,0.));
#15496 = ( GEOMETRIC_REPRESENTATION_CONTEXT(2) 
PARAMETRIC_REPRESENTATION_CONTEXT() REPRESENTATION_CONTEXT('2D SPACE',''
  ) );
#15497 = ORIENTED_EDGE('',*,*,#15498,.F.);
#15498 = EDGE_CURVE('',#14719,#15476,#15499,.T.);
#15499 = SURFACE_CURVE('',#15500,(#15504,#15511),.PCURVE_S1.);
#15500 = LINE('',#15501,#15502);
#15501 = CARTESIAN_POINT('',(58.,2.7,13.));
#15502 = VECTOR('',#15503,1.);
#15503 = DIRECTION('',(0.,1.,0.));
#15504 = PCURVE('',#14765,#15505);
#15505 = DEFINITIONAL_REPRESENTATION('',(#15506),#15510);
#15506 = LINE('',#15507,#15508);
#15507 = CARTESIAN_POINT('',(13.,0.));
#15508 = VECTOR('',#15509,1.);
#15509 = DIRECTION('',(0.,-1.));
#15510 = ( GEOMETRIC_REPRESENTATION_CONTEXT(2) 
PARAMETRIC_REPRESENTATION_CONTEXT() REPRESENTATION_CONTEXT('2D SPACE',''
  ) );
#15511 = PCURVE('',#14739,#15512);
#15512 = DEFINITIONAL_REPRESENTATION('',(#15513),#15517);
#15513 = LINE('',#15514,#15515);
#15514 = CARTESIAN_POINT('',(-0.,0.));
#15515 = VECTOR('',#15516,1.);
#15516 = DIRECTION('',(-0.,1.));
#15517 = ( GEOMETRIC_REPRESENTATION_CONTEXT(2) 
PARAMETRIC_REPRESENTATION_CONTEXT() REPRESENTATION_CONTEXT('2D SPACE',''
  ) );
#15518 = ADVANCED_FACE('',(#15519),#14739,.T.);
#15519 = FACE_BOUND('',#15520,.F.);
#15520 = EDGE_LOOP('',(#15521,#15522,#15545,#15571));
#15521 = ORIENTED_EDGE('',*,*,#14718,.T.);
#15522 = ORIENTED_EDGE('',*,*,#15523,.T.);
#15523 = EDGE_CURVE('',#14691,#15524,#15526,.T.);
#15524 = VERTEX_POINT('',#15525);
#15525 = CARTESIAN_POINT('',(57.,5.7,14.));
#15526 = SURFACE_CURVE('',#15527,(#15531,#15538),.PCURVE_S1.);
#15527 = LINE('',#15528,#15529);
#15528 = CARTESIAN_POINT('',(57.,2.7,14.));
#15529 = VECTOR('',#15530,1.);
#15530 = DIRECTION('',(0.,1.,0.));
#15531 = PCURVE('',#14739,#15532);
#15532 = DEFINITIONAL_REPRESENTATION('',(#15533),#15537);
#15533 = LINE('',#15534,#15535);
#15534 = CARTESIAN_POINT('',(-1.570796326795,0.));
#15535 = VECTOR('',#15536,1.);
#15536 = DIRECTION('',(-0.,1.));
#15537 = ( GEOMETRIC_REPRESENTATION_CONTEXT(2) 
PARAMETRIC_REPRESENTATION_CONTEXT() REPRESENTATION_CONTEXT('2D SPACE',''
  ) );
#15538 = PCURVE('',#14706,#15539);
#15539 = DEFINITIONAL_REPRESENTATION('',(#15540),#15544);
#15540 = LINE('',#15541,#15542);
#15541 = CARTESIAN_POINT('',(15.,0.));
#15542 = VECTOR('',#15543,1.);
#15543 = DIRECTION('',(0.,1.));
#15544 = ( GEOMETRIC_REPRESENTATION_CONTEXT(2) 
PARAMETRIC_REPRESENTATION_CONTEXT() REPRESENTATION_CONTEXT('2D SPACE',''
  ) );
#15545 = ORIENTED_EDGE('',*,*,#15546,.F.);
#15546 = EDGE_CURVE('',#15476,#15524,#15547,.T.);
#15547 = SURFACE_CURVE('',#15548,(#15553,#15560),.PCURVE_S1.);
#15548 = CIRCLE('',#15549,1.);
#15549 = AXIS2_PLACEMENT_3D('',#15550,#15551,#15552);
#15550 = CARTESIAN_POINT('',(57.,5.7,13.));
#15551 = DIRECTION('',(-0.,-1.,0.));
#15552 = DIRECTION('',(0.,-0.,1.));
#15553 = PCURVE('',#14739,#15554);
#15554 = DEFINITIONAL_REPRESENTATION('',(#15555),#15559);
#15555 = LINE('',#15556,#15557);
#15556 = CARTESIAN_POINT('',(4.712388980385,3.));
#15557 = VECTOR('',#15558,1.);
#15558 = DIRECTION('',(-1.,0.));
#15559 = ( GEOMETRIC_REPRESENTATION_CONTEXT(2) 
PARAMETRIC_REPRESENTATION_CONTEXT() REPRESENTATION_CONTEXT('2D SPACE',''
  ) );
#15560 = PCURVE('',#15118,#15561);
#15561 = DEFINITIONAL_REPRESENTATION('',(#15562),#15570);
#15562 = ( BOUNDED_CURVE() B_SPLINE_CURVE(2,(#15563,#15564,#15565,#15566
    ,#15567,#15568,#15569),.UNSPECIFIED.,.T.,.F.) 
B_SPLINE_CURVE_WITH_KNOTS((1,2,2,2,2,1),(-2.094395102393,0.,
    2.094395102393,4.188790204786,6.28318530718,8.377580409573),
.UNSPECIFIED.) CURVE() GEOMETRIC_REPRESENTATION_ITEM() 
RATIONAL_B_SPLINE_CURVE((1.,0.5,1.,0.5,1.,0.5,1.)) REPRESENTATION_ITEM(
  '') );
#15563 = CARTESIAN_POINT('',(14.,15.));
#15564 = CARTESIAN_POINT('',(14.,13.267949192431));
#15565 = CARTESIAN_POINT('',(12.5,14.133974596216));
#15566 = CARTESIAN_POINT('',(11.,15.));
#15567 = CARTESIAN_POINT('',(12.5,15.866025403784));
#15568 = CARTESIAN_POINT('',(14.,16.732050807569));
#15569 = CARTESIAN_POINT('',(14.,15.));
#15570 = ( GEOMETRIC_REPRESENTATION_CONTEXT(2) 
PARAMETRIC_REPRESENTATION_CONTEXT() REPRESENTATION_CONTEXT('2D SPACE',''
  ) );
#15571 = ORIENTED_EDGE('',*,*,#15498,.F.);
#15572 = ADVANCED_FACE('',(#15573),#14678,.T.);
#15573 = FACE_BOUND('',#15574,.T.);
#15574 = EDGE_LOOP('',(#15575,#15576,#15599,#15621));
#15575 = ORIENTED_EDGE('',*,*,#14661,.T.);
#15576 = ORIENTED_EDGE('',*,*,#15577,.T.);
#15577 = EDGE_CURVE('',#14662,#15578,#15580,.T.);
#15578 = VERTEX_POINT('',#15579);
#15579 = CARTESIAN_POINT('',(43.,5.7,14.));
#15580 = SURFACE_CURVE('',#15581,(#15585,#15592),.PCURVE_S1.);
#15581 = LINE('',#15582,#15583);
#15582 = CARTESIAN_POINT('',(43.,2.7,14.));
#15583 = VECTOR('',#15584,1.);
#15584 = DIRECTION('',(0.,1.,0.));
#15585 = PCURVE('',#14678,#15586);
#15586 = DEFINITIONAL_REPRESENTATION('',(#15587),#15591);
#15587 = LINE('',#15588,#15589);
#15588 = CARTESIAN_POINT('',(1.570796326795,0.));
#15589 = VECTOR('',#15590,1.);
#15590 = DIRECTION('',(0.,1.));
#15591 = ( GEOMETRIC_REPRESENTATION_CONTEXT(2) 
PARAMETRIC_REPRESENTATION_CONTEXT() REPRESENTATION_CONTEXT('2D SPACE',''
  ) );
#15592 = PCURVE('',#14706,#15593);
#15593 = DEFINITIONAL_REPRESENTATION('',(#15594),#15598);
#15594 = LINE('',#15595,#15596);
#15595 = CARTESIAN_POINT('',(1.,0.));
#15596 = VECTOR('',#15597,1.);
#15597 = DIRECTION('',(0.,1.));
#15598 = ( GEOMETRIC_REPRESENTATION_CONTEXT(2) 
PARAMETRIC_REPRESENTATION_CONTEXT() REPRESENTATION_CONTEXT('2D SPACE',''
  ) );
#15599 = ORIENTED_EDGE('',*,*,#15600,.F.);
#15600 = EDGE_CURVE('',#15103,#15578,#15601,.T.);
#15601 = SURFACE_CURVE('',#15602,(#15607,#15614),.PCURVE_S1.);
#15602 = CIRCLE('',#15603,1.);
#15603 = AXIS2_PLACEMENT_3D('',#15604,#15605,#15606);
#15604 = CARTESIAN_POINT('',(43.,5.7,13.));
#15605 = DIRECTION('',(0.,1.,0.));
#15606 = DIRECTION('',(0.,-0.,1.));
#15607 = PCURVE('',#14678,#15608);
#15608 = DEFINITIONAL_REPRESENTATION('',(#15609),#15613);
#15609 = LINE('',#15610,#15611);
#15610 = CARTESIAN_POINT('',(-4.712388980385,3.));
#15611 = VECTOR('',#15612,1.);
#15612 = DIRECTION('',(1.,0.));
#15613 = ( GEOMETRIC_REPRESENTATION_CONTEXT(2) 
PARAMETRIC_REPRESENTATION_CONTEXT() REPRESENTATION_CONTEXT('2D SPACE',''
  ) );
#15614 = PCURVE('',#15118,#15615);
#15615 = DEFINITIONAL_REPRESENTATION('',(#15616),#15620);
#15616 = CIRCLE('',#15617,1.);
#15617 = AXIS2_PLACEMENT_2D('',#15618,#15619);
#15618 = CARTESIAN_POINT('',(13.,1.));
#15619 = DIRECTION('',(1.,0.));
#15620 = ( GEOMETRIC_REPRESENTATION_CONTEXT(2) 
PARAMETRIC_REPRESENTATION_CONTEXT() REPRESENTATION_CONTEXT('2D SPACE',''
  ) );
#15621 = ORIENTED_EDGE('',*,*,#15130,.F.);
#15622 = ADVANCED_FACE('',(#15623),#14706,.T.);
#15623 = FACE_BOUND('',#15624,.T.);
#15624 = EDGE_LOOP('',(#15625,#15646,#15647,#15648));
#15625 = ORIENTED_EDGE('',*,*,#15626,.F.);
#15626 = EDGE_CURVE('',#15578,#15524,#15627,.T.);
#15627 = SURFACE_CURVE('',#15628,(#15632,#15639),.PCURVE_S1.);
#15628 = LINE('',#15629,#15630);
#15629 = CARTESIAN_POINT('',(42.,5.7,14.));
#15630 = VECTOR('',#15631,1.);
#15631 = DIRECTION('',(1.,0.,0.));
#15632 = PCURVE('',#14706,#15633);
#15633 = DEFINITIONAL_REPRESENTATION('',(#15634),#15638);
#15634 = LINE('',#15635,#15636);
#15635 = CARTESIAN_POINT('',(0.,3.));
#15636 = VECTOR('',#15637,1.);
#15637 = DIRECTION('',(1.,0.));
#15638 = ( GEOMETRIC_REPRESENTATION_CONTEXT(2) 
PARAMETRIC_REPRESENTATION_CONTEXT() REPRESENTATION_CONTEXT('2D SPACE',''
  ) );
#15639 = PCURVE('',#15118,#15640);
#15640 = DEFINITIONAL_REPRESENTATION('',(#15641),#15645);
#15641 = LINE('',#15642,#15643);
#15642 = CARTESIAN_POINT('',(14.,0.));
#15643 = VECTOR('',#15644,1.);
#15644 = DIRECTION('',(0.,1.));
#15645 = ( GEOMETRIC_REPRESENTATION_CONTEXT(2) 
PARAMETRIC_REPRESENTATION_CONTEXT() REPRESENTATION_CONTEXT('2D SPACE',''
  ) );
#15646 = ORIENTED_EDGE('',*,*,#15577,.F.);
#15647 = ORIENTED_EDGE('',*,*,#14690,.T.);
#15648 = ORIENTED_EDGE('',*,*,#15523,.T.);
#15649 = ADVANCED_FACE('',(#15650),#14796,.F.);
#15650 = FACE_BOUND('',#15651,.F.);
#15651 = EDGE_LOOP('',(#15652,#15676,#15697,#15698));
#15652 = ORIENTED_EDGE('',*,*,#15653,.F.);
#15653 = EDGE_CURVE('',#15654,#15654,#15656,.T.);
#15654 = VERTEX_POINT('',#15655);
#15655 = CARTESIAN_POINT('',(50.,5.7,10.65));
#15656 = SURFACE_CURVE('',#15657,(#15662,#15669),.PCURVE_S1.);
#15657 = CIRCLE('',#15658,1.65);
#15658 = AXIS2_PLACEMENT_3D('',#15659,#15660,#15661);
#15659 = CARTESIAN_POINT('',(50.,5.7,9.));
#15660 = DIRECTION('',(0.,1.,0.));
#15661 = DIRECTION('',(0.,-0.,1.));
#15662 = PCURVE('',#14796,#15663);
#15663 = DEFINITIONAL_REPRESENTATION('',(#15664),#15668);
#15664 = LINE('',#15665,#15666);
#15665 = CARTESIAN_POINT('',(0.,15.7));
#15666 = VECTOR('',#15667,1.);
#15667 = DIRECTION('',(1.,0.));
#15668 = ( GEOMETRIC_REPRESENTATION_CONTEXT(2) 
PARAMETRIC_REPRESENTATION_CONTEXT() REPRESENTATION_CONTEXT('2D SPACE',''
  ) );
#15669 = PCURVE('',#15118,#15670);
#15670 = DEFINITIONAL_REPRESENTATION('',(#15671),#15675);
#15671 = CIRCLE('',#15672,1.65);
#15672 = AXIS2_PLACEMENT_2D('',#15673,#15674);
#15673 = CARTESIAN_POINT('',(9.,8.));
#15674 = DIRECTION('',(1.,0.));
#15675 = ( GEOMETRIC_REPRESENTATION_CONTEXT(2) 
PARAMETRIC_REPRESENTATION_CONTEXT() REPRESENTATION_CONTEXT('2D SPACE',''
  ) );
#15676 = ORIENTED_EDGE('',*,*,#15677,.F.);
#15677 = EDGE_CURVE('',#14780,#15654,#15678,.T.);
#15678 = SEAM_CURVE('',#15679,(#15683,#15690),.PCURVE_S1.);
#15679 = LINE('',#15680,#15681);
#15680 = CARTESIAN_POINT('',(50.,-10.,10.65));
#15681 = VECTOR('',#15682,1.);
#15682 = DIRECTION('',(0.,1.,0.));
#15683 = PCURVE('',#14796,#15684);
#15684 = DEFINITIONAL_REPRESENTATION('',(#15685),#15689);
#15685 = LINE('',#15686,#15687);
#15686 = CARTESIAN_POINT('',(6.28318530718,-0.));
#15687 = VECTOR('',#15688,1.);
#15688 = DIRECTION('',(0.,1.));
#15689 = ( GEOMETRIC_REPRESENTATION_CONTEXT(2) 
PARAMETRIC_REPRESENTATION_CONTEXT() REPRESENTATION_CONTEXT('2D SPACE',''
  ) );
#15690 = PCURVE('',#14796,#15691);
#15691 = DEFINITIONAL_REPRESENTATION('',(#15692),#15696);
#15692 = LINE('',#15693,#15694);
#15693 = CARTESIAN_POINT('',(0.,-0.));
#15694 = VECTOR('',#15695,1.);
#15695 = DIRECTION('',(0.,1.));
#15696 = ( GEOMETRIC_REPRESENTATION_CONTEXT(2) 
PARAMETRIC_REPRESENTATION_CONTEXT() REPRESENTATION_CONTEXT('2D SPACE',''
  ) );
#15697 = ORIENTED_EDGE('',*,*,#14779,.T.);
#15698 = ORIENTED_EDGE('',*,*,#15677,.T.);
#15699 = ADVANCED_FACE('',(#15700),#14872,.T.);
#15700 = FACE_BOUND('',#15701,.T.);
#15701 = EDGE_LOOP('',(#15702,#15703,#15704,#15705));
#15702 = ORIENTED_EDGE('',*,*,#14856,.T.);
#15703 = ORIENTED_EDGE('',*,*,#15200,.T.);
#15704 = ORIENTED_EDGE('',*,*,#15454,.F.);
#15705 = ORIENTED_EDGE('',*,*,#14884,.F.);
#15706 = ADVANCED_FACE('',(#15707),#15054,.T.);
#15707 = FACE_BOUND('',#15708,.T.);
#15708 = EDGE_LOOP('',(#15709,#15710,#15711,#15712));
#15709 = ORIENTED_EDGE('',*,*,#15376,.F.);
#15710 = ORIENTED_EDGE('',*,*,#15275,.T.);
#15711 = ORIENTED_EDGE('',*,*,#15040,.T.);
#15712 = ORIENTED_EDGE('',*,*,#15713,.F.);
#15713 = EDGE_CURVE('',#15349,#15008,#15714,.T.);
#15714 = SURFACE_CURVE('',#15715,(#15719,#15726),.PCURVE_S1.);
#15715 = LINE('',#15716,#15717);
#15716 = CARTESIAN_POINT('',(58.,-5.7,13.));
#15717 = VECTOR('',#15718,1.);
#15718 = DIRECTION('',(0.,1.,0.));
#15719 = PCURVE('',#15054,#15720);
#15720 = DEFINITIONAL_REPRESENTATION('',(#15721),#15725);
#15721 = LINE('',#15722,#15723);
#15722 = CARTESIAN_POINT('',(13.,0.));
#15723 = VECTOR('',#15724,1.);
#15724 = DIRECTION('',(0.,-1.));
#15725 = ( GEOMETRIC_REPRESENTATION_CONTEXT(2) 
PARAMETRIC_REPRESENTATION_CONTEXT() REPRESENTATION_CONTEXT('2D SPACE',''
  ) );
#15726 = PCURVE('',#15028,#15727);
#15727 = DEFINITIONAL_REPRESENTATION('',(#15728),#15732);
#15728 = LINE('',#15729,#15730);
#15729 = CARTESIAN_POINT('',(-0.,0.));
#15730 = VECTOR('',#15731,1.);
#15731 = DIRECTION('',(-0.,1.));
#15732 = ( GEOMETRIC_REPRESENTATION_CONTEXT(2) 
PARAMETRIC_REPRESENTATION_CONTEXT() REPRESENTATION_CONTEXT('2D SPACE',''
  ) );
#15733 = ADVANCED_FACE('',(#15734),#15028,.T.);
#15734 = FACE_BOUND('',#15735,.F.);
#15735 = EDGE_LOOP('',(#15736,#15737,#15758,#15759));
#15736 = ORIENTED_EDGE('',*,*,#15348,.T.);
#15737 = ORIENTED_EDGE('',*,*,#15738,.T.);
#15738 = EDGE_CURVE('',#15326,#14980,#15739,.T.);
#15739 = SURFACE_CURVE('',#15740,(#15744,#15751),.PCURVE_S1.);
#15740 = LINE('',#15741,#15742);
#15741 = CARTESIAN_POINT('',(57.,-5.7,14.));
#15742 = VECTOR('',#15743,1.);
#15743 = DIRECTION('',(0.,1.,0.));
#15744 = PCURVE('',#15028,#15745);
#15745 = DEFINITIONAL_REPRESENTATION('',(#15746),#15750);
#15746 = LINE('',#15747,#15748);
#15747 = CARTESIAN_POINT('',(-1.570796326795,0.));
#15748 = VECTOR('',#15749,1.);
#15749 = DIRECTION('',(-0.,1.));
#15750 = ( GEOMETRIC_REPRESENTATION_CONTEXT(2) 
PARAMETRIC_REPRESENTATION_CONTEXT() REPRESENTATION_CONTEXT('2D SPACE',''
  ) );
#15751 = PCURVE('',#14995,#15752);
#15752 = DEFINITIONAL_REPRESENTATION('',(#15753),#15757);
#15753 = LINE('',#15754,#15755);
#15754 = CARTESIAN_POINT('',(15.,0.));
#15755 = VECTOR('',#15756,1.);
#15756 = DIRECTION('',(0.,1.));
#15757 = ( GEOMETRIC_REPRESENTATION_CONTEXT(2) 
PARAMETRIC_REPRESENTATION_CONTEXT() REPRESENTATION_CONTEXT('2D SPACE',''
  ) );
#15758 = ORIENTED_EDGE('',*,*,#15007,.F.);
#15759 = ORIENTED_EDGE('',*,*,#15713,.F.);
#15760 = ADVANCED_FACE('',(#15761),#14995,.T.);
#15761 = FACE_BOUND('',#15762,.T.);
#15762 = EDGE_LOOP('',(#15763,#15764,#15765,#15766));
#15763 = ORIENTED_EDGE('',*,*,#14979,.F.);
#15764 = ORIENTED_EDGE('',*,*,#15427,.F.);
#15765 = ORIENTED_EDGE('',*,*,#15325,.T.);
#15766 = ORIENTED_EDGE('',*,*,#15738,.T.);
#15767 = ADVANCED_FACE('',(#15768),#15085,.F.);
#15768 = FACE_BOUND('',#15769,.F.);
#15769 = EDGE_LOOP('',(#15770,#15771,#15792,#15793));
#15770 = ORIENTED_EDGE('',*,*,#15068,.F.);
#15771 = ORIENTED_EDGE('',*,*,#15772,.F.);
#15772 = EDGE_CURVE('',#15400,#15069,#15773,.T.);
#15773 = SEAM_CURVE('',#15774,(#15778,#15785),.PCURVE_S1.);
#15774 = LINE('',#15775,#15776);
#15775 = CARTESIAN_POINT('',(50.,-10.,10.65));
#15776 = VECTOR('',#15777,1.);
#15777 = DIRECTION('',(0.,1.,0.));
#15778 = PCURVE('',#15085,#15779);
#15779 = DEFINITIONAL_REPRESENTATION('',(#15780),#15784);
#15780 = LINE('',#15781,#15782);
#15781 = CARTESIAN_POINT('',(6.28318530718,-0.));
#15782 = VECTOR('',#15783,1.);
#15783 = DIRECTION('',(0.,1.));
#15784 = ( GEOMETRIC_REPRESENTATION_CONTEXT(2) 
PARAMETRIC_REPRESENTATION_CONTEXT() REPRESENTATION_CONTEXT('2D SPACE',''
  ) );
#15785 = PCURVE('',#15085,#15786);
#15786 = DEFINITIONAL_REPRESENTATION('',(#15787),#15791);
#15787 = LINE('',#15788,#15789);
#15788 = CARTESIAN_POINT('',(0.,-0.));
#15789 = VECTOR('',#15790,1.);
#15790 = DIRECTION('',(0.,1.));
#15791 = ( GEOMETRIC_REPRESENTATION_CONTEXT(2) 
PARAMETRIC_REPRESENTATION_CONTEXT() REPRESENTATION_CONTEXT('2D SPACE',''
  ) );
#15792 = ORIENTED_EDGE('',*,*,#15399,.T.);
#15793 = ORIENTED_EDGE('',*,*,#15772,.T.);
#15794 = ADVANCED_FACE('',(#15795,#15803),#15118,.T.);
#15795 = FACE_BOUND('',#15796,.T.);
#15796 = EDGE_LOOP('',(#15797,#15798,#15799,#15800,#15801,#15802));
#15797 = ORIENTED_EDGE('',*,*,#15177,.F.);
#15798 = ORIENTED_EDGE('',*,*,#15102,.T.);
#15799 = ORIENTED_EDGE('',*,*,#15600,.T.);
#15800 = ORIENTED_EDGE('',*,*,#15626,.T.);
#15801 = ORIENTED_EDGE('',*,*,#15546,.F.);
#15802 = ORIENTED_EDGE('',*,*,#15475,.F.);
#15803 = FACE_BOUND('',#15804,.T.);
#15804 = EDGE_LOOP('',(#15805));
#15805 = ORIENTED_EDGE('',*,*,#15653,.F.);
#15806 = ( GEOMETRIC_REPRESENTATION_CONTEXT(3) 
GLOBAL_UNCERTAINTY_ASSIGNED_CONTEXT((#15810)) 
GLOBAL_UNIT_ASSIGNED_CONTEXT((#15807,#15808,#15809)) 
REPRESENTATION_CONTEXT('Context #1',
  '3D Context with UNIT and UNCERTAINTY') );
#15807 = ( LENGTH_UNIT() NAMED_UNIT(*) SI_UNIT(.MILLI.,.METRE.) );
#15808 = ( NAMED_UNIT(*) PLANE_ANGLE_UNIT() SI_UNIT($,.RADIAN.) );
#15809 = ( NAMED_UNIT(*) SI_UNIT($,.STERADIAN.) SOLID_ANGLE_UNIT() );
#15810 = UNCERTAINTY_MEASURE_WITH_UNIT(LENGTH_MEASURE(1.E-07),#15807,
  'distance_accuracy_value','confusion accuracy');
#15811 = CONTEXT_DEPENDENT_SHAPE_REPRESENTATION(#15812,#15814);
#15812 = ( REPRESENTATION_RELATIONSHIP('','',#13679,#10) 
REPRESENTATION_RELATIONSHIP_WITH_TRANSFORMATION(#15813) 
SHAPE_REPRESENTATION_RELATIONSHIP() );
#15813 = ITEM_DEFINED_TRANSFORMATION('','',#11,#19);
#15814 = PRODUCT_DEFINITION_SHAPE('Placement','Placement of an item',
  #15815);
#15815 = NEXT_ASSEMBLY_USAGE_OCCURRENCE('124','','',#5,#13674,$);
#15816 = PRODUCT_RELATED_PRODUCT_CATEGORY('part',$,(#13676));
#15817 = SHAPE_DEFINITION_REPRESENTATION(#15818,#15824);
#15818 = PRODUCT_DEFINITION_SHAPE('','',#15819);
#15819 = PRODUCT_DEFINITION('design','',#15820,#15823);
#15820 = PRODUCT_DEFINITION_FORMATION('','',#15821);
#15821 = PRODUCT('Open CASCADE STEP translator 7.8 2.3',
  'Open CASCADE STEP translator 7.8 2.3','',(#15822));
#15822 = PRODUCT_CONTEXT('',#2,'mechanical');
#15823 = PRODUCT_DEFINITION_CONTEXT('part definition',#2,'design');
#15824 = ADVANCED_BREP_SHAPE_REPRESENTATION('',(#11,#15825),#16239);
#15825 = MANIFOLD_SOLID_BREP('',#15826);
#15826 = CLOSED_SHELL('',(#15827,#15947,#16054,#16103,#16178,#16205,
    #16212));
#15827 = ADVANCED_FACE('',(#15828),#15842,.F.);
#15828 = FACE_BOUND('',#15829,.F.);
#15829 = EDGE_LOOP('',(#15830,#15865,#15893,#15921));
#15830 = ORIENTED_EDGE('',*,*,#15831,.F.);
#15831 = EDGE_CURVE('',#15832,#15834,#15836,.T.);
#15832 = VERTEX_POINT('',#15833);
#15833 = CARTESIAN_POINT('',(95.,-2.4,3.3));
#15834 = VERTEX_POINT('',#15835);
#15835 = CARTESIAN_POINT('',(95.,-2.4,14.3));
#15836 = SURFACE_CURVE('',#15837,(#15841,#15853),.PCURVE_S1.);
#15837 = LINE('',#15838,#15839);
#15838 = CARTESIAN_POINT('',(95.,-2.4,3.3));
#15839 = VECTOR('',#15840,1.);
#15840 = DIRECTION('',(0.,0.,1.));
#15841 = PCURVE('',#15842,#15847);
#15842 = PLANE('',#15843);
#15843 = AXIS2_PLACEMENT_3D('',#15844,#15845,#15846);
#15844 = CARTESIAN_POINT('',(95.,-2.4,3.3));
#15845 = DIRECTION('',(1.,0.,0.));
#15846 = DIRECTION('',(0.,0.,1.));
#15847 = DEFINITIONAL_REPRESENTATION('',(#15848),#15852);
#15848 = LINE('',#15849,#15850);
#15849 = CARTESIAN_POINT('',(0.,0.));
#15850 = VECTOR('',#15851,1.);
#15851 = DIRECTION('',(1.,0.));
#15852 = ( GEOMETRIC_REPRESENTATION_CONTEXT(2) 
PARAMETRIC_REPRESENTATION_CONTEXT() REPRESENTATION_CONTEXT('2D SPACE',''
  ) );
#15853 = PCURVE('',#15854,#15859);
#15854 = PLANE('',#15855);
#15855 = AXIS2_PLACEMENT_3D('',#15856,#15857,#15858);
#15856 = CARTESIAN_POINT('',(95.,-2.4,3.3));
#15857 = DIRECTION('',(0.,1.,0.));
#15858 = DIRECTION('',(0.,0.,1.));
#15859 = DEFINITIONAL_REPRESENTATION('',(#15860),#15864);
#15860 = LINE('',#15861,#15862);
#15861 = CARTESIAN_POINT('',(0.,0.));
#15862 = VECTOR('',#15863,1.);
#15863 = DIRECTION('',(1.,0.));
#15864 = ( GEOMETRIC_REPRESENTATION_CONTEXT(2) 
PARAMETRIC_REPRESENTATION_CONTEXT() REPRESENTATION_CONTEXT('2D SPACE',''
  ) );
#15865 = ORIENTED_EDGE('',*,*,#15866,.T.);
#15866 = EDGE_CURVE('',#15832,#15867,#15869,.T.);
#15867 = VERTEX_POINT('',#15868);
#15868 = CARTESIAN_POINT('',(95.,2.4,3.3));
#15869 = SURFACE_CURVE('',#15870,(#15874,#15881),.PCURVE_S1.);
#15870 = LINE('',#15871,#15872);
#15871 = CARTESIAN_POINT('',(95.,-2.4,3.3));
#15872 = VECTOR('',#15873,1.);
#15873 = DIRECTION('',(0.,1.,0.));
#15874 = PCURVE('',#15842,#15875);
#15875 = DEFINITIONAL_REPRESENTATION('',(#15876),#15880);
#15876 = LINE('',#15877,#15878);
#15877 = CARTESIAN_POINT('',(0.,0.));
#15878 = VECTOR('',#15879,1.);
#15879 = DIRECTION('',(0.,-1.));
#15880 = ( GEOMETRIC_REPRESENTATION_CONTEXT(2) 
PARAMETRIC_REPRESENTATION_CONTEXT() REPRESENTATION_CONTEXT('2D SPACE',''
  ) );
#15881 = PCURVE('',#15882,#15887);
#15882 = PLANE('',#15883);
#15883 = AXIS2_PLACEMENT_3D('',#15884,#15885,#15886);
#15884 = CARTESIAN_POINT('',(95.,-2.4,3.3));
#15885 = DIRECTION('',(0.,0.,1.));
#15886 = DIRECTION('',(1.,0.,0.));
#15887 = DEFINITIONAL_REPRESENTATION('',(#15888),#15892);
#15888 = LINE('',#15889,#15890);
#15889 = CARTESIAN_POINT('',(0.,0.));
#15890 = VECTOR('',#15891,1.);
#15891 = DIRECTION('',(0.,1.));
#15892 = ( GEOMETRIC_REPRESENTATION_CONTEXT(2) 
PARAMETRIC_REPRESENTATION_CONTEXT() REPRESENTATION_CONTEXT('2D SPACE',''
  ) );
#15893 = ORIENTED_EDGE('',*,*,#15894,.T.);
#15894 = EDGE_CURVE('',#15867,#15895,#15897,.T.);
#15895 = VERTEX_POINT('',#15896);
#15896 = CARTESIAN_POINT('',(95.,2.4,14.3));
#15897 = SURFACE_CURVE('',#15898,(#15902,#15909),.PCURVE_S1.);
#15898 = LINE('',#15899,#15900);
#15899 = CARTESIAN_POINT('',(95.,2.4,3.3));
#15900 = VECTOR('',#15901,1.);
#15901 = DIRECTION('',(0.,0.,1.));
#15902 = PCURVE('',#15842,#15903);
#15903 = DEFINITIONAL_REPRESENTATION('',(#15904),#15908);
#15904 = LINE('',#15905,#15906);
#15905 = CARTESIAN_POINT('',(0.,-4.8));
#15906 = VECTOR('',#15907,1.);
#15907 = DIRECTION('',(1.,0.));
#15908 = ( GEOMETRIC_REPRESENTATION_CONTEXT(2) 
PARAMETRIC_REPRESENTATION_CONTEXT() REPRESENTATION_CONTEXT('2D SPACE',''
  ) );
#15909 = PCURVE('',#15910,#15915);
#15910 = PLANE('',#15911);
#15911 = AXIS2_PLACEMENT_3D('',#15912,#15913,#15914);
#15912 = CARTESIAN_POINT('',(95.,2.4,3.3));
#15913 = DIRECTION('',(0.,1.,0.));
#15914 = DIRECTION('',(0.,0.,1.));
#15915 = DEFINITIONAL_REPRESENTATION('',(#15916),#15920);
#15916 = LINE('',#15917,#15918);
#15917 = CARTESIAN_POINT('',(0.,0.));
#15918 = VECTOR('',#15919,1.);
#15919 = DIRECTION('',(1.,0.));
#15920 = ( GEOMETRIC_REPRESENTATION_CONTEXT(2) 
PARAMETRIC_REPRESENTATION_CONTEXT() REPRESENTATION_CONTEXT('2D SPACE',''
  ) );
#15921 = ORIENTED_EDGE('',*,*,#15922,.F.);
#15922 = EDGE_CURVE('',#15834,#15895,#15923,.T.);
#15923 = SURFACE_CURVE('',#15924,(#15928,#15935),.PCURVE_S1.);
#15924 = LINE('',#15925,#15926);
#15925 = CARTESIAN_POINT('',(95.,-2.4,14.3));
#15926 = VECTOR('',#15927,1.);
#15927 = DIRECTION('',(0.,1.,0.));
#15928 = PCURVE('',#15842,#15929);
#15929 = DEFINITIONAL_REPRESENTATION('',(#15930),#15934);
#15930 = LINE('',#15931,#15932);
#15931 = CARTESIAN_POINT('',(11.,0.));
#15932 = VECTOR('',#15933,1.);
#15933 = DIRECTION('',(0.,-1.));
#15934 = ( GEOMETRIC_REPRESENTATION_CONTEXT(2) 
PARAMETRIC_REPRESENTATION_CONTEXT() REPRESENTATION_CONTEXT('2D SPACE',''
  ) );
#15935 = PCURVE('',#15936,#15941);
#15936 = PLANE('',#15937);
#15937 = AXIS2_PLACEMENT_3D('',#15938,#15939,#15940);
#15938 = CARTESIAN_POINT('',(95.,-2.4,14.3));
#15939 = DIRECTION('',(0.,0.,1.));
#15940 = DIRECTION('',(1.,0.,0.));
#15941 = DEFINITIONAL_REPRESENTATION('',(#15942),#15946);
#15942 = LINE('',#15943,#15944);
#15943 = CARTESIAN_POINT('',(0.,0.));
#15944 = VECTOR('',#15945,1.);
#15945 = DIRECTION('',(0.,1.));
#15946 = ( GEOMETRIC_REPRESENTATION_CONTEXT(2) 
PARAMETRIC_REPRESENTATION_CONTEXT() REPRESENTATION_CONTEXT('2D SPACE',''
  ) );
#15947 = ADVANCED_FACE('',(#15948,#16023),#15854,.F.);
#15948 = FACE_BOUND('',#15949,.F.);
#15949 = EDGE_LOOP('',(#15950,#15973,#15974,#15997));
#15950 = ORIENTED_EDGE('',*,*,#15951,.F.);
#15951 = EDGE_CURVE('',#15832,#15952,#15954,.T.);
#15952 = VERTEX_POINT('',#15953);
#15953 = CARTESIAN_POINT('',(105.,-2.4,3.3));
#15954 = SURFACE_CURVE('',#15955,(#15959,#15966),.PCURVE_S1.);
#15955 = LINE('',#15956,#15957);
#15956 = CARTESIAN_POINT('',(95.,-2.4,3.3));
#15957 = VECTOR('',#15958,1.);
#15958 = DIRECTION('',(1.,0.,0.));
#15959 = PCURVE('',#15854,#15960);
#15960 = DEFINITIONAL_REPRESENTATION('',(#15961),#15965);
#15961 = LINE('',#15962,#15963);
#15962 = CARTESIAN_POINT('',(0.,0.));
#15963 = VECTOR('',#15964,1.);
#15964 = DIRECTION('',(0.,1.));
#15965 = ( GEOMETRIC_REPRESENTATION_CONTEXT(2) 
PARAMETRIC_REPRESENTATION_CONTEXT() REPRESENTATION_CONTEXT('2D SPACE',''
  ) );
#15966 = PCURVE('',#15882,#15967);
#15967 = DEFINITIONAL_REPRESENTATION('',(#15968),#15972);
#15968 = LINE('',#15969,#15970);
#15969 = CARTESIAN_POINT('',(0.,0.));
#15970 = VECTOR('',#15971,1.);
#15971 = DIRECTION('',(1.,0.));
#15972 = ( GEOMETRIC_REPRESENTATION_CONTEXT(2) 
PARAMETRIC_REPRESENTATION_CONTEXT() REPRESENTATION_CONTEXT('2D SPACE',''
  ) );
#15973 = ORIENTED_EDGE('',*,*,#15831,.T.);
#15974 = ORIENTED_EDGE('',*,*,#15975,.T.);
#15975 = EDGE_CURVE('',#15834,#15976,#15978,.T.);
#15976 = VERTEX_POINT('',#15977);
#15977 = CARTESIAN_POINT('',(105.,-2.4,14.3));
#15978 = SURFACE_CURVE('',#15979,(#15983,#15990),.PCURVE_S1.);
#15979 = LINE('',#15980,#15981);
#15980 = CARTESIAN_POINT('',(95.,-2.4,14.3));
#15981 = VECTOR('',#15982,1.);
#15982 = DIRECTION('',(1.,0.,0.));
#15983 = PCURVE('',#15854,#15984);
#15984 = DEFINITIONAL_REPRESENTATION('',(#15985),#15989);
#15985 = LINE('',#15986,#15987);
#15986 = CARTESIAN_POINT('',(11.,0.));
#15987 = VECTOR('',#15988,1.);
#15988 = DIRECTION('',(0.,1.));
#15989 = ( GEOMETRIC_REPRESENTATION_CONTEXT(2) 
PARAMETRIC_REPRESENTATION_CONTEXT() REPRESENTATION_CONTEXT('2D SPACE',''
  ) );
#15990 = PCURVE('',#15936,#15991);
#15991 = DEFINITIONAL_REPRESENTATION('',(#15992),#15996);
#15992 = LINE('',#15993,#15994);
#15993 = CARTESIAN_POINT('',(0.,0.));
#15994 = VECTOR('',#15995,1.);
#15995 = DIRECTION('',(1.,0.));
#15996 = ( GEOMETRIC_REPRESENTATION_CONTEXT(2) 
PARAMETRIC_REPRESENTATION_CONTEXT() REPRESENTATION_CONTEXT('2D SPACE',''
  ) );
#15997 = ORIENTED_EDGE('',*,*,#15998,.F.);
#15998 = EDGE_CURVE('',#15952,#15976,#15999,.T.);
#15999 = SURFACE_CURVE('',#16000,(#16004,#16011),.PCURVE_S1.);
#16000 = LINE('',#16001,#16002);
#16001 = CARTESIAN_POINT('',(105.,-2.4,3.3));
#16002 = VECTOR('',#16003,1.);
#16003 = DIRECTION('',(0.,0.,1.));
#16004 = PCURVE('',#15854,#16005);
#16005 = DEFINITIONAL_REPRESENTATION('',(#16006),#16010);
#16006 = LINE('',#16007,#16008);
#16007 = CARTESIAN_POINT('',(0.,10.));
#16008 = VECTOR('',#16009,1.);
#16009 = DIRECTION('',(1.,0.));
#16010 = ( GEOMETRIC_REPRESENTATION_CONTEXT(2) 
PARAMETRIC_REPRESENTATION_CONTEXT() REPRESENTATION_CONTEXT('2D SPACE',''
  ) );
#16011 = PCURVE('',#16012,#16017);
#16012 = PLANE('',#16013);
#16013 = AXIS2_PLACEMENT_3D('',#16014,#16015,#16016);
#16014 = CARTESIAN_POINT('',(105.,-2.4,3.3));
#16015 = DIRECTION('',(1.,0.,0.));
#16016 = DIRECTION('',(0.,0.,1.));
#16017 = DEFINITIONAL_REPRESENTATION('',(#16018),#16022);
#16018 = LINE('',#16019,#16020);
#16019 = CARTESIAN_POINT('',(0.,0.));
#16020 = VECTOR('',#16021,1.);
#16021 = DIRECTION('',(1.,0.));
#16022 = ( GEOMETRIC_REPRESENTATION_CONTEXT(2) 
PARAMETRIC_REPRESENTATION_CONTEXT() REPRESENTATION_CONTEXT('2D SPACE',''
  ) );
#16023 = FACE_BOUND('',#16024,.F.);
#16024 = EDGE_LOOP('',(#16025));
#16025 = ORIENTED_EDGE('',*,*,#16026,.F.);
#16026 = EDGE_CURVE('',#16027,#16027,#16029,.T.);
#16027 = VERTEX_POINT('',#16028);
#16028 = CARTESIAN_POINT('',(100.,-2.4,10.65));
#16029 = SURFACE_CURVE('',#16030,(#16035,#16042),.PCURVE_S1.);
#16030 = CIRCLE('',#16031,1.65);
#16031 = AXIS2_PLACEMENT_3D('',#16032,#16033,#16034);
#16032 = CARTESIAN_POINT('',(100.,-2.4,9.));
#16033 = DIRECTION('',(0.,1.,0.));
#16034 = DIRECTION('',(0.,-0.,1.));
#16035 = PCURVE('',#15854,#16036);
#16036 = DEFINITIONAL_REPRESENTATION('',(#16037),#16041);
#16037 = CIRCLE('',#16038,1.65);
#16038 = AXIS2_PLACEMENT_2D('',#16039,#16040);
#16039 = CARTESIAN_POINT('',(5.7,5.));
#16040 = DIRECTION('',(1.,0.));
#16041 = ( GEOMETRIC_REPRESENTATION_CONTEXT(2) 
PARAMETRIC_REPRESENTATION_CONTEXT() REPRESENTATION_CONTEXT('2D SPACE',''
  ) );
#16042 = PCURVE('',#16043,#16048);
#16043 = CYLINDRICAL_SURFACE('',#16044,1.65);
#16044 = AXIS2_PLACEMENT_3D('',#16045,#16046,#16047);
#16045 = CARTESIAN_POINT('',(100.,-10.,9.));
#16046 = DIRECTION('',(0.,1.,0.));
#16047 = DIRECTION('',(0.,-0.,1.));
#16048 = DEFINITIONAL_REPRESENTATION('',(#16049),#16053);
#16049 = LINE('',#16050,#16051);
#16050 = CARTESIAN_POINT('',(0.,7.6));
#16051 = VECTOR('',#16052,1.);
#16052 = DIRECTION('',(1.,0.));
#16053 = ( GEOMETRIC_REPRESENTATION_CONTEXT(2) 
PARAMETRIC_REPRESENTATION_CONTEXT() REPRESENTATION_CONTEXT('2D SPACE',''
  ) );
#16054 = ADVANCED_FACE('',(#16055),#15936,.T.);
#16055 = FACE_BOUND('',#16056,.T.);
#16056 = EDGE_LOOP('',(#16057,#16058,#16059,#16082));
#16057 = ORIENTED_EDGE('',*,*,#15922,.F.);
#16058 = ORIENTED_EDGE('',*,*,#15975,.T.);
#16059 = ORIENTED_EDGE('',*,*,#16060,.T.);
#16060 = EDGE_CURVE('',#15976,#16061,#16063,.T.);
#16061 = VERTEX_POINT('',#16062);
#16062 = CARTESIAN_POINT('',(105.,2.4,14.3));
#16063 = SURFACE_CURVE('',#16064,(#16068,#16075),.PCURVE_S1.);
#16064 = LINE('',#16065,#16066);
#16065 = CARTESIAN_POINT('',(105.,-2.4,14.3));
#16066 = VECTOR('',#16067,1.);
#16067 = DIRECTION('',(0.,1.,0.));
#16068 = PCURVE('',#15936,#16069);
#16069 = DEFINITIONAL_REPRESENTATION('',(#16070),#16074);
#16070 = LINE('',#16071,#16072);
#16071 = CARTESIAN_POINT('',(10.,0.));
#16072 = VECTOR('',#16073,1.);
#16073 = DIRECTION('',(0.,1.));
#16074 = ( GEOMETRIC_REPRESENTATION_CONTEXT(2) 
PARAMETRIC_REPRESENTATION_CONTEXT() REPRESENTATION_CONTEXT('2D SPACE',''
  ) );
#16075 = PCURVE('',#16012,#16076);
#16076 = DEFINITIONAL_REPRESENTATION('',(#16077),#16081);
#16077 = LINE('',#16078,#16079);
#16078 = CARTESIAN_POINT('',(11.,0.));
#16079 = VECTOR('',#16080,1.);
#16080 = DIRECTION('',(0.,-1.));
#16081 = ( GEOMETRIC_REPRESENTATION_CONTEXT(2) 
PARAMETRIC_REPRESENTATION_CONTEXT() REPRESENTATION_CONTEXT('2D SPACE',''
  ) );
#16082 = ORIENTED_EDGE('',*,*,#16083,.F.);
#16083 = EDGE_CURVE('',#15895,#16061,#16084,.T.);
#16084 = SURFACE_CURVE('',#16085,(#16089,#16096),.PCURVE_S1.);
#16085 = LINE('',#16086,#16087);
#16086 = CARTESIAN_POINT('',(95.,2.4,14.3));
#16087 = VECTOR('',#16088,1.);
#16088 = DIRECTION('',(1.,0.,0.));
#16089 = PCURVE('',#15936,#16090);
#16090 = DEFINITIONAL_REPRESENTATION('',(#16091),#16095);
#16091 = LINE('',#16092,#16093);
#16092 = CARTESIAN_POINT('',(0.,4.8));
#16093 = VECTOR('',#16094,1.);
#16094 = DIRECTION('',(1.,0.));
#16095 = ( GEOMETRIC_REPRESENTATION_CONTEXT(2) 
PARAMETRIC_REPRESENTATION_CONTEXT() REPRESENTATION_CONTEXT('2D SPACE',''
  ) );
#16096 = PCURVE('',#15910,#16097);
#16097 = DEFINITIONAL_REPRESENTATION('',(#16098),#16102);
#16098 = LINE('',#16099,#16100);
#16099 = CARTESIAN_POINT('',(11.,0.));
#16100 = VECTOR('',#16101,1.);
#16101 = DIRECTION('',(0.,1.));
#16102 = ( GEOMETRIC_REPRESENTATION_CONTEXT(2) 
PARAMETRIC_REPRESENTATION_CONTEXT() REPRESENTATION_CONTEXT('2D SPACE',''
  ) );
#16103 = ADVANCED_FACE('',(#16104,#16152),#15910,.T.);
#16104 = FACE_BOUND('',#16105,.T.);
#16105 = EDGE_LOOP('',(#16106,#16129,#16130,#16131));
#16106 = ORIENTED_EDGE('',*,*,#16107,.F.);
#16107 = EDGE_CURVE('',#15867,#16108,#16110,.T.);
#16108 = VERTEX_POINT('',#16109);
#16109 = CARTESIAN_POINT('',(105.,2.4,3.3));
#16110 = SURFACE_CURVE('',#16111,(#16115,#16122),.PCURVE_S1.);
#16111 = LINE('',#16112,#16113);
#16112 = CARTESIAN_POINT('',(95.,2.4,3.3));
#16113 = VECTOR('',#16114,1.);
#16114 = DIRECTION('',(1.,0.,0.));
#16115 = PCURVE('',#15910,#16116);
#16116 = DEFINITIONAL_REPRESENTATION('',(#16117),#16121);
#16117 = LINE('',#16118,#16119);
#16118 = CARTESIAN_POINT('',(0.,0.));
#16119 = VECTOR('',#16120,1.);
#16120 = DIRECTION('',(0.,1.));
#16121 = ( GEOMETRIC_REPRESENTATION_CONTEXT(2) 
PARAMETRIC_REPRESENTATION_CONTEXT() REPRESENTATION_CONTEXT('2D SPACE',''
  ) );
#16122 = PCURVE('',#15882,#16123);
#16123 = DEFINITIONAL_REPRESENTATION('',(#16124),#16128);
#16124 = LINE('',#16125,#16126);
#16125 = CARTESIAN_POINT('',(0.,4.8));
#16126 = VECTOR('',#16127,1.);
#16127 = DIRECTION('',(1.,0.));
#16128 = ( GEOMETRIC_REPRESENTATION_CONTEXT(2) 
PARAMETRIC_REPRESENTATION_CONTEXT() REPRESENTATION_CONTEXT('2D SPACE',''
  ) );
#16129 = ORIENTED_EDGE('',*,*,#15894,.T.);
#16130 = ORIENTED_EDGE('',*,*,#16083,.T.);
#16131 = ORIENTED_EDGE('',*,*,#16132,.F.);
#16132 = EDGE_CURVE('',#16108,#16061,#16133,.T.);
#16133 = SURFACE_CURVE('',#16134,(#16138,#16145),.PCURVE_S1.);
#16134 = LINE('',#16135,#16136);
#16135 = CARTESIAN_POINT('',(105.,2.4,3.3));
#16136 = VECTOR('',#16137,1.);
#16137 = DIRECTION('',(0.,0.,1.));
#16138 = PCURVE('',#15910,#16139);
#16139 = DEFINITIONAL_REPRESENTATION('',(#16140),#16144);
#16140 = LINE('',#16141,#16142);
#16141 = CARTESIAN_POINT('',(0.,10.));
#16142 = VECTOR('',#16143,1.);
#16143 = DIRECTION('',(1.,0.));
#16144 = ( GEOMETRIC_REPRESENTATION_CONTEXT(2) 
PARAMETRIC_REPRESENTATION_CONTEXT() REPRESENTATION_CONTEXT('2D SPACE',''
  ) );
#16145 = PCURVE('',#16012,#16146);
#16146 = DEFINITIONAL_REPRESENTATION('',(#16147),#16151);
#16147 = LINE('',#16148,#16149);
#16148 = CARTESIAN_POINT('',(0.,-4.8));
#16149 = VECTOR('',#16150,1.);
#16150 = DIRECTION('',(1.,0.));
#16151 = ( GEOMETRIC_REPRESENTATION_CONTEXT(2) 
PARAMETRIC_REPRESENTATION_CONTEXT() REPRESENTATION_CONTEXT('2D SPACE',''
  ) );
#16152 = FACE_BOUND('',#16153,.T.);
#16153 = EDGE_LOOP('',(#16154));
#16154 = ORIENTED_EDGE('',*,*,#16155,.F.);
#16155 = EDGE_CURVE('',#16156,#16156,#16158,.T.);
#16156 = VERTEX_POINT('',#16157);
#16157 = CARTESIAN_POINT('',(100.,2.4,10.65));
#16158 = SURFACE_CURVE('',#16159,(#16164,#16171),.PCURVE_S1.);
#16159 = CIRCLE('',#16160,1.65);
#16160 = AXIS2_PLACEMENT_3D('',#16161,#16162,#16163);
#16161 = CARTESIAN_POINT('',(100.,2.4,9.));
#16162 = DIRECTION('',(0.,1.,0.));
#16163 = DIRECTION('',(0.,-0.,1.));
#16164 = PCURVE('',#15910,#16165);
#16165 = DEFINITIONAL_REPRESENTATION('',(#16166),#16170);
#16166 = CIRCLE('',#16167,1.65);
#16167 = AXIS2_PLACEMENT_2D('',#16168,#16169);
#16168 = CARTESIAN_POINT('',(5.7,5.));
#16169 = DIRECTION('',(1.,0.));
#16170 = ( GEOMETRIC_REPRESENTATION_CONTEXT(2) 
PARAMETRIC_REPRESENTATION_CONTEXT() REPRESENTATION_CONTEXT('2D SPACE',''
  ) );
#16171 = PCURVE('',#16043,#16172);
#16172 = DEFINITIONAL_REPRESENTATION('',(#16173),#16177);
#16173 = LINE('',#16174,#16175);
#16174 = CARTESIAN_POINT('',(0.,12.4));
#16175 = VECTOR('',#16176,1.);
#16176 = DIRECTION('',(1.,0.));
#16177 = ( GEOMETRIC_REPRESENTATION_CONTEXT(2) 
PARAMETRIC_REPRESENTATION_CONTEXT() REPRESENTATION_CONTEXT('2D SPACE',''
  ) );
#16178 = ADVANCED_FACE('',(#16179),#15882,.F.);
#16179 = FACE_BOUND('',#16180,.F.);
#16180 = EDGE_LOOP('',(#16181,#16182,#16183,#16204));
#16181 = ORIENTED_EDGE('',*,*,#15866,.F.);
#16182 = ORIENTED_EDGE('',*,*,#15951,.T.);
#16183 = ORIENTED_EDGE('',*,*,#16184,.T.);
#16184 = EDGE_CURVE('',#15952,#16108,#16185,.T.);
#16185 = SURFACE_CURVE('',#16186,(#16190,#16197),.PCURVE_S1.);
#16186 = LINE('',#16187,#16188);
#16187 = CARTESIAN_POINT('',(105.,-2.4,3.3));
#16188 = VECTOR('',#16189,1.);
#16189 = DIRECTION('',(0.,1.,0.));
#16190 = PCURVE('',#15882,#16191);
#16191 = DEFINITIONAL_REPRESENTATION('',(#16192),#16196);
#16192 = LINE('',#16193,#16194);
#16193 = CARTESIAN_POINT('',(10.,0.));
#16194 = VECTOR('',#16195,1.);
#16195 = DIRECTION('',(0.,1.));
#16196 = ( GEOMETRIC_REPRESENTATION_CONTEXT(2) 
PARAMETRIC_REPRESENTATION_CONTEXT() REPRESENTATION_CONTEXT('2D SPACE',''
  ) );
#16197 = PCURVE('',#16012,#16198);
#16198 = DEFINITIONAL_REPRESENTATION('',(#16199),#16203);
#16199 = LINE('',#16200,#16201);
#16200 = CARTESIAN_POINT('',(0.,0.));
#16201 = VECTOR('',#16202,1.);
#16202 = DIRECTION('',(0.,-1.));
#16203 = ( GEOMETRIC_REPRESENTATION_CONTEXT(2) 
PARAMETRIC_REPRESENTATION_CONTEXT() REPRESENTATION_CONTEXT('2D SPACE',''
  ) );
#16204 = ORIENTED_EDGE('',*,*,#16107,.F.);
#16205 = ADVANCED_FACE('',(#16206),#16012,.T.);
#16206 = FACE_BOUND('',#16207,.T.);
#16207 = EDGE_LOOP('',(#16208,#16209,#16210,#16211));
#16208 = ORIENTED_EDGE('',*,*,#15998,.F.);
#16209 = ORIENTED_EDGE('',*,*,#16184,.T.);
#16210 = ORIENTED_EDGE('',*,*,#16132,.T.);
#16211 = ORIENTED_EDGE('',*,*,#16060,.F.);
#16212 = ADVANCED_FACE('',(#16213),#16043,.F.);
#16213 = FACE_BOUND('',#16214,.F.);
#16214 = EDGE_LOOP('',(#16215,#16216,#16237,#16238));
#16215 = ORIENTED_EDGE('',*,*,#16155,.F.);
#16216 = ORIENTED_EDGE('',*,*,#16217,.F.);
#16217 = EDGE_CURVE('',#16027,#16156,#16218,.T.);
#16218 = SEAM_CURVE('',#16219,(#16223,#16230),.PCURVE_S1.);
#16219 = LINE('',#16220,#16221);
#16220 = CARTESIAN_POINT('',(100.,-10.,10.65));
#16221 = VECTOR('',#16222,1.);
#16222 = DIRECTION('',(0.,1.,0.));
#16223 = PCURVE('',#16043,#16224);
#16224 = DEFINITIONAL_REPRESENTATION('',(#16225),#16229);
#16225 = LINE('',#16226,#16227);
#16226 = CARTESIAN_POINT('',(6.28318530718,-0.));
#16227 = VECTOR('',#16228,1.);
#16228 = DIRECTION('',(0.,1.));
#16229 = ( GEOMETRIC_REPRESENTATION_CONTEXT(2) 
PARAMETRIC_REPRESENTATION_CONTEXT() REPRESENTATION_CONTEXT('2D SPACE',''
  ) );
#16230 = PCURVE('',#16043,#16231);
#16231 = DEFINITIONAL_REPRESENTATION('',(#16232),#16236);
#16232 = LINE('',#16233,#16234);
#16233 = CARTESIAN_POINT('',(0.,-0.));
#16234 = VECTOR('',#16235,1.);
#16235 = DIRECTION('',(0.,1.));
#16236 = ( GEOMETRIC_REPRESENTATION_CONTEXT(2) 
PARAMETRIC_REPRESENTATION_CONTEXT() REPRESENTATION_CONTEXT('2D SPACE',''
  ) );
#16237 = ORIENTED_EDGE('',*,*,#16026,.T.);
#16238 = ORIENTED_EDGE('',*,*,#16217,.T.);
#16239 = ( GEOMETRIC_REPRESENTATION_CONTEXT(3) 
GLOBAL_UNCERTAINTY_ASSIGNED_CONTEXT((#16243)) 
GLOBAL_UNIT_ASSIGNED_CONTEXT((#16240,#16241,#16242)) 
REPRESENTATION_CONTEXT('Context #1',
  '3D Context with UNIT and UNCERTAINTY') );
#16240 = ( LENGTH_UNIT() NAMED_UNIT(*) SI_UNIT(.MILLI.,.METRE.) );
#16241 = ( NAMED_UNIT(*) PLANE_ANGLE_UNIT() SI_UNIT($,.RADIAN.) );
#16242 = ( NAMED_UNIT(*) SI_UNIT($,.STERADIAN.) SOLID_ANGLE_UNIT() );
#16243 = UNCERTAINTY_MEASURE_WITH_UNIT(LENGTH_MEASURE(1.E-07),#16240,
  'distance_accuracy_value','confusion accuracy');
#16244 = CONTEXT_DEPENDENT_SHAPE_REPRESENTATION(#16245,#16247);
#16245 = ( REPRESENTATION_RELATIONSHIP('','',#15824,#10) 
REPRESENTATION_RELATIONSHIP_WITH_TRANSFORMATION(#16246) 
SHAPE_REPRESENTATION_RELATIONSHIP() );
#16246 = ITEM_DEFINED_TRANSFORMATION('','',#11,#23);
#16247 = PRODUCT_DEFINITION_SHAPE('Placement','Placement of an item',
  #16248);
#16248 = NEXT_ASSEMBLY_USAGE_OCCURRENCE('125','','',#5,#15819,$);
#16249 = PRODUCT_RELATED_PRODUCT_CATEGORY('part',$,(#15821));
ENDSEC;
END-ISO-10303-21;
